candidate_id,asset_path,asset_type,modality,file_exists,extension,size_mb,preview_width,preview_height,header_check_mode,sha256_small_file,duplicate_flag,preflight_status,blocked_reason
CUR_00038,patches/thumbnails/curitiba/curitiba_00038__rgb_preview.png,RGB_PREVIEW_PNG,rgb_preview,yes,.png,0.009157,64,64,PIL_HEADER_ONLY,e5a8f0dec61b5c8b4417b3dbabe62c48e6952459b505e7a39a958bbecb96cceb,,BLOCKED,NOT_FOR_DATALOADER_TRAINING_ONLY_VISUAL_QA
CUR_00038,data/sentinel/patch_curitiba_00038.tif,SENTINEL_TIF_ASSET,sentinel_raster_path_only,yes,.tif,0.147620,,,PATH_SIZE_EXTENSION_ONLY,ec8b4cab111f1a5a1bef6a62006116edf30e28378c2020e75bef4cac009faddd,,SAFE_FOR_REVIEW_ONLY,
CUR_00038,patches/stacks/curitiba/patch_curitiba_00038.npy,MULTIMODAL_STACK_NPY,multimodal_stack_path_only,yes,.npy,0.156372,,,PATH_SIZE_EXTENSION_ONLY,f85563bd8a57fd69d8ee77db83f8e53cc150470acdd7141dc7bff6e7ea3b9f48,,SAFE_FOR_REVIEW_ONLY,
CUR_00249,patches/thumbnails/curitiba/curitiba_00249__rgb_preview.png,RGB_PREVIEW_PNG,rgb_preview,yes,.png,0.009964,64,64,PIL_HEADER_ONLY,4d0e5d918b516f6b012718bd851e18747f0a706fa5b51d0933d924cfe28258c6,,BLOCKED,NOT_FOR_DATALOADER_TRAINING_ONLY_VISUAL_QA
CUR_00249,data/sentinel/patch_curitiba_00249.tif,SENTINEL_TIF_ASSET,sentinel_raster_path_only,yes,.tif,0.147300,,,PATH_SIZE_EXTENSION_ONLY,da4a44f7ba3e306e24d129f6f1f8e9817c1d78e09652a0e7b462b52ed107e8d3,,SAFE_FOR_REVIEW_ONLY,
CUR_00249,patches/stacks/curitiba/patch_curitiba_00249.npy,MULTIMODAL_STACK_NPY,multimodal_stack_path_only,yes,.npy,0.156372,,,PATH_SIZE_EXTENSION_ONLY,91d2b1b21af8c602c93c3b2139a7a760a38577a0fb5d43b9e259dd6332d4b6a1,,SAFE_FOR_REVIEW_ONLY,
CUR_00350,patches/thumbnails/curitiba/curitiba_00350__rgb_preview.png,RGB_PREVIEW_PNG,rgb_preview,yes,.png,0.010130,64,64,PIL_HEADER_ONLY,76766061e6c2fd3f5bdfb65c34f825c3ed84a41bd9a7d5dece618cba272989e5,,BLOCKED,NOT_FOR_DATALOADER_TRAINING_ONLY_VISUAL_QA
CUR_00350,data/sentinel/patch_curitiba_00350.tif,SENTINEL_TIF_ASSET,sentinel_raster_path_only,yes,.tif,0.146521,,,PATH_SIZE_EXTENSION_ONLY,292c2ff22b99c8ae461bc93fc6d0761ed22c1220e5f3750d624829cc05f89200,,SAFE_FOR_REVIEW_ONLY,
CUR_00350,patches/stacks/curitiba/patch_curitiba_00350.npy,MULTIMODAL_STACK_NPY,multimodal_stack_path_only,yes,.npy,0.156372,,,PATH_SIZE_EXTENSION_ONLY,fc6f0787dba02531758c5f0cfcac78b74711be1ceffbf9b9d58853ca7f7b4b1a,,SAFE_FOR_REVIEW_ONLY,
CUR_00357,patches/thumbnails/curitiba/curitiba_00357__rgb_preview.png,RGB_PREVIEW_PNG,rgb_preview,yes,.png,0.009111,64,64,PIL_HEADER_ONLY,175cd55c506c7150d87d273d2cb637595117fdfce32b62da7f7ce0c92cf31b82,,BLOCKED,NOT_FOR_DATALOADER_TRAINING_ONLY_VISUAL_QA
CUR_00357,data/sentinel/patch_curitiba_00357.tif,SENTINEL_TIF_ASSET,sentinel_raster_path_only,yes,.tif,0.147065,,,PATH_SIZE_EXTENSION_ONLY,80541fd0997bc6702c2c5fd25ed24e9f3cc07366d860cec2a17c092eb30dd9e9,,SAFE_FOR_REVIEW_ONLY,
CUR_00357,patches/stacks/curitiba/patch_curitiba_00357.npy,MULTIMODAL_STACK_NPY,multimodal_stack_path_only,yes,.npy,0.156372,,,PATH_SIZE_EXTENSION_ONLY,93f492bcccc74267b63c06fc1c24497df8700d8f2071f25d9ff4966dd43b829a,,SAFE_FOR_REVIEW_ONLY,
CUR_00367,patches/thumbnails/curitiba/curitiba_00367__rgb_preview.png,RGB_PREVIEW_PNG,rgb_preview,yes,.png,0.010028,64,64,PIL_HEADER_ONLY,6bec23b318e96d56d79845d1beb9cfaf08eb55adaea808a88b2fca135c1a0d3e,,BLOCKED,NOT_FOR_DATALOADER_TRAINING_ONLY_VISUAL_QA
CUR_00367,data/sentinel/patch_curitiba_00367.tif,SENTINEL_TIF_ASSET,sentinel_raster_path_only,yes,.tif,0.147740,,,PATH_SIZE_EXTENSION_ONLY,dea73c5ad08d6e78877f920f1156238d9f1454280a3761dd46560d148b817f02,,SAFE_FOR_REVIEW_ONLY,
CUR_00367,patches/stacks/curitiba/patch_curitiba_00367.npy,MULTIMODAL_STACK_NPY,multimodal_stack_path_only,yes,.npy,0.156372,,,PATH_SIZE_EXTENSION_ONLY,2a358c8e6b2d2c94c1b8056a3970a88a17440ecfcd1d7d00976f12a5c4c6d7f3,,SAFE_FOR_REVIEW_ONLY,
CUR_00402,patches/thumbnails/curitiba/curitiba_00402__rgb_preview.png,RGB_PREVIEW_PNG,rgb_preview,yes,.png,0.010404,64,64,PIL_HEADER_ONLY,b3423276cd9082903c8ed3dccef3a8e0815ad8b7c4328c857c4e0d51de92a5b8,,BLOCKED,NOT_FOR_DATALOADER_TRAINING_ONLY_VISUAL_QA
CUR_00402,data/sentinel/patch_curitiba_00402.tif,SENTINEL_TIF_ASSET,sentinel_raster_path_only,yes,.tif,0.144206,,,PATH_SIZE_EXTENSION_ONLY,7be03843037ab8495237443be1ca6885c5801fc29fcb5793cf918ce66fbc951f,,SAFE_FOR_REVIEW_ONLY,
CUR_00402,patches/stacks/curitiba/patch_curitiba_00402.npy,MULTIMODAL_STACK_NPY,multimodal_stack_path_only,yes,.npy,0.156372,,,PATH_SIZE_EXTENSION_ONLY,71d3046052057c62044893b9e308fc4ea6cbf24a94122ff1677950e0ad219fc9,,SAFE_FOR_REVIEW_ONLY,
CUR_00409,patches/thumbnails/curitiba/curitiba_00409__rgb_preview.png,RGB_PREVIEW_PNG,rgb_preview,yes,.png,0.009418,64,64,PIL_HEADER_ONLY,f1bcb99e7d1b9ca8d846deb7818d9045052b2e0371c317ef54eeabf0fde0f761,,BLOCKED,NOT_FOR_DATALOADER_TRAINING_ONLY_VISUAL_QA
CUR_00409,data/sentinel/patch_curitiba_00409.tif,SENTINEL_TIF_ASSET,sentinel_raster_path_only,yes,.tif,0.144067,,,PATH_SIZE_EXTENSION_ONLY,7c57989330a4650957b72a33c6df882da48051f0e49b30fa4c8161e10338be6c,,SAFE_FOR_REVIEW_ONLY,
CUR_00409,patches/stacks/curitiba/patch_curitiba_00409.npy,MULTIMODAL_STACK_NPY,multimodal_stack_path_only,yes,.npy,0.156372,,,PATH_SIZE_EXTENSION_ONLY,ff9158326046821304744dd3bbbe97df74b3d33e9d3445f22faf9632d8ea9a12,,SAFE_FOR_REVIEW_ONLY,
CUR_00410,patches/thumbnails/curitiba/curitiba_00410__rgb_preview.png,RGB_PREVIEW_PNG,rgb_preview,yes,.png,0.010661,64,64,PIL_HEADER_ONLY,257db32b4d4196f35ffd7c7ea6b93d6041d8f2cbd492c0c6b470dffeb78a2253,,BLOCKED,NOT_FOR_DATALOADER_TRAINING_ONLY_VISUAL_QA
CUR_00410,data/sentinel/patch_curitiba_00410.tif,SENTINEL_TIF_ASSET,sentinel_raster_path_only,yes,.tif,0.144785,,,PATH_SIZE_EXTENSION_ONLY,68f8189544bf7e7bceb5cfaf26fddc5d7ef17b6f7e14bb34c431d972c762aa91,,SAFE_FOR_REVIEW_ONLY,
CUR_00410,patches/stacks/curitiba/patch_curitiba_00410.npy,MULTIMODAL_STACK_NPY,multimodal_stack_path_only,yes,.npy,0.156372,,,PATH_SIZE_EXTENSION_ONLY,d87cdb060af73c4b50d564c0d1309794438798c46f4d01be690ba66da9aea426,,SAFE_FOR_REVIEW_ONLY,
CUR_00413,patches/thumbnails/curitiba/curitiba_00413__rgb_preview.png,RGB_PREVIEW_PNG,rgb_preview,yes,.png,0.010470,64,64,PIL_HEADER_ONLY,2b9c2118ae47d81b7106fc56a4d89ec82e468e7abb813bfe0690482f9765a7e3,,BLOCKED,NOT_FOR_DATALOADER_TRAINING_ONLY_VISUAL_QA
CUR_00413,data/sentinel/patch_curitiba_00413.tif,SENTINEL_TIF_ASSET,sentinel_raster_path_only,yes,.tif,0.144542,,,PATH_SIZE_EXTENSION_ONLY,20bd681c03df676ff3cdf09110167453e661272793fd6ad81a1ff3beb9e62351,,SAFE_FOR_REVIEW_ONLY,
CUR_00413,patches/stacks/curitiba/patch_curitiba_00413.npy,MULTIMODAL_STACK_NPY,multimodal_stack_path_only,yes,.npy,0.156372,,,PATH_SIZE_EXTENSION_ONLY,16eab7614b9517f307cb4ec5a5973e08cba989752b485bc98d3b73f806295074,,SAFE_FOR_REVIEW_ONLY,
CUR_00416,patches/thumbnails/curitiba/curitiba_00416__rgb_preview.png,RGB_PREVIEW_PNG,rgb_preview,yes,.png,0.009463,64,64,PIL_HEADER_ONLY,571c07ab73b9db4cdc4aff085afcfdee36150a062831406de4f945e8b4eaf4ab,,BLOCKED,NOT_FOR_DATALOADER_TRAINING_ONLY_VISUAL_QA
CUR_00416,data/sentinel/patch_curitiba_00416.tif,SENTINEL_TIF_ASSET,sentinel_raster_path_only,yes,.tif,0.145983,,,PATH_SIZE_EXTENSION_ONLY,d7c820760715044c5c0308128487061e8e3d977f9d5c43f6d75cb254ce57c180,,SAFE_FOR_REVIEW_ONLY,
CUR_00416,patches/stacks/curitiba/patch_curitiba_00416.npy,MULTIMODAL_STACK_NPY,multimodal_stack_path_only,yes,.npy,0.156372,,,PATH_SIZE_EXTENSION_ONLY,2e70c324dbf186a14b63c372efc6d31a7eeaeedb8f8b7c82a33aab5c0c31c201,,SAFE_FOR_REVIEW_ONLY,
CUR_00445,patches/thumbnails/curitiba/curitiba_00445__rgb_preview.png,RGB_PREVIEW_PNG,rgb_preview,yes,.png,0.010032,64,64,PIL_HEADER_ONLY,f9260dacfc3418b62a187edb08381487ae2cb01576260db1b2880be07497581a,,BLOCKED,NOT_FOR_DATALOADER_TRAINING_ONLY_VISUAL_QA
CUR_00445,data/sentinel/patch_curitiba_00445.tif,SENTINEL_TIF_ASSET,sentinel_raster_path_only,yes,.tif,0.147952,,,PATH_SIZE_EXTENSION_ONLY,2733a2b66050da1e6334384ed965d6f355b43316b8f6620791666b2b6391db3f,,SAFE_FOR_REVIEW_ONLY,
CUR_00445,patches/stacks/curitiba/patch_curitiba_00445.npy,MULTIMODAL_STACK_NPY,multimodal_stack_path_only,yes,.npy,0.156372,,,PATH_SIZE_EXTENSION_ONLY,4918e3687caecdfa676048dec508160e6aa27c7b898cc3d707de0f3e1623a762,,SAFE_FOR_REVIEW_ONLY,
CUR_00446,patches/thumbnails/curitiba/curitiba_00446__rgb_preview.png,RGB_PREVIEW_PNG,rgb_preview,yes,.png,0.010494,64,64,PIL_HEADER_ONLY,0bd7d409f679220049bc70f71507a579e9116b95e2ceecc788428327c3ee86f7,,BLOCKED,NOT_FOR_DATALOADER_TRAINING_ONLY_VISUAL_QA
CUR_00446,data/sentinel/patch_curitiba_00446.tif,SENTINEL_TIF_ASSET,sentinel_raster_path_only,yes,.tif,0.145210,,,PATH_SIZE_EXTENSION_ONLY,a5e78cd277206809d048f84b05057d6c9b781543dae268c063fa0f4feef220bb,,SAFE_FOR_REVIEW_ONLY,
CUR_00446,patches/stacks/curitiba/patch_curitiba_00446.npy,MULTIMODAL_STACK_NPY,multimodal_stack_path_only,yes,.npy,0.156372,,,PATH_SIZE_EXTENSION_ONLY,e2398a48667be38a3fde7b81558cad36a67c60e97824d59783c2649c1a4d1605,,SAFE_FOR_REVIEW_ONLY,
CUR_00597,patches/thumbnails/curitiba/curitiba_00597__rgb_preview.png,RGB_PREVIEW_PNG,rgb_preview,yes,.png,0.009780,64,64,PIL_HEADER_ONLY,380f044bda10fec914ba78560e6e0ab57a8d01824f98e1561ae4e2875cca2851,,BLOCKED,NOT_FOR_DATALOADER_TRAINING_ONLY_VISUAL_QA
CUR_00597,data/sentinel/patch_curitiba_00597.tif,SENTINEL_TIF_ASSET,sentinel_raster_path_only,yes,.tif,0.144977,,,PATH_SIZE_EXTENSION_ONLY,d4b1044fa0eee8592fd7b4d46cedd260f232873989e147a848ae4a6209316a30,,SAFE_FOR_REVIEW_ONLY,
CUR_00597,patches/stacks/curitiba/patch_curitiba_00597.npy,MULTIMODAL_STACK_NPY,multimodal_stack_path_only,yes,.npy,0.156372,,,PATH_SIZE_EXTENSION_ONLY,3070f8095c370758ad4639e4797258de50b8d797960e1482b5461e0c4b492fea,,SAFE_FOR_REVIEW_ONLY,
CUR_00661,patches/thumbnails/curitiba/curitiba_00661__rgb_preview.png,RGB_PREVIEW_PNG,rgb_preview,yes,.png,0.010164,64,64,PIL_HEADER_ONLY,bb6ba917c176ba51f6dbda5d282b7c4b2658944ea10bdb3d5a6fdf294515ec43,,BLOCKED,NOT_FOR_DATALOADER_TRAINING_ONLY_VISUAL_QA
CUR_00661,data/sentinel/patch_curitiba_00661.tif,SENTINEL_TIF_ASSET,sentinel_raster_path_only,yes,.tif,0.145176,,,PATH_SIZE_EXTENSION_ONLY,6a2e9a42a492ed3d879b8a7d26d3a154db6c11dfa0c34eb6ec98a6d6b7f1b860,,SAFE_FOR_REVIEW_ONLY,
CUR_00661,patches/stacks/curitiba/patch_curitiba_00661.npy,MULTIMODAL_STACK_NPY,multimodal_stack_path_only,yes,.npy,0.156372,,,PATH_SIZE_EXTENSION_ONLY,186162b60158fe74a5f3adeffe4f2fb66c00d74ba4e0f67e9359b02401058610,,SAFE_FOR_REVIEW_ONLY,
CUR_00662,patches/thumbnails/curitiba/curitiba_00662__rgb_preview.png,RGB_PREVIEW_PNG,rgb_preview,yes,.png,0.008935,64,64,PIL_HEADER_ONLY,519763794a665f68d28cf17026710a35cce7a65bf955b9c18eaa2ef39208d36f,,BLOCKED,NOT_FOR_DATALOADER_TRAINING_ONLY_VISUAL_QA
CUR_00662,data/sentinel/patch_curitiba_00662.tif,SENTINEL_TIF_ASSET,sentinel_raster_path_only,yes,.tif,0.144682,,,PATH_SIZE_EXTENSION_ONLY,21d1d1df4dcfa13e259a4b8f7ff6826b019ceefb5f99b2866e47d098e4d355cf,,SAFE_FOR_REVIEW_ONLY,
CUR_00662,patches/stacks/curitiba/patch_curitiba_00662.npy,MULTIMODAL_STACK_NPY,multimodal_stack_path_only,yes,.npy,0.156372,,,PATH_SIZE_EXTENSION_ONLY,a35b9355394f7adad4677a5a14ab35bb2f72b6da38ff545f385dd02a11261079,,SAFE_FOR_REVIEW_ONLY,
CUR_00695,patches/thumbnails/curitiba/curitiba_00695__rgb_preview.png,RGB_PREVIEW_PNG,rgb_preview,yes,.png,0.008781,64,64,PIL_HEADER_ONLY,0df7c5e9010a9f3d1a3e6607f0a8c67ec020cef553ebc836e1930e6f998cf146,,BLOCKED,NOT_FOR_DATALOADER_TRAINING_ONLY_VISUAL_QA
CUR_00695,data/sentinel/patch_curitiba_00695.tif,SENTINEL_TIF_ASSET,sentinel_raster_path_only,yes,.tif,0.143116,,,PATH_SIZE_EXTENSION_ONLY,88675390e41773bc355ce39fdcdd90188d760ff99dbcd0ced3d6e92d041395fb,,SAFE_FOR_REVIEW_ONLY,
CUR_00695,patches/stacks/curitiba/patch_curitiba_00695.npy,MULTIMODAL_STACK_NPY,multimodal_stack_path_only,yes,.npy,0.156372,,,PATH_SIZE_EXTENSION_ONLY,6c55136d588fa042e2627828724ee5d35da363fed7d0f0fbce2d750e9535ff29,,SAFE_FOR_REVIEW_ONLY,
CUR_00728,patches/thumbnails/curitiba/curitiba_00728__rgb_preview.png,RGB_PREVIEW_PNG,rgb_preview,yes,.png,0.010081,64,64,PIL_HEADER_ONLY,e78a188a03641d7c3762da70c94537535d4d27cf8f1dc4756774c63c9b3d68c9,,BLOCKED,NOT_FOR_DATALOADER_TRAINING_ONLY_VISUAL_QA
CUR_00728,data/sentinel/patch_curitiba_00728.tif,SENTINEL_TIF_ASSET,sentinel_raster_path_only,yes,.tif,0.137454,,,PATH_SIZE_EXTENSION_ONLY,9fa78b1eec12fad7bc754d7a68d1f28d51b3e56c2488e1594788b08fe9ad992b,,SAFE_FOR_REVIEW_ONLY,
CUR_00728,patches/stacks/curitiba/patch_curitiba_00728.npy,MULTIMODAL_STACK_NPY,multimodal_stack_path_only,yes,.npy,0.156372,,,PATH_SIZE_EXTENSION_ONLY,686e198f330177f977daf4e9526ad09ed4f74dc0d9ff3d75d36a1c4559328ca5,,SAFE_FOR_REVIEW_ONLY,
CUR_00740,patches/thumbnails/curitiba/curitiba_00740__rgb_preview.png,RGB_PREVIEW_PNG,rgb_preview,yes,.png,0.008904,64,64,PIL_HEADER_ONLY,70ed9e1e73fcf6edb592cae7c88791efd8a69d0da4ed171238be2c1de7537323,,BLOCKED,NOT_FOR_DATALOADER_TRAINING_ONLY_VISUAL_QA
CUR_00740,data/sentinel/patch_curitiba_00740.tif,SENTINEL_TIF_ASSET,sentinel_raster_path_only,yes,.tif,0.145223,,,PATH_SIZE_EXTENSION_ONLY,0d5fc057b11697a44097366c88514819e6581212be434abd46cd607ca3f0d45f,,SAFE_FOR_REVIEW_ONLY,
CUR_00740,patches/stacks/curitiba/patch_curitiba_00740.npy,MULTIMODAL_STACK_NPY,multimodal_stack_path_only,yes,.npy,0.156372,,,PATH_SIZE_EXTENSION_ONLY,9bb67bae46cc673e1e3cc9e152fa067f3f692a711b818721e78995c7e3c3c585,,SAFE_FOR_REVIEW_ONLY,
CUR_00887,patches/thumbnails/curitiba/curitiba_00887__rgb_preview.png,RGB_PREVIEW_PNG,rgb_preview,yes,.png,0.009317,64,64,PIL_HEADER_ONLY,e181637121ec520d030439f7f0ad7f4fb549cf862f3c78cf8001680ba2541844,,BLOCKED,NOT_FOR_DATALOADER_TRAINING_ONLY_VISUAL_QA
CUR_00887,data/sentinel/patch_curitiba_00887.tif,SENTINEL_TIF_ASSET,sentinel_raster_path_only,yes,.tif,0.144762,,,PATH_SIZE_EXTENSION_ONLY,bbf35639067782657c1c44409db18fcdf32e571d664a382aad0e1c2b2599e242,,SAFE_FOR_REVIEW_ONLY,
CUR_00887,patches/stacks/curitiba/patch_curitiba_00887.npy,MULTIMODAL_STACK_NPY,multimodal_stack_path_only,yes,.npy,0.156372,,,PATH_SIZE_EXTENSION_ONLY,0696dbe90ccd9003b64d86c8ae5f5a3aee77ddb4303ed11f038847ae2a32dae1,,SAFE_FOR_REVIEW_ONLY,
CUR_00888,patches/thumbnails/curitiba/curitiba_00888__rgb_preview.png,RGB_PREVIEW_PNG,rgb_preview,yes,.png,0.010152,64,64,PIL_HEADER_ONLY,5f8ed33056833ee7bfeda5b1188bb1497bc07ebef3ab132d64cd5b1daa9ad7ec,,BLOCKED,NOT_FOR_DATALOADER_TRAINING_ONLY_VISUAL_QA
CUR_00888,data/sentinel/patch_curitiba_00888.tif,SENTINEL_TIF_ASSET,sentinel_raster_path_only,yes,.tif,0.149361,,,PATH_SIZE_EXTENSION_ONLY,ea27cd9bf5bccd824640cde93db5062915e59f1d818c1089a4db567c1b127efd,,SAFE_FOR_REVIEW_ONLY,
CUR_00888,patches/stacks/curitiba/patch_curitiba_00888.npy,MULTIMODAL_STACK_NPY,multimodal_stack_path_only,yes,.npy,0.156372,,,PATH_SIZE_EXTENSION_ONLY,5a65e299d9f6a4342601e8e822b03462b457a98a5fa7ef01953e3412e546ba91,,SAFE_FOR_REVIEW_ONLY,
CUR_00889,patches/thumbnails/curitiba/curitiba_00889__rgb_preview.png,RGB_PREVIEW_PNG,rgb_preview,yes,.png,0.009909,64,64,PIL_HEADER_ONLY,06cfc4fb32b912032c0787e552e84956004463a3d768953e78fe27f707fe0edf,,BLOCKED,NOT_FOR_DATALOADER_TRAINING_ONLY_VISUAL_QA
CUR_00889,data/sentinel/patch_curitiba_00889.tif,SENTINEL_TIF_ASSET,sentinel_raster_path_only,yes,.tif,0.145017,,,PATH_SIZE_EXTENSION_ONLY,ffcdb6b7ed890b7f394859e1c632757eb89211db2ff2bf94dea410f8e17e9c7b,,SAFE_FOR_REVIEW_ONLY,
CUR_00889,patches/stacks/curitiba/patch_curitiba_00889.npy,MULTIMODAL_STACK_NPY,multimodal_stack_path_only,yes,.npy,0.156372,,,PATH_SIZE_EXTENSION_ONLY,e3708102374acaee231c59372d7063f46ad31916873856e3b2fde053ed7a3a89,,SAFE_FOR_REVIEW_ONLY,
CUR_00895,patches/thumbnails/curitiba/curitiba_00895__rgb_preview.png,RGB_PREVIEW_PNG,rgb_preview,yes,.png,0.010669,64,64,PIL_HEADER_ONLY,ea35065c4010df53372e20d267c314899c3a2e3fe75e013f7b172afc93b7088d,,BLOCKED,NOT_FOR_DATALOADER_TRAINING_ONLY_VISUAL_QA
CUR_00895,data/sentinel/patch_curitiba_00895.tif,SENTINEL_TIF_ASSET,sentinel_raster_path_only,yes,.tif,0.144925,,,PATH_SIZE_EXTENSION_ONLY,b8148a54bbab7715b215e46d551c804cb55521d04a959425c8d437ddccfe4488,,SAFE_FOR_REVIEW_ONLY,
CUR_00895,patches/stacks/curitiba/patch_curitiba_00895.npy,MULTIMODAL_STACK_NPY,multimodal_stack_path_only,yes,.npy,0.156372,,,PATH_SIZE_EXTENSION_ONLY,555a63c1514b6843b7cec5d77a8da4ed70565f5c32bbf2bf82bf58dfbe809382,,SAFE_FOR_REVIEW_ONLY,
CUR_00899,patches/thumbnails/curitiba/curitiba_00899__rgb_preview.png,RGB_PREVIEW_PNG,rgb_preview,yes,.png,0.009574,64,64,PIL_HEADER_ONLY,76781476eb88ba165fc68234b7f6a78bf9e94d36d6ad0300a8fbc04e95f15087,,BLOCKED,NOT_FOR_DATALOADER_TRAINING_ONLY_VISUAL_QA
CUR_00899,data/sentinel/patch_curitiba_00899.tif,SENTINEL_TIF_ASSET,sentinel_raster_path_only,yes,.tif,0.147563,,,PATH_SIZE_EXTENSION_ONLY,56b487d11311e62e104f18931b637c6d07d5d75ab4951bc3f2a080e039c79ae0,,SAFE_FOR_REVIEW_ONLY,
CUR_00899,patches/stacks/curitiba/patch_curitiba_00899.npy,MULTIMODAL_STACK_NPY,multimodal_stack_path_only,yes,.npy,0.156372,,,PATH_SIZE_EXTENSION_ONLY,e4c8da56e3a998e5aa808082299f5af9d61c5f03bf4b6d997bed02c94063c617,,SAFE_FOR_REVIEW_ONLY,
CUR_00924,patches/thumbnails/curitiba/curitiba_00924__rgb_preview.png,RGB_PREVIEW_PNG,rgb_preview,yes,.png,0.010202,64,64,PIL_HEADER_ONLY,e4d87db2b4a30068041765f88d2bb1ee75638f26dab77226d6eb58e9dfe1ed7f,,BLOCKED,NOT_FOR_DATALOADER_TRAINING_ONLY_VISUAL_QA
CUR_00924,data/sentinel/patch_curitiba_00924.tif,SENTINEL_TIF_ASSET,sentinel_raster_path_only,yes,.tif,0.146556,,,PATH_SIZE_EXTENSION_ONLY,5ac820b1bb002e1bfba09b793e2374a773e2c3bbbd6702244c00359629323908,,SAFE_FOR_REVIEW_ONLY,
CUR_00924,patches/stacks/curitiba/patch_curitiba_00924.npy,MULTIMODAL_STACK_NPY,multimodal_stack_path_only,yes,.npy,0.156372,,,PATH_SIZE_EXTENSION_ONLY,abc44143f7bbc92bd4a330fa03fcd07acf4c0f1680ed64caf4fd2cfbe3049a85,,SAFE_FOR_REVIEW_ONLY,
CUR_00930,patches/thumbnails/curitiba/curitiba_00930__rgb_preview.png,RGB_PREVIEW_PNG,rgb_preview,yes,.png,0.009974,64,64,PIL_HEADER_ONLY,dfe0f782ebbe16f992b4abb87d927f742b14cf04d207b589a2bcc194dbfc6cb1,,BLOCKED,NOT_FOR_DATALOADER_TRAINING_ONLY_VISUAL_QA
CUR_00930,data/sentinel/patch_curitiba_00930.tif,SENTINEL_TIF_ASSET,sentinel_raster_path_only,yes,.tif,0.151023,,,PATH_SIZE_EXTENSION_ONLY,d06b718fc3b87e5d73ed61248b1b7768d7ba8c42bfce9bc88004b3befe912b9b,,SAFE_FOR_REVIEW_ONLY,
CUR_00930,patches/stacks/curitiba/patch_curitiba_00930.npy,MULTIMODAL_STACK_NPY,multimodal_stack_path_only,yes,.npy,0.156372,,,PATH_SIZE_EXTENSION_ONLY,81d33e86c452ca14457722292b9a753fd6f7df80df3b1d94da910095130e8af7,,SAFE_FOR_REVIEW_ONLY,
CUR_00934,patches/thumbnails/curitiba/curitiba_00934__rgb_preview.png,RGB_PREVIEW_PNG,rgb_preview,yes,.png,0.009927,64,64,PIL_HEADER_ONLY,0fb80225d67d70391a5111f8b428cd5bdcc74e307dca1553fed71740bce5b666,,BLOCKED,NOT_FOR_DATALOADER_TRAINING_ONLY_VISUAL_QA
CUR_00934,data/sentinel/patch_curitiba_00934.tif,SENTINEL_TIF_ASSET,sentinel_raster_path_only,yes,.tif,0.145110,,,PATH_SIZE_EXTENSION_ONLY,0f97823a5a95a2def089bcc6d02b8fefb499eeb62fc17770d0cfb680c6bf12d5,,SAFE_FOR_REVIEW_ONLY,
CUR_00934,patches/stacks/curitiba/patch_curitiba_00934.npy,MULTIMODAL_STACK_NPY,multimodal_stack_path_only,yes,.npy,0.156372,,,PATH_SIZE_EXTENSION_ONLY,ff64799dfca9e4e8dcb6d77587c1b24f4654e5296dd57707f7399939cad43727,,SAFE_FOR_REVIEW_ONLY,
CUR_00936,patches/thumbnails/curitiba/curitiba_00936__rgb_preview.png,RGB_PREVIEW_PNG,rgb_preview,yes,.png,0.009269,64,64,PIL_HEADER_ONLY,67e161af38aa64c9b76c5e24343a4370e9690bcda67f94e0c30fdcfeaf37afff,,BLOCKED,NOT_FOR_DATALOADER_TRAINING_ONLY_VISUAL_QA
CUR_00936,data/sentinel/patch_curitiba_00936.tif,SENTINEL_TIF_ASSET,sentinel_raster_path_only,yes,.tif,0.146873,,,PATH_SIZE_EXTENSION_ONLY,4df4de36e23ce41cae8269b9c7e6f9fdeb94b396250b8e82c94962cf4f0b9714,,SAFE_FOR_REVIEW_ONLY,
CUR_00936,patches/stacks/curitiba/patch_curitiba_00936.npy,MULTIMODAL_STACK_NPY,multimodal_stack_path_only,yes,.npy,0.156372,,,PATH_SIZE_EXTENSION_ONLY,6fef611c3559f802d511d22a14f2a66c726fe50bced7e1447e8598b423128f18,,SAFE_FOR_REVIEW_ONLY,
CUR_00960,patches/thumbnails/curitiba/curitiba_00960__rgb_preview.png,RGB_PREVIEW_PNG,rgb_preview,yes,.png,0.010121,64,64,PIL_HEADER_ONLY,92a98a13faeb2827129825658ad6c9a0cf0163a36ecb8961527a60241f06117a,,BLOCKED,NOT_FOR_DATALOADER_TRAINING_ONLY_VISUAL_QA
CUR_00960,data/sentinel/patch_curitiba_00960.tif,SENTINEL_TIF_ASSET,sentinel_raster_path_only,yes,.tif,0.147670,,,PATH_SIZE_EXTENSION_ONLY,0241ef9b881d6f45ea8a30817ea24ac2e85f91f6d859d459aececa6c98f61768,,SAFE_FOR_REVIEW_ONLY,
CUR_00960,patches/stacks/curitiba/patch_curitiba_00960.npy,MULTIMODAL_STACK_NPY,multimodal_stack_path_only,yes,.npy,0.156372,,,PATH_SIZE_EXTENSION_ONLY,d445d728e0f91e7890752a9039cd42bbe38d8e21f6fafced2d46b4140c9d593d,,SAFE_FOR_REVIEW_ONLY,
CUR_00969,patches/thumbnails/curitiba/curitiba_00969__rgb_preview.png,RGB_PREVIEW_PNG,rgb_preview,yes,.png,0.010116,64,64,PIL_HEADER_ONLY,1d13a081f2e6b0fa65011b15e4032d93c079e50910d5eb6fa4a824fbf4c4e83e,,BLOCKED,NOT_FOR_DATALOADER_TRAINING_ONLY_VISUAL_QA
CUR_00969,data/sentinel/patch_curitiba_00969.tif,SENTINEL_TIF_ASSET,sentinel_raster_path_only,yes,.tif,0.148854,,,PATH_SIZE_EXTENSION_ONLY,1ed5e37e303de6d6af689bf13e100fed89d3158265bc8bac0c1093432843a43d,,SAFE_FOR_REVIEW_ONLY,
CUR_00969,patches/stacks/curitiba/patch_curitiba_00969.npy,MULTIMODAL_STACK_NPY,multimodal_stack_path_only,yes,.npy,0.156372,,,PATH_SIZE_EXTENSION_ONLY,e8b5bf5275b540ad4d8e0b912ef1db9b59c7d80958f921ae27c50a4e9d73dc40,,SAFE_FOR_REVIEW_ONLY,
CUR_00977,patches/thumbnails/curitiba/curitiba_00977__rgb_preview.png,RGB_PREVIEW_PNG,rgb_preview,yes,.png,0.009517,64,64,PIL_HEADER_ONLY,a3ffdebae09404ce3ffa588ec71696a3916a79974b226470159282cca7cf7514,,BLOCKED,NOT_FOR_DATALOADER_TRAINING_ONLY_VISUAL_QA
CUR_00977,data/sentinel/patch_curitiba_00977.tif,SENTINEL_TIF_ASSET,sentinel_raster_path_only,yes,.tif,0.147698,,,PATH_SIZE_EXTENSION_ONLY,98750f4d2dc1ef8dd04504ff9fd43ba30a349f5407ca815aa89d6255bcc7202c,,SAFE_FOR_REVIEW_ONLY,
CUR_00977,patches/stacks/curitiba/patch_curitiba_00977.npy,MULTIMODAL_STACK_NPY,multimodal_stack_path_only,yes,.npy,0.156372,,,PATH_SIZE_EXTENSION_ONLY,5adc25f1ab22683bc34802df7e1ba6e6c5ce2597ae83204f2fc98d6937c54f3e,,SAFE_FOR_REVIEW_ONLY,
CUR_00992,patches/thumbnails/curitiba/curitiba_00992__rgb_preview.png,RGB_PREVIEW_PNG,rgb_preview,yes,.png,0.009790,64,64,PIL_HEADER_ONLY,59ce83ee5265f22f0c750767e806e3f3de36e50a172a8ba8d2bf168cd2b1cf05,,BLOCKED,NOT_FOR_DATALOADER_TRAINING_ONLY_VISUAL_QA
CUR_00992,data/sentinel/patch_curitiba_00992.tif,SENTINEL_TIF_ASSET,sentinel_raster_path_only,yes,.tif,0.147833,,,PATH_SIZE_EXTENSION_ONLY,69ea6f033bcc0e8f171681b89eb01799e8649e598231118d711e75ab6009353a,,SAFE_FOR_REVIEW_ONLY,
CUR_00992,patches/stacks/curitiba/patch_curitiba_00992.npy,MULTIMODAL_STACK_NPY,multimodal_stack_path_only,yes,.npy,0.156372,,,PATH_SIZE_EXTENSION_ONLY,846d0282750d171493c33935d03d22495dc04a8593b8b6190cf3eef116984b75,,SAFE_FOR_REVIEW_ONLY,
CUR_00995,patches/thumbnails/curitiba/curitiba_00995__rgb_preview.png,RGB_PREVIEW_PNG,rgb_preview,yes,.png,0.009141,64,64,PIL_HEADER_ONLY,1ce3d5a8823914e3497b11c0f2b288fb5cf10ad5fd82697e39e7243c35b51108,,BLOCKED,NOT_FOR_DATALOADER_TRAINING_ONLY_VISUAL_QA
CUR_00995,data/sentinel/patch_curitiba_00995.tif,SENTINEL_TIF_ASSET,sentinel_raster_path_only,yes,.tif,0.146771,,,PATH_SIZE_EXTENSION_ONLY,e4fdb1b31519551f76a52eeebf421b9bb8ff4712138fcb0b4ad4444f4f19f383,,SAFE_FOR_REVIEW_ONLY,
CUR_00995,patches/stacks/curitiba/patch_curitiba_00995.npy,MULTIMODAL_STACK_NPY,multimodal_stack_path_only,yes,.npy,0.156372,,,PATH_SIZE_EXTENSION_ONLY,4c6de1ad0ed06bb6d4449a1834d7ec33723886693c7d79a07c4c654f5bef92a6,,SAFE_FOR_REVIEW_ONLY,
CUR_01,,NO_ASSET_PATH,none,no,,0,,,PATH_SIZE_EXTENSION_ONLY,,,BLOCKED,NO_ASSET_PATH_IN_PROTOCOL
CUR_01012,patches/thumbnails/curitiba/curitiba_01012__rgb_preview.png,RGB_PREVIEW_PNG,rgb_preview,yes,.png,0.009515,64,64,PIL_HEADER_ONLY,2d318045a67ed2f277fbd00be1c5a78a03448d15dc2ce51d466159a18b2a6bb0,,BLOCKED,NOT_FOR_DATALOADER_TRAINING_ONLY_VISUAL_QA
CUR_01012,data/sentinel/patch_curitiba_01012.tif,SENTINEL_TIF_ASSET,sentinel_raster_path_only,yes,.tif,0.146901,,,PATH_SIZE_EXTENSION_ONLY,6ef9933e211eb91a4e480a2dd3acd930d95d5f4ff8dd547064125e00e2241d64,,SAFE_FOR_REVIEW_ONLY,
CUR_01012,patches/stacks/curitiba/patch_curitiba_01012.npy,MULTIMODAL_STACK_NPY,multimodal_stack_path_only,yes,.npy,0.156372,,,PATH_SIZE_EXTENSION_ONLY,0f4adb41589d556aa0301e8eaf464a5d7291434a983578135448a0f63594f677,,SAFE_FOR_REVIEW_ONLY,
CUR_01015,patches/thumbnails/curitiba/curitiba_01015__rgb_preview.png,RGB_PREVIEW_PNG,rgb_preview,yes,.png,0.009819,64,64,PIL_HEADER_ONLY,abc761e200ca870cdc30cc2ca4650c3d076a83dd8bf9842ca63b7d94c5f6704a,,BLOCKED,NOT_FOR_DATALOADER_TRAINING_ONLY_VISUAL_QA
CUR_01015,data/sentinel/patch_curitiba_01015.tif,SENTINEL_TIF_ASSET,sentinel_raster_path_only,yes,.tif,0.146077,,,PATH_SIZE_EXTENSION_ONLY,9158b9d45625179173fe625bb4302914d3eabadeeb49c9ba2fdd5a6b67d8b05a,,SAFE_FOR_REVIEW_ONLY,
CUR_01015,patches/stacks/curitiba/patch_curitiba_01015.npy,MULTIMODAL_STACK_NPY,multimodal_stack_path_only,yes,.npy,0.156372,,,PATH_SIZE_EXTENSION_ONLY,b621f29ab22eeb17b7290bd787c4a8926e38731c96fc1044eaffc74ebffa8158,,SAFE_FOR_REVIEW_ONLY,
CUR_01030,patches/thumbnails/curitiba/curitiba_01030__rgb_preview.png,RGB_PREVIEW_PNG,rgb_preview,yes,.png,0.009704,64,64,PIL_HEADER_ONLY,49a07bb57ac8a62332b86ef3f0b75595f61ee41f85f2e423a69de33649eb77b4,,BLOCKED,NOT_FOR_DATALOADER_TRAINING_ONLY_VISUAL_QA
CUR_01030,data/sentinel/patch_curitiba_01030.tif,SENTINEL_TIF_ASSET,sentinel_raster_path_only,yes,.tif,0.146479,,,PATH_SIZE_EXTENSION_ONLY,c7cebdb5fcc1286f11c7508ac705dac7177ee5711f68c532581d5cdb1d72191e,,SAFE_FOR_REVIEW_ONLY,
CUR_01030,patches/stacks/curitiba/patch_curitiba_01030.npy,MULTIMODAL_STACK_NPY,multimodal_stack_path_only,yes,.npy,0.156372,,,PATH_SIZE_EXTENSION_ONLY,69ab373f2c94f5de15b432095bd677fc39a25bb4cd8d150fa76f22bc0a862c70,,SAFE_FOR_REVIEW_ONLY,
CUR_01040,patches/thumbnails/curitiba/curitiba_01040__rgb_preview.png,RGB_PREVIEW_PNG,rgb_preview,yes,.png,0.010400,64,64,PIL_HEADER_ONLY,55737c85c4bcedc2642a0b02e7cff035359aba3a5c2be9e98d6328e7e7a5f46b,,BLOCKED,NOT_FOR_DATALOADER_TRAINING_ONLY_VISUAL_QA
CUR_01040,data/sentinel/patch_curitiba_01040.tif,SENTINEL_TIF_ASSET,sentinel_raster_path_only,yes,.tif,0.144827,,,PATH_SIZE_EXTENSION_ONLY,995358afb8bd44e83ac53459f0590fa01942e9aa581c026ec6672bed6bfbe59a,,SAFE_FOR_REVIEW_ONLY,
CUR_01040,patches/stacks/curitiba/patch_curitiba_01040.npy,MULTIMODAL_STACK_NPY,multimodal_stack_path_only,yes,.npy,0.156372,,,PATH_SIZE_EXTENSION_ONLY,2860156d174826f5a155b1db2c88fafa5e20615e8080159e84908f9e65bce06a,,SAFE_FOR_REVIEW_ONLY,
CUR_01050,patches/thumbnails/curitiba/curitiba_01050__rgb_preview.png,RGB_PREVIEW_PNG,rgb_preview,yes,.png,0.010228,64,64,PIL_HEADER_ONLY,ee15ab8aefa3e1ef7931c7035ad3790e9afca95cbb90fdca68d04d793e9b20aa,,BLOCKED,NOT_FOR_DATALOADER_TRAINING_ONLY_VISUAL_QA
CUR_01050,data/sentinel/patch_curitiba_01050.tif,SENTINEL_TIF_ASSET,sentinel_raster_path_only,yes,.tif,0.142632,,,PATH_SIZE_EXTENSION_ONLY,2cf0c2e1e566ea269a5b299c7a32de67fced4ebea4818e9d35e1fffc8401a2a7,,SAFE_FOR_REVIEW_ONLY,
CUR_01050,patches/stacks/curitiba/patch_curitiba_01050.npy,MULTIMODAL_STACK_NPY,multimodal_stack_path_only,yes,.npy,0.156372,,,PATH_SIZE_EXTENSION_ONLY,5b37544d5e7954aff7ccd70c04b3cf3324ed3b936e3305bcf39b31f63ddab8cc,,SAFE_FOR_REVIEW_ONLY,
CUR_01059,patches/thumbnails/curitiba/curitiba_01059__rgb_preview.png,RGB_PREVIEW_PNG,rgb_preview,yes,.png,0.008048,64,64,PIL_HEADER_ONLY,9534c251f857878130cbeaa129879de0d82e880f67d6dd91c571b759f9fa7266,,BLOCKED,NOT_FOR_DATALOADER_TRAINING_ONLY_VISUAL_QA
CUR_01059,data/sentinel/patch_curitiba_01059.tif,SENTINEL_TIF_ASSET,sentinel_raster_path_only,yes,.tif,0.143997,,,PATH_SIZE_EXTENSION_ONLY,f335ee6e5f87565949d22f4c977b75727e61bef62d6d0989643c45554edff47b,,SAFE_FOR_REVIEW_ONLY,
CUR_01059,patches/stacks/curitiba/patch_curitiba_01059.npy,MULTIMODAL_STACK_NPY,multimodal_stack_path_only,yes,.npy,0.156372,,,PATH_SIZE_EXTENSION_ONLY,aefbe7803093c06f0fa5377cef2c9288e099aa7c9c775935f886d51d7619d1f1,,SAFE_FOR_REVIEW_ONLY,
CUR_01065,patches/thumbnails/curitiba/curitiba_01065__rgb_preview.png,RGB_PREVIEW_PNG,rgb_preview,yes,.png,0.009758,64,64,PIL_HEADER_ONLY,1bfff7e1aefcb24bc8ed536b21fe6135bf31b09deac5128ec43fd14fa7ac665b,,BLOCKED,NOT_FOR_DATALOADER_TRAINING_ONLY_VISUAL_QA
CUR_01065,data/sentinel/patch_curitiba_01065.tif,SENTINEL_TIF_ASSET,sentinel_raster_path_only,yes,.tif,0.146411,,,PATH_SIZE_EXTENSION_ONLY,7c4b667eddeb1fb1ff38c33a3980cb8af78d80f6527c539db7e68bc18a49f072,,SAFE_FOR_REVIEW_ONLY,
CUR_01065,patches/stacks/curitiba/patch_curitiba_01065.npy,MULTIMODAL_STACK_NPY,multimodal_stack_path_only,yes,.npy,0.156372,,,PATH_SIZE_EXTENSION_ONLY,42da5183d965e052d2d6e992701a8de6e7be3d3237d75d259ad21abd4aab419b,,SAFE_FOR_REVIEW_ONLY,
CUR_01075,patches/thumbnails/curitiba/curitiba_01075__rgb_preview.png,RGB_PREVIEW_PNG,rgb_preview,yes,.png,0.010290,64,64,PIL_HEADER_ONLY,1bb65f89771a5f55aeb5af4d0c4c00b490a3f9c0d274a9eff7eb4ad32ac96617,,BLOCKED,NOT_FOR_DATALOADER_TRAINING_ONLY_VISUAL_QA
CUR_01075,data/sentinel/patch_curitiba_01075.tif,SENTINEL_TIF_ASSET,sentinel_raster_path_only,yes,.tif,0.144807,,,PATH_SIZE_EXTENSION_ONLY,bddf2dae85f797de632171e7b925bcc659441082853f7ce17591e62b901e2b0c,,SAFE_FOR_REVIEW_ONLY,
CUR_01075,patches/stacks/curitiba/patch_curitiba_01075.npy,MULTIMODAL_STACK_NPY,multimodal_stack_path_only,yes,.npy,0.156372,,,PATH_SIZE_EXTENSION_ONLY,cb330f3cb861224f8047c603d149f4c95e028ae404253d2ced3f06dfcec8279f,,SAFE_FOR_REVIEW_ONLY,
CUR_01101,patches/thumbnails/curitiba/curitiba_01101__rgb_preview.png,RGB_PREVIEW_PNG,rgb_preview,yes,.png,0.010202,64,64,PIL_HEADER_ONLY,d5614b088447b3ffddadcd5f5abd4534086f0f7ce928b12b56447ab5e0bf6651,,BLOCKED,NOT_FOR_DATALOADER_TRAINING_ONLY_VISUAL_QA
CUR_01101,data/sentinel/patch_curitiba_01101.tif,SENTINEL_TIF_ASSET,sentinel_raster_path_only,yes,.tif,0.147283,,,PATH_SIZE_EXTENSION_ONLY,e1c22d1ed237e5d5085833b6682670486eadcfa1200372708370291bb7d5b72c,,SAFE_FOR_REVIEW_ONLY,
CUR_01101,patches/stacks/curitiba/patch_curitiba_01101.npy,MULTIMODAL_STACK_NPY,multimodal_stack_path_only,yes,.npy,0.156372,,,PATH_SIZE_EXTENSION_ONLY,49ace2dbf8125d39555202d482effe3abe63ef1f8fe7fc0e2497996320429adc,,SAFE_FOR_REVIEW_ONLY,
CUR_01145,patches/thumbnails/curitiba/curitiba_01145__rgb_preview.png,RGB_PREVIEW_PNG,rgb_preview,yes,.png,0.009741,64,64,PIL_HEADER_ONLY,94090c967baf107b2cb69eb1215789345fd4844994be8c86a369c3ba874e4b3e,,BLOCKED,NOT_FOR_DATALOADER_TRAINING_ONLY_VISUAL_QA
CUR_01145,data/sentinel/patch_curitiba_01145.tif,SENTINEL_TIF_ASSET,sentinel_raster_path_only,yes,.tif,0.147429,,,PATH_SIZE_EXTENSION_ONLY,b3c1715e5d1a245b614350560408ca2154e79174d42397b310f1ea33b89022d1,,SAFE_FOR_REVIEW_ONLY,
CUR_01145,patches/stacks/curitiba/patch_curitiba_01145.npy,MULTIMODAL_STACK_NPY,multimodal_stack_path_only,yes,.npy,0.156372,,,PATH_SIZE_EXTENSION_ONLY,72b9ed703dd7408bad7390a9f5354722026b86bcb340374e118c1b009b8e8980,,SAFE_FOR_REVIEW_ONLY,
CUR_01324,patches/thumbnails/curitiba/curitiba_01324__rgb_preview.png,RGB_PREVIEW_PNG,rgb_preview,yes,.png,0.007928,64,64,PIL_HEADER_ONLY,d298228c3a280f78ec77e2463e85d4320229a71337c45a6b97723eeff7d79c6f,,BLOCKED,NOT_FOR_DATALOADER_TRAINING_ONLY_VISUAL_QA
CUR_01324,data/sentinel/patch_curitiba_01324.tif,SENTINEL_TIF_ASSET,sentinel_raster_path_only,yes,.tif,0.141550,,,PATH_SIZE_EXTENSION_ONLY,7af099367aade253c75e109a2c195fce87c46c6beb969a692bfedf78aea16326,,SAFE_FOR_REVIEW_ONLY,
CUR_01324,patches/stacks/curitiba/patch_curitiba_01324.npy,MULTIMODAL_STACK_NPY,multimodal_stack_path_only,yes,.npy,0.156372,,,PATH_SIZE_EXTENSION_ONLY,fcb269993107a85075e2f9b733c3d5e7377e483c615153d575838c77d8552937,,SAFE_FOR_REVIEW_ONLY,
CUR_02,,NO_ASSET_PATH,none,no,,0,,,PATH_SIZE_EXTENSION_ONLY,,,BLOCKED,NO_ASSET_PATH_IN_PROTOCOL
CUR_03,,NO_ASSET_PATH,none,no,,0,,,PATH_SIZE_EXTENSION_ONLY,,,BLOCKED,NO_ASSET_PATH_IN_PROTOCOL
CUR_04,,NO_ASSET_PATH,none,no,,0,,,PATH_SIZE_EXTENSION_ONLY,,,BLOCKED,NO_ASSET_PATH_IN_PROTOCOL
CUR_05,,NO_ASSET_PATH,none,no,,0,,,PATH_SIZE_EXTENSION_ONLY,,,BLOCKED,NO_ASSET_PATH_IN_PROTOCOL
CUR_06,,NO_ASSET_PATH,none,no,,0,,,PATH_SIZE_EXTENSION_ONLY,,,BLOCKED,NO_ASSET_PATH_IN_PROTOCOL
CUR_07,,NO_ASSET_PATH,none,no,,0,,,PATH_SIZE_EXTENSION_ONLY,,,BLOCKED,NO_ASSET_PATH_IN_PROTOCOL
CUR_08,,NO_ASSET_PATH,none,no,,0,,,PATH_SIZE_EXTENSION_ONLY,,,BLOCKED,NO_ASSET_PATH_IN_PROTOCOL
CUR_09,,NO_ASSET_PATH,none,no,,0,,,PATH_SIZE_EXTENSION_ONLY,,,BLOCKED,NO_ASSET_PATH_IN_PROTOCOL
CUR_10,,NO_ASSET_PATH,none,no,,0,,,PATH_SIZE_EXTENSION_ONLY,,,BLOCKED,NO_ASSET_PATH_IN_PROTOCOL
CUR_11,,NO_ASSET_PATH,none,no,,0,,,PATH_SIZE_EXTENSION_ONLY,,,BLOCKED,NO_ASSET_PATH_IN_PROTOCOL
CUR_12,,NO_ASSET_PATH,none,no,,0,,,PATH_SIZE_EXTENSION_ONLY,,,BLOCKED,NO_ASSET_PATH_IN_PROTOCOL
CUR_13,,NO_ASSET_PATH,none,no,,0,,,PATH_SIZE_EXTENSION_ONLY,,,BLOCKED,NO_ASSET_PATH_IN_PROTOCOL
CUR_14,,NO_ASSET_PATH,none,no,,0,,,PATH_SIZE_EXTENSION_ONLY,,,BLOCKED,NO_ASSET_PATH_IN_PROTOCOL
PET_00016,patches/thumbnails/petropolis/petropolis_00016__rgb_preview.png,RGB_PREVIEW_PNG,rgb_preview,yes,.png,0.009583,64,64,PIL_HEADER_ONLY,dbdb341b0e98591aaac7732fb322532bd25ac083b6e98e8cfe6b2aeb490f1c0e,,BLOCKED,NOT_FOR_DATALOADER_TRAINING_ONLY_VISUAL_QA
PET_00016,data/sentinel/patch_petropolis_00016.tif,SENTINEL_TIF_ASSET,sentinel_raster_path_only,yes,.tif,0.156381,,,PATH_SIZE_EXTENSION_ONLY,8155726f29d18ad23d63c3bff228777f82c31b2faed4a0a17ef604e7cc29f720,,SAFE_FOR_REVIEW_ONLY,
PET_00016,patches/stacks/petropolis/patch_petropolis_00016.npy,MULTIMODAL_STACK_NPY,multimodal_stack_path_only,yes,.npy,0.156372,,,PATH_SIZE_EXTENSION_ONLY,10cd71ac979458218cf7edd47d15b2202c1365488720835861b2be022c88cd4f,,SAFE_FOR_REVIEW_ONLY,
PET_00104,patches/thumbnails/petropolis/petropolis_00104__rgb_preview.png,RGB_PREVIEW_PNG,rgb_preview,yes,.png,0.009506,64,64,PIL_HEADER_ONLY,760bf95c401e5eae5a70e81403e2d8d8bb42ee184f3e2ded56460c8d965c5238,,BLOCKED,NOT_FOR_DATALOADER_TRAINING_ONLY_VISUAL_QA
PET_00104,data/sentinel/patch_petropolis_00104.tif,SENTINEL_TIF_ASSET,sentinel_raster_path_only,yes,.tif,0.155017,,,PATH_SIZE_EXTENSION_ONLY,4e9affa6bcbe92c975d8b03f67495ef1d7846900704b3e580e7467d88bfe5f1c,,SAFE_FOR_REVIEW_ONLY,
PET_00104,patches/stacks/petropolis/patch_petropolis_00104.npy,MULTIMODAL_STACK_NPY,multimodal_stack_path_only,yes,.npy,0.156372,,,PATH_SIZE_EXTENSION_ONLY,ea97cdb4098b68914b94e9650ff9563e1b213dd1c8cab10e3a36279239389159,,SAFE_FOR_REVIEW_ONLY,
PET_00119,data/sentinel/patch_petropolis_00119.tif,SENTINEL_TIF_ASSET,sentinel_raster_path_only,yes,.tif,0.147199,,,PATH_SIZE_EXTENSION_ONLY,d4d870615c28d18e7b1b208bbcee5c11e058b0b81cab0b8b2a2abceda7be4c85,,SAFE_FOR_REVIEW_ONLY,
PET_00140,patches/thumbnails/petropolis/petropolis_00140__rgb_preview.png,RGB_PREVIEW_PNG,rgb_preview,yes,.png,0.008955,64,64,PIL_HEADER_ONLY,3e78f109b708b9ab122af7311f49494f30fb6508fe27eb11577fb3f6b679f7ef,,BLOCKED,NOT_FOR_DATALOADER_TRAINING_ONLY_VISUAL_QA
PET_00140,data/sentinel/patch_petropolis_00140.tif,SENTINEL_TIF_ASSET,sentinel_raster_path_only,yes,.tif,0.152923,,,PATH_SIZE_EXTENSION_ONLY,f78edec78d9e4461656b27f4ee29812440e66f77c820812563824cf030ac1baf,,SAFE_FOR_REVIEW_ONLY,
PET_00140,patches/stacks/petropolis/patch_petropolis_00140.npy,MULTIMODAL_STACK_NPY,multimodal_stack_path_only,yes,.npy,0.156372,,,PATH_SIZE_EXTENSION_ONLY,b15569f9dc427c41c58569fb58c048858f02ae7179aae94a28862e1d5f940381,,SAFE_FOR_REVIEW_ONLY,
PET_00240,data/sentinel/patch_petropolis_00240.tif,SENTINEL_TIF_ASSET,sentinel_raster_path_only,yes,.tif,0.152940,,,PATH_SIZE_EXTENSION_ONLY,5772ba6d8b6532447702e35bf7ee6fad337726af4aac52740bb8ce5cd16be46b,,SAFE_FOR_REVIEW_ONLY,
PET_00257,patches/thumbnails/petropolis/petropolis_00257__rgb_preview.png,RGB_PREVIEW_PNG,rgb_preview,yes,.png,0.008958,64,64,PIL_HEADER_ONLY,4a5f9caf706f548a1641d9f51d5f56a905173d11996a3e8f0cf6f1300cbf4a64,,BLOCKED,NOT_FOR_DATALOADER_TRAINING_ONLY_VISUAL_QA
PET_00257,data/sentinel/patch_petropolis_00257.tif,SENTINEL_TIF_ASSET,sentinel_raster_path_only,yes,.tif,0.152805,,,PATH_SIZE_EXTENSION_ONLY,7cc58c2330e7f20e06c594620d15808846be2d481c6b9b5d48856691958698c6,,SAFE_FOR_REVIEW_ONLY,
PET_00257,patches/stacks/petropolis/patch_petropolis_00257.npy,MULTIMODAL_STACK_NPY,multimodal_stack_path_only,yes,.npy,0.156372,,,PATH_SIZE_EXTENSION_ONLY,d9829dfa816b6bef421a065be5ee9f18e8da763efbb0abcff2be3d7f6fbe7c04,,SAFE_FOR_REVIEW_ONLY,
PET_00275,data/sentinel/patch_petropolis_00275.tif,SENTINEL_TIF_ASSET,sentinel_raster_path_only,yes,.tif,0.148542,,,PATH_SIZE_EXTENSION_ONLY,a8662721ac0030f5c9ba25af3705532b89d5e1f8d98d8fa793958f5114163a6d,,SAFE_FOR_REVIEW_ONLY,
PET_00291,patches/thumbnails/petropolis/petropolis_00291__rgb_preview.png,RGB_PREVIEW_PNG,rgb_preview,yes,.png,0.009640,64,64,PIL_HEADER_ONLY,2b871ddba4fa6a23f7542952a7c340eca70d11e3c6cbd921d30234b159d96bb7,,BLOCKED,NOT_FOR_DATALOADER_TRAINING_ONLY_VISUAL_QA
PET_00291,data/sentinel/patch_petropolis_00291.tif,SENTINEL_TIF_ASSET,sentinel_raster_path_only,yes,.tif,0.150155,,,PATH_SIZE_EXTENSION_ONLY,63764c3b93a84721a289a32c4fea900ca62640731c5c1a42c01dbf7a8a055092,,SAFE_FOR_REVIEW_ONLY,
PET_00291,patches/stacks/petropolis/patch_petropolis_00291.npy,MULTIMODAL_STACK_NPY,multimodal_stack_path_only,yes,.npy,0.156372,,,PATH_SIZE_EXTENSION_ONLY,4894cdcea49651ca529f1efb1a735cb8eb3394ab587bf9c75cdd7e85d882a659,,SAFE_FOR_REVIEW_ONLY,
PET_00315,data/sentinel/patch_petropolis_00315.tif,SENTINEL_TIF_ASSET,sentinel_raster_path_only,yes,.tif,0.152601,,,PATH_SIZE_EXTENSION_ONLY,3819be66d6b228993e5c9dfec5148e4e4ade4236c9b22b7ab9859e666d7361c3,,SAFE_FOR_REVIEW_ONLY,
PET_00360,patches/thumbnails/petropolis/petropolis_00360__rgb_preview.png,RGB_PREVIEW_PNG,rgb_preview,yes,.png,0.009616,64,64,PIL_HEADER_ONLY,1d9841d8b443319ec478585b3adbaf7adcb7388d2d022111fb7a364b6c0c7203,,BLOCKED,NOT_FOR_DATALOADER_TRAINING_ONLY_VISUAL_QA
PET_00360,data/sentinel/patch_petropolis_00360.tif,SENTINEL_TIF_ASSET,sentinel_raster_path_only,yes,.tif,0.148007,,,PATH_SIZE_EXTENSION_ONLY,d9c5122241cba1e2287ee147cdac0876feb329a555959ff71cb6976b86928bcb,,SAFE_FOR_REVIEW_ONLY,
PET_00360,patches/stacks/petropolis/patch_petropolis_00360.npy,MULTIMODAL_STACK_NPY,multimodal_stack_path_only,yes,.npy,0.156372,,,PATH_SIZE_EXTENSION_ONLY,2646741e92c79c0b178be43a56cdefa1274da0c640b0d47747c2860c110a6a31,,SAFE_FOR_REVIEW_ONLY,
PET_00362,data/sentinel/patch_petropolis_00362.tif,SENTINEL_TIF_ASSET,sentinel_raster_path_only,yes,.tif,0.150787,,,PATH_SIZE_EXTENSION_ONLY,3eabdbce48b113b4064de32edc4363f185b085e7536711b98cc7d7a8b5046a74,,SAFE_FOR_REVIEW_ONLY,
PET_00396,patches/thumbnails/petropolis/petropolis_00396__rgb_preview.png,RGB_PREVIEW_PNG,rgb_preview,yes,.png,0.009551,64,64,PIL_HEADER_ONLY,fc3341084f104858795fbf3f331623658882a814a625b8a16f2cd5216b942cdd,,BLOCKED,NOT_FOR_DATALOADER_TRAINING_ONLY_VISUAL_QA
PET_00396,data/sentinel/patch_petropolis_00396.tif,SENTINEL_TIF_ASSET,sentinel_raster_path_only,yes,.tif,0.147783,,,PATH_SIZE_EXTENSION_ONLY,cca45c806e1dde58d6e9d15598694f51af91417baf7508c4ed441f2a8ab9c8c0,,SAFE_FOR_REVIEW_ONLY,
PET_00396,patches/stacks/petropolis/patch_petropolis_00396.npy,MULTIMODAL_STACK_NPY,multimodal_stack_path_only,yes,.npy,0.156372,,,PATH_SIZE_EXTENSION_ONLY,89340157b5dd1edb30e2d4222ee616d63182c1720ecb874ccb976e09386177dd,,SAFE_FOR_REVIEW_ONLY,
PET_00397,patches/thumbnails/petropolis/petropolis_00397__rgb_preview.png,RGB_PREVIEW_PNG,rgb_preview,yes,.png,0.009154,64,64,PIL_HEADER_ONLY,25df7899116c2a617d407567816f92f8ddd960ddb607ec4c1941077029478852,,BLOCKED,NOT_FOR_DATALOADER_TRAINING_ONLY_VISUAL_QA
PET_00397,data/sentinel/patch_petropolis_00397.tif,SENTINEL_TIF_ASSET,sentinel_raster_path_only,yes,.tif,0.152756,,,PATH_SIZE_EXTENSION_ONLY,6e62665a67490803c68a7e7d889229b7ad991166dd6af996b5dd67d30bc78b79,,SAFE_FOR_REVIEW_ONLY,
PET_00397,patches/stacks/petropolis/patch_petropolis_00397.npy,MULTIMODAL_STACK_NPY,multimodal_stack_path_only,yes,.npy,0.156372,,,PATH_SIZE_EXTENSION_ONLY,94d4df3c000eef56375b9cbfda57f89c74c12d748d69fa33a558c06e8e7743cb,,SAFE_FOR_REVIEW_ONLY,
PET_00404,patches/thumbnails/petropolis/petropolis_00404__rgb_preview.png,RGB_PREVIEW_PNG,rgb_preview,yes,.png,0.008980,64,64,PIL_HEADER_ONLY,4faee40ac4fcd84b8f231a71d82ce0648cfe0b8490cae167612c6ba51951fdd6,,BLOCKED,NOT_FOR_DATALOADER_TRAINING_ONLY_VISUAL_QA
PET_00404,data/sentinel/patch_petropolis_00404.tif,SENTINEL_TIF_ASSET,sentinel_raster_path_only,yes,.tif,0.152325,,,PATH_SIZE_EXTENSION_ONLY,12972156b21011a65b8a414febd78e0d613e1c10e523ac11ea8693b4f5038461,,SAFE_FOR_REVIEW_ONLY,
PET_00404,patches/stacks/petropolis/patch_petropolis_00404.npy,MULTIMODAL_STACK_NPY,multimodal_stack_path_only,yes,.npy,0.156372,,,PATH_SIZE_EXTENSION_ONLY,05d5b64f114c89326578673fa0fcae679db64469b19994367cb9b8e46571a177,,SAFE_FOR_REVIEW_ONLY,
PET_00431,data/sentinel/patch_petropolis_00431.tif,SENTINEL_TIF_ASSET,sentinel_raster_path_only,yes,.tif,0.146926,,,PATH_SIZE_EXTENSION_ONLY,521095c02483e73bfa37f295b60a6dd4547458146c3033c08129a3e5a4791858,,SAFE_FOR_REVIEW_ONLY,
PET_00467,patches/thumbnails/petropolis/petropolis_00467__rgb_preview.png,RGB_PREVIEW_PNG,rgb_preview,yes,.png,0.009885,64,64,PIL_HEADER_ONLY,e5c7aaaf9f3286d0f834dfda88c382450231bc9dea44126bf909ac975994059a,,BLOCKED,NOT_FOR_DATALOADER_TRAINING_ONLY_VISUAL_QA
PET_00467,data/sentinel/patch_petropolis_00467.tif,SENTINEL_TIF_ASSET,sentinel_raster_path_only,yes,.tif,0.154714,,,PATH_SIZE_EXTENSION_ONLY,8e6ceec2b51b731a6dd1e125fad3bfcd014254093dd8f786f1fc9ac32a01106d,,SAFE_FOR_REVIEW_ONLY,
PET_00467,patches/stacks/petropolis/patch_petropolis_00467.npy,MULTIMODAL_STACK_NPY,multimodal_stack_path_only,yes,.npy,0.156372,,,PATH_SIZE_EXTENSION_ONLY,7a7c1f7174d2aee4bcc7e874fa7ae74454ce4eb9fcb623a68c7e63f4c37e044b,,SAFE_FOR_REVIEW_ONLY,
PET_00506,patches/thumbnails/petropolis/petropolis_00506__rgb_preview.png,RGB_PREVIEW_PNG,rgb_preview,yes,.png,0.008519,64,64,PIL_HEADER_ONLY,96fde98a71251f71ce96b5765505055b57354a98d8d467e30db5bf35035d98d3,,BLOCKED,NOT_FOR_DATALOADER_TRAINING_ONLY_VISUAL_QA
PET_00506,data/sentinel/patch_petropolis_00506.tif,SENTINEL_TIF_ASSET,sentinel_raster_path_only,yes,.tif,0.149111,,,PATH_SIZE_EXTENSION_ONLY,44718dfa15e86693e7dd70db602c7ccadc1a805808c6f6a37b1baa329e73e895,,SAFE_FOR_REVIEW_ONLY,
PET_00506,patches/stacks/petropolis/patch_petropolis_00506.npy,MULTIMODAL_STACK_NPY,multimodal_stack_path_only,yes,.npy,0.156372,,,PATH_SIZE_EXTENSION_ONLY,9c0d034055a0e1b9844907725c2279f4a2d2d9f16b750bebf075b50b0ba6e8c4,,SAFE_FOR_REVIEW_ONLY,
PET_00507,patches/thumbnails/petropolis/petropolis_00507__rgb_preview.png,RGB_PREVIEW_PNG,rgb_preview,yes,.png,0.008244,64,64,PIL_HEADER_ONLY,1c9fe13102f7e0490536b056e36aa4e5024c1d3261a989e29962bcf16dbcce69,,BLOCKED,NOT_FOR_DATALOADER_TRAINING_ONLY_VISUAL_QA
PET_00507,data/sentinel/patch_petropolis_00507.tif,SENTINEL_TIF_ASSET,sentinel_raster_path_only,yes,.tif,0.152940,,,PATH_SIZE_EXTENSION_ONLY,feed8a07f83ee2eeb923f459bc14bcc49854d834730f4a9588dc62933f347161,,SAFE_FOR_REVIEW_ONLY,
PET_00507,patches/stacks/petropolis/patch_petropolis_00507.npy,MULTIMODAL_STACK_NPY,multimodal_stack_path_only,yes,.npy,0.156372,,,PATH_SIZE_EXTENSION_ONLY,b124f53b52b9afe1a56b046ca165d6bc9830bdaee0549c3ceb7d55d9d297d6dd,,SAFE_FOR_REVIEW_ONLY,
PET_00579,patches/thumbnails/petropolis/petropolis_00579__rgb_preview.png,RGB_PREVIEW_PNG,rgb_preview,yes,.png,0.008683,64,64,PIL_HEADER_ONLY,994ff045a48e876c2d2d71847300f79817a86019a9a942b571f2ab07e3f10da6,,BLOCKED,NOT_FOR_DATALOADER_TRAINING_ONLY_VISUAL_QA
PET_00579,data/sentinel/patch_petropolis_00579.tif,SENTINEL_TIF_ASSET,sentinel_raster_path_only,yes,.tif,0.156107,,,PATH_SIZE_EXTENSION_ONLY,25ab68155815329ab7164bd7b050b4bd61946634ac3067a2e5cac26bb8fe4a26,,SAFE_FOR_REVIEW_ONLY,
PET_00579,patches/stacks/petropolis/patch_petropolis_00579.npy,MULTIMODAL_STACK_NPY,multimodal_stack_path_only,yes,.npy,0.156372,,,PATH_SIZE_EXTENSION_ONLY,d1bace2299e03ccfe40673e261ad62ef72049ecd8c05607d144d2397be8ee80a,,SAFE_FOR_REVIEW_ONLY,
PET_00614,patches/thumbnails/petropolis/petropolis_00614__rgb_preview.png,RGB_PREVIEW_PNG,rgb_preview,yes,.png,0.010070,64,64,PIL_HEADER_ONLY,2866028efe44af8339478458faa585db03da50c188bc4b2229e04369ffd03923,,BLOCKED,NOT_FOR_DATALOADER_TRAINING_ONLY_VISUAL_QA
PET_00614,data/sentinel/patch_petropolis_00614.tif,SENTINEL_TIF_ASSET,sentinel_raster_path_only,yes,.tif,0.158115,,,PATH_SIZE_EXTENSION_ONLY,34297ca697be5bd1d704c746326db5eb191a9287ab7f432c0400a7767d82be2e,,SAFE_FOR_REVIEW_ONLY,
PET_00614,patches/stacks/petropolis/patch_petropolis_00614.npy,MULTIMODAL_STACK_NPY,multimodal_stack_path_only,yes,.npy,0.156372,,,PATH_SIZE_EXTENSION_ONLY,784335977ec1ef0ce5a29bc79af0320f812978bf810b2e1f59f1b0cc74397212,,SAFE_FOR_REVIEW_ONLY,
PET_00615,patches/thumbnails/petropolis/petropolis_00615__rgb_preview.png,RGB_PREVIEW_PNG,rgb_preview,yes,.png,0.008470,64,64,PIL_HEADER_ONLY,20531640bac294035e493eacaf68439f538b39af223577b80bb884a7bd8b51c2,,BLOCKED,NOT_FOR_DATALOADER_TRAINING_ONLY_VISUAL_QA
PET_00615,data/sentinel/patch_petropolis_00615.tif,SENTINEL_TIF_ASSET,sentinel_raster_path_only,yes,.tif,0.153474,,,PATH_SIZE_EXTENSION_ONLY,7cbd4a38f07f6543c6fda766710d203abe82f97923771a64ab9181fd031e2b3b,,SAFE_FOR_REVIEW_ONLY,
PET_00615,patches/stacks/petropolis/patch_petropolis_00615.npy,MULTIMODAL_STACK_NPY,multimodal_stack_path_only,yes,.npy,0.156372,,,PATH_SIZE_EXTENSION_ONLY,9ffbafeaee43bafccbbd6af6970b74130c4733bfa5a3775ae6ed7103f322b646,,SAFE_FOR_REVIEW_ONLY,
PET_00617,patches/thumbnails/petropolis/petropolis_00617__rgb_preview.png,RGB_PREVIEW_PNG,rgb_preview,yes,.png,0.007057,64,64,PIL_HEADER_ONLY,59529f63589c62155c6a739f57621ed300a0a5d0197d894e8dfb15c58bab7449,,BLOCKED,NOT_FOR_DATALOADER_TRAINING_ONLY_VISUAL_QA
PET_00617,data/sentinel/patch_petropolis_00617.tif,SENTINEL_TIF_ASSET,sentinel_raster_path_only,yes,.tif,0.150187,,,PATH_SIZE_EXTENSION_ONLY,387006daa1ee799a74ea52dfc22dffa2cd82e9a6cc113e23c9da166e2ae5874c,,SAFE_FOR_REVIEW_ONLY,
PET_00617,patches/stacks/petropolis/patch_petropolis_00617.npy,MULTIMODAL_STACK_NPY,multimodal_stack_path_only,yes,.npy,0.156372,,,PATH_SIZE_EXTENSION_ONLY,e502bf8e0b3cef0bf2a6a17e070a1a40db5df1023667534837b897b1f23e3242,,SAFE_FOR_REVIEW_ONLY,
PET_00618,patches/thumbnails/petropolis/petropolis_00618__rgb_preview.png,RGB_PREVIEW_PNG,rgb_preview,yes,.png,0.007652,64,64,PIL_HEADER_ONLY,d6ea6258e79afd94ad92735475232bc5be791c13be50fd73265b13b0ca9db808,,BLOCKED,NOT_FOR_DATALOADER_TRAINING_ONLY_VISUAL_QA
PET_00618,data/sentinel/patch_petropolis_00618.tif,SENTINEL_TIF_ASSET,sentinel_raster_path_only,yes,.tif,0.152813,,,PATH_SIZE_EXTENSION_ONLY,73e7bb66b7304bdd62a8f7ec675158f765c1a44365225d93f6ff4577f1ccf003,,SAFE_FOR_REVIEW_ONLY,
PET_00618,patches/stacks/petropolis/patch_petropolis_00618.npy,MULTIMODAL_STACK_NPY,multimodal_stack_path_only,yes,.npy,0.156372,,,PATH_SIZE_EXTENSION_ONLY,3068014ecd1b2150d1ec8f5abca080ce44980920a52e0b7e433da7f4851b681f,,SAFE_FOR_REVIEW_ONLY,
PET_00641,patches/thumbnails/petropolis/petropolis_00641__rgb_preview.png,RGB_PREVIEW_PNG,rgb_preview,yes,.png,0.007123,64,64,PIL_HEADER_ONLY,35d425c5b93602b4fc957f2d0cfe527dc429460095548b3f678c50692e35dc27,,BLOCKED,NOT_FOR_DATALOADER_TRAINING_ONLY_VISUAL_QA
PET_00641,data/sentinel/patch_petropolis_00641.tif,SENTINEL_TIF_ASSET,sentinel_raster_path_only,yes,.tif,0.147904,,,PATH_SIZE_EXTENSION_ONLY,c33420300a413663c23e47192946c2bd400f48c3487d9a8d7891792728e2134b,,SAFE_FOR_REVIEW_ONLY,
PET_00641,patches/stacks/petropolis/patch_petropolis_00641.npy,MULTIMODAL_STACK_NPY,multimodal_stack_path_only,yes,.npy,0.156372,,,PATH_SIZE_EXTENSION_ONLY,451b5133c609cb162c8602665313f7cb79c88994c34fb7520e35d547a9e624d8,,SAFE_FOR_REVIEW_ONLY,
PET_00649,patches/thumbnails/petropolis/petropolis_00649__rgb_preview.png,RGB_PREVIEW_PNG,rgb_preview,yes,.png,0.010084,64,64,PIL_HEADER_ONLY,5418e6d608bd4f81902a4b38dbca691fa212e5f9b2817452de8404cdaa5d0b1a,,BLOCKED,NOT_FOR_DATALOADER_TRAINING_ONLY_VISUAL_QA
PET_00649,data/sentinel/patch_petropolis_00649.tif,SENTINEL_TIF_ASSET,sentinel_raster_path_only,yes,.tif,0.157985,,,PATH_SIZE_EXTENSION_ONLY,fa99240efb6f03dde00e05dbc735d9a862660c1061136603b5c301e69c560212,,SAFE_FOR_REVIEW_ONLY,
PET_00649,patches/stacks/petropolis/patch_petropolis_00649.npy,MULTIMODAL_STACK_NPY,multimodal_stack_path_only,yes,.npy,0.156372,,,PATH_SIZE_EXTENSION_ONLY,d2d9a606c2a7472fe99d3a9885b9b11bd1ad39f5f0f61584bbe7d80eb2a0b451,,SAFE_FOR_REVIEW_ONLY,
PET_00652,patches/thumbnails/petropolis/petropolis_00652__rgb_preview.png,RGB_PREVIEW_PNG,rgb_preview,yes,.png,0.009388,64,64,PIL_HEADER_ONLY,08352d1588aff7befee7cf56aaf98275829d854b687ce146b169e86fb3ad9610,,BLOCKED,NOT_FOR_DATALOADER_TRAINING_ONLY_VISUAL_QA
PET_00652,data/sentinel/patch_petropolis_00652.tif,SENTINEL_TIF_ASSET,sentinel_raster_path_only,yes,.tif,0.152648,,,PATH_SIZE_EXTENSION_ONLY,e42b2800a9f8dc5df5ca02d8f8d7d641c4f08dbcdaf05d143497fb26ba136267,,SAFE_FOR_REVIEW_ONLY,
PET_00652,patches/stacks/petropolis/patch_petropolis_00652.npy,MULTIMODAL_STACK_NPY,multimodal_stack_path_only,yes,.npy,0.156372,,,PATH_SIZE_EXTENSION_ONLY,f95d1e9dfdac4d68aca4831d1ea6f549bbfd0096bfa495f9986eeac534ff82ce,,SAFE_FOR_REVIEW_ONLY,
PET_00720,patches/thumbnails/petropolis/petropolis_00720__rgb_preview.png,RGB_PREVIEW_PNG,rgb_preview,yes,.png,0.009133,64,64,PIL_HEADER_ONLY,09f4a214944ec73f2d639f4bb23a9f170597d0b5c29a370e58aa3c7a55e164ef,,BLOCKED,NOT_FOR_DATALOADER_TRAINING_ONLY_VISUAL_QA
PET_00720,data/sentinel/patch_petropolis_00720.tif,SENTINEL_TIF_ASSET,sentinel_raster_path_only,yes,.tif,0.153541,,,PATH_SIZE_EXTENSION_ONLY,d8f089d2bd41c3e758f284d29d59d40bcb0c7b619c8bef4bea4c7996b68ce7cf,,SAFE_FOR_REVIEW_ONLY,
PET_00720,patches/stacks/petropolis/patch_petropolis_00720.npy,MULTIMODAL_STACK_NPY,multimodal_stack_path_only,yes,.npy,0.156372,,,PATH_SIZE_EXTENSION_ONLY,0b29407f8d704bbe102f1954d5a576e8ee863adf079fb487058c2eadffd6dffa,,SAFE_FOR_REVIEW_ONLY,
PET_00756,patches/thumbnails/petropolis/petropolis_00756__rgb_preview.png,RGB_PREVIEW_PNG,rgb_preview,yes,.png,0.009055,64,64,PIL_HEADER_ONLY,b2311041f5719f42234472e1c104bdfa699c279b0f9725904d4ddd2b0a3b0175,,BLOCKED,NOT_FOR_DATALOADER_TRAINING_ONLY_VISUAL_QA
PET_00756,data/sentinel/patch_petropolis_00756.tif,SENTINEL_TIF_ASSET,sentinel_raster_path_only,yes,.tif,0.157121,,,PATH_SIZE_EXTENSION_ONLY,c38a41c362b2a2cff0e1c61bd79b1f88e451a7127ad5ffcd5f614fbe171cb4a7,,SAFE_FOR_REVIEW_ONLY,
PET_00756,patches/stacks/petropolis/patch_petropolis_00756.npy,MULTIMODAL_STACK_NPY,multimodal_stack_path_only,yes,.npy,0.156372,,,PATH_SIZE_EXTENSION_ONLY,700fcb68f7415a349f632005b83ced2d36a255c0c789da31426bff83e28c34b5,,SAFE_FOR_REVIEW_ONLY,
PET_00789,patches/thumbnails/petropolis/petropolis_00789__rgb_preview.png,RGB_PREVIEW_PNG,rgb_preview,yes,.png,0.009160,64,64,PIL_HEADER_ONLY,faf4e6e79f7ebfc34ac7a127000145a0d43a26ec19f8dc330affbbe571ed8cd2,,BLOCKED,NOT_FOR_DATALOADER_TRAINING_ONLY_VISUAL_QA
PET_00789,data/sentinel/patch_petropolis_00789.tif,SENTINEL_TIF_ASSET,sentinel_raster_path_only,yes,.tif,0.147710,,,PATH_SIZE_EXTENSION_ONLY,d5459329f91b4191e5ac2f3f474e9dd2b18527e908f8f7d4f4b28355cd1aa800,,SAFE_FOR_REVIEW_ONLY,
PET_00789,patches/stacks/petropolis/patch_petropolis_00789.npy,MULTIMODAL_STACK_NPY,multimodal_stack_path_only,yes,.npy,0.156372,,,PATH_SIZE_EXTENSION_ONLY,73905312b06e9a332000fc770463404c5ba84c1db6265df07cbb0678b611f3c5,,SAFE_FOR_REVIEW_ONLY,
PET_00823,patches/thumbnails/petropolis/petropolis_00823__rgb_preview.png,RGB_PREVIEW_PNG,rgb_preview,yes,.png,0.008240,64,64,PIL_HEADER_ONLY,2f8b026d2785f26cd4559adb95a6e924ee7d31d05c9fd4a87b1597f89f9ed282,,BLOCKED,NOT_FOR_DATALOADER_TRAINING_ONLY_VISUAL_QA
PET_00823,data/sentinel/patch_petropolis_00823.tif,SENTINEL_TIF_ASSET,sentinel_raster_path_only,yes,.tif,0.153472,,,PATH_SIZE_EXTENSION_ONLY,db26f84558eb658136cc3b85c002c2daca53407bb38933a197ad17a48d1bf579,,SAFE_FOR_REVIEW_ONLY,
PET_00823,patches/stacks/petropolis/patch_petropolis_00823.npy,MULTIMODAL_STACK_NPY,multimodal_stack_path_only,yes,.npy,0.156372,,,PATH_SIZE_EXTENSION_ONLY,e74dbd75a38161a87d32340c4283a3e8e12389c916f99bb2db76ab9ab0522b54,,SAFE_FOR_REVIEW_ONLY,
PET_00825,patches/thumbnails/petropolis/petropolis_00825__rgb_preview.png,RGB_PREVIEW_PNG,rgb_preview,yes,.png,0.008210,64,64,PIL_HEADER_ONLY,0d7814422eabe6b6125f4a56d2e9c24c10b2fa1096bea3f930ffcb64dde9de5d,,BLOCKED,NOT_FOR_DATALOADER_TRAINING_ONLY_VISUAL_QA
PET_00825,data/sentinel/patch_petropolis_00825.tif,SENTINEL_TIF_ASSET,sentinel_raster_path_only,yes,.tif,0.147713,,,PATH_SIZE_EXTENSION_ONLY,1a7a57701dbcfbc1405663207d186c19f8fd3e13a92b0923a6bf7e885857dc75,,SAFE_FOR_REVIEW_ONLY,
PET_00825,patches/stacks/petropolis/patch_petropolis_00825.npy,MULTIMODAL_STACK_NPY,multimodal_stack_path_only,yes,.npy,0.156372,,,PATH_SIZE_EXTENSION_ONLY,ee67e341273c5ceaaf04def0d918663602b168a9d780f9024e267038c90f7b13,,SAFE_FOR_REVIEW_ONLY,
PET_00829,patches/thumbnails/petropolis/petropolis_00829__rgb_preview.png,RGB_PREVIEW_PNG,rgb_preview,yes,.png,0.007215,64,64,PIL_HEADER_ONLY,5244e31f701d282c3536fb29d32aeb1b72c287e065617855e3277ee74ebb0b0e,,BLOCKED,NOT_FOR_DATALOADER_TRAINING_ONLY_VISUAL_QA
PET_00829,data/sentinel/patch_petropolis_00829.tif,SENTINEL_TIF_ASSET,sentinel_raster_path_only,yes,.tif,0.147772,,,PATH_SIZE_EXTENSION_ONLY,3249404d860078b8f72be865f752d1615fb61b3683125c9ee45de07fd3ad34ba,,SAFE_FOR_REVIEW_ONLY,
PET_00829,patches/stacks/petropolis/patch_petropolis_00829.npy,MULTIMODAL_STACK_NPY,multimodal_stack_path_only,yes,.npy,0.156372,,,PATH_SIZE_EXTENSION_ONLY,465eac6e4876b36bb533976bb83d1b67cd0a116d2d0cb4383343596e478725ba,,SAFE_FOR_REVIEW_ONLY,
PET_00860,patches/thumbnails/petropolis/petropolis_00860__rgb_preview.png,RGB_PREVIEW_PNG,rgb_preview,yes,.png,0.009237,64,64,PIL_HEADER_ONLY,88134b8d263a35fd153fdded4b025c02294cb755f1acbb550f42a128581eae8d,,BLOCKED,NOT_FOR_DATALOADER_TRAINING_ONLY_VISUAL_QA
PET_00860,data/sentinel/patch_petropolis_00860.tif,SENTINEL_TIF_ASSET,sentinel_raster_path_only,yes,.tif,0.154186,,,PATH_SIZE_EXTENSION_ONLY,bdc4241f1ed802af8a01e338d5ac14eb01f59ef7b8a24a201d8055ebea6dc036,,SAFE_FOR_REVIEW_ONLY,
PET_00860,patches/stacks/petropolis/patch_petropolis_00860.npy,MULTIMODAL_STACK_NPY,multimodal_stack_path_only,yes,.npy,0.156372,,,PATH_SIZE_EXTENSION_ONLY,835f106c9478e94ebed92b36853a0fd73219f519f8766da61ef408ecf017ecaf,,SAFE_FOR_REVIEW_ONLY,
PET_00863,patches/thumbnails/petropolis/petropolis_00863__rgb_preview.png,RGB_PREVIEW_PNG,rgb_preview,yes,.png,0.009130,64,64,PIL_HEADER_ONLY,0dd6fe03f8500cfc248a97b64509e21cc87043eafbde08bef90c1b76086d86ea,,BLOCKED,NOT_FOR_DATALOADER_TRAINING_ONLY_VISUAL_QA
PET_00863,data/sentinel/patch_petropolis_00863.tif,SENTINEL_TIF_ASSET,sentinel_raster_path_only,yes,.tif,0.154531,,,PATH_SIZE_EXTENSION_ONLY,58a63607dcaaabf1fc7d5fe2909af89edd22280fae124fba577cb048af0f5f1c,,SAFE_FOR_REVIEW_ONLY,
PET_00863,patches/stacks/petropolis/patch_petropolis_00863.npy,MULTIMODAL_STACK_NPY,multimodal_stack_path_only,yes,.npy,0.156372,,,PATH_SIZE_EXTENSION_ONLY,c317890d4ff6ee582fcf7dd5f9f9cd9f33341a4ac6b0bca109868ec70f09d7a5,,SAFE_FOR_REVIEW_ONLY,
PET_00865,patches/thumbnails/petropolis/petropolis_00865__rgb_preview.png,RGB_PREVIEW_PNG,rgb_preview,yes,.png,0.008778,64,64,PIL_HEADER_ONLY,01b9733911c7265ec401640c961fc1a26dc4f1098fc2bbc76bebec17b5b7ff75,,BLOCKED,NOT_FOR_DATALOADER_TRAINING_ONLY_VISUAL_QA
PET_00865,data/sentinel/patch_petropolis_00865.tif,SENTINEL_TIF_ASSET,sentinel_raster_path_only,yes,.tif,0.151768,,,PATH_SIZE_EXTENSION_ONLY,2ca632cc2b0f758950bb57f6a7c543198d302f32859b4a793e0082d098d7341f,,SAFE_FOR_REVIEW_ONLY,
PET_00865,patches/stacks/petropolis/patch_petropolis_00865.npy,MULTIMODAL_STACK_NPY,multimodal_stack_path_only,yes,.npy,0.156372,,,PATH_SIZE_EXTENSION_ONLY,8e5ce5fdef2f01236f504ae5227f1b524432dbefb312d1d4b92adf40fce4e18e,,SAFE_FOR_REVIEW_ONLY,
PET_00916,patches/thumbnails/petropolis/petropolis_00916__rgb_preview.png,RGB_PREVIEW_PNG,rgb_preview,yes,.png,0.007773,64,64,PIL_HEADER_ONLY,8c9020307547b11c44f9bef0c5f939771cc064735f4249e63552d03dda36c5a9,,BLOCKED,NOT_FOR_DATALOADER_TRAINING_ONLY_VISUAL_QA
PET_00916,data/sentinel/patch_petropolis_00916.tif,SENTINEL_TIF_ASSET,sentinel_raster_path_only,yes,.tif,0.152830,,,PATH_SIZE_EXTENSION_ONLY,7d8835f7ad853d5bb534a04eb5e98b9ddd9f7128a56c596e2034f05bf00332e1,,SAFE_FOR_REVIEW_ONLY,
PET_00916,patches/stacks/petropolis/patch_petropolis_00916.npy,MULTIMODAL_STACK_NPY,multimodal_stack_path_only,yes,.npy,0.156372,,,PATH_SIZE_EXTENSION_ONLY,e92dc91fb41c785826495b8a29387558714ba3648ec344f76ebaee4ac2c0b336,,SAFE_FOR_REVIEW_ONLY,
PET_00986,patches/thumbnails/petropolis/petropolis_00986__rgb_preview.png,RGB_PREVIEW_PNG,rgb_preview,yes,.png,0.007106,64,64,PIL_HEADER_ONLY,65d09bca750adae0b6494a811bc32e5c15d824f8d1085133f163a0c90f7cdea7,,BLOCKED,NOT_FOR_DATALOADER_TRAINING_ONLY_VISUAL_QA
PET_00986,data/sentinel/patch_petropolis_00986.tif,SENTINEL_TIF_ASSET,sentinel_raster_path_only,yes,.tif,0.147787,,,PATH_SIZE_EXTENSION_ONLY,01ff795bc094d93688029846fc0358e6f8f11129e618ebfe0160186e9f3dff53,,SAFE_FOR_REVIEW_ONLY,
PET_00986,patches/stacks/petropolis/patch_petropolis_00986.npy,MULTIMODAL_STACK_NPY,multimodal_stack_path_only,yes,.npy,0.156372,,,PATH_SIZE_EXTENSION_ONLY,3f5bd89885e2880f7dbb474ce8881fe4ec0e4bf1a17dd998f16208a6cf3f2c55,,SAFE_FOR_REVIEW_ONLY,
PET_01,,NO_ASSET_PATH,none,no,,0,,,PATH_SIZE_EXTENSION_ONLY,,,BLOCKED,NO_ASSET_PATH_IN_PROTOCOL
PET_01307,patches/thumbnails/petropolis/petropolis_01307__rgb_preview.png,RGB_PREVIEW_PNG,rgb_preview,yes,.png,0.006987,64,64,PIL_HEADER_ONLY,123d2e7140a2d93f03fc7fa290691a271422f1f5546b2693a11ca8983b3425af,,BLOCKED,NOT_FOR_DATALOADER_TRAINING_ONLY_VISUAL_QA
PET_01307,data/sentinel/patch_petropolis_01307.tif,SENTINEL_TIF_ASSET,sentinel_raster_path_only,yes,.tif,0.148364,,,PATH_SIZE_EXTENSION_ONLY,d8bf9027dd8107fc30e19c1c4b7bdd884dcd3bc0f7e93864420572c1d95ee97f,,SAFE_FOR_REVIEW_ONLY,
PET_01307,patches/stacks/petropolis/patch_petropolis_01307.npy,MULTIMODAL_STACK_NPY,multimodal_stack_path_only,yes,.npy,0.156372,,,PATH_SIZE_EXTENSION_ONLY,9e8c833d9055acb38f6f978d41416e2c9290a82fb56b9d5284c44b33419dc208,,SAFE_FOR_REVIEW_ONLY,
PET_01323,patches/thumbnails/petropolis/petropolis_01323__rgb_preview.png,RGB_PREVIEW_PNG,rgb_preview,yes,.png,0.006701,64,64,PIL_HEADER_ONLY,33f989c4ac68ab4a5f5de605a88a26bda207c5905357ed38f9b167aeb23110e8,,BLOCKED,NOT_FOR_DATALOADER_TRAINING_ONLY_VISUAL_QA
PET_01323,data/sentinel/patch_petropolis_01323.tif,SENTINEL_TIF_ASSET,sentinel_raster_path_only,yes,.tif,0.149257,,,PATH_SIZE_EXTENSION_ONLY,6fade8fea573033767879090489bc952752758c78fb721be0fce148e171b932b,,SAFE_FOR_REVIEW_ONLY,
PET_01323,patches/stacks/petropolis/patch_petropolis_01323.npy,MULTIMODAL_STACK_NPY,multimodal_stack_path_only,yes,.npy,0.156372,,,PATH_SIZE_EXTENSION_ONLY,c87b6e70788e82881c715fda31c3c477aeb54c2faac269e24d248f1458de386c,,SAFE_FOR_REVIEW_ONLY,
PET_01349,data/sentinel/patch_petropolis_01349.tif,SENTINEL_TIF_ASSET,sentinel_raster_path_only,yes,.tif,0.146825,,,PATH_SIZE_EXTENSION_ONLY,933c8e5ea5c5b99b6be5190dd6390c450fb88ae2e6005e4e948b55c7849394b4,,SAFE_FOR_REVIEW_ONLY,
PET_01352,patches/thumbnails/petropolis/petropolis_01352__rgb_preview.png,RGB_PREVIEW_PNG,rgb_preview,yes,.png,0.008502,64,64,PIL_HEADER_ONLY,2f904cd3137959556b4ceafbcb5bf00de3e4d2ec308a3064f9b4b0d105a1401f,,BLOCKED,NOT_FOR_DATALOADER_TRAINING_ONLY_VISUAL_QA
PET_01352,data/sentinel/patch_petropolis_01352.tif,SENTINEL_TIF_ASSET,sentinel_raster_path_only,yes,.tif,0.152997,,,PATH_SIZE_EXTENSION_ONLY,1a8ebe75168b41a38bf45545e916a8d45b903dd9fc5b39e28632d7a69e69192f,,SAFE_FOR_REVIEW_ONLY,
PET_01352,patches/stacks/petropolis/patch_petropolis_01352.npy,MULTIMODAL_STACK_NPY,multimodal_stack_path_only,yes,.npy,0.156372,,,PATH_SIZE_EXTENSION_ONLY,30e557f421a6bf81cf168b06e97f4f49179ffb3dbd28e5ed8a38fe6bc5d4374c,,SAFE_FOR_REVIEW_ONLY,
PET_01386,patches/thumbnails/petropolis/petropolis_01386__rgb_preview.png,RGB_PREVIEW_PNG,rgb_preview,yes,.png,0.007735,64,64,PIL_HEADER_ONLY,60460b0e317eaa6b452a23f9f1cb0d195d4578fdfe827e824f8a881f23286f2e,,BLOCKED,NOT_FOR_DATALOADER_TRAINING_ONLY_VISUAL_QA
PET_01386,data/sentinel/patch_petropolis_01386.tif,SENTINEL_TIF_ASSET,sentinel_raster_path_only,yes,.tif,0.149260,,,PATH_SIZE_EXTENSION_ONLY,dc93180de368c26327f03e9cfa594433446b358139da855a0a255c05bea7abbd,,SAFE_FOR_REVIEW_ONLY,
PET_01386,patches/stacks/petropolis/patch_petropolis_01386.npy,MULTIMODAL_STACK_NPY,multimodal_stack_path_only,yes,.npy,0.156372,,,PATH_SIZE_EXTENSION_ONLY,7cdeeb248da786dd118a04098171e186093537bbbd3bc3c5af6393440f388ad8,,SAFE_FOR_REVIEW_ONLY,
PET_01403,patches/thumbnails/petropolis/petropolis_01403__rgb_preview.png,RGB_PREVIEW_PNG,rgb_preview,yes,.png,0.007402,64,64,PIL_HEADER_ONLY,b238a6718fe915b1d8bb9943756d4d814f7431782616861e7a57cc18342ec764,,BLOCKED,NOT_FOR_DATALOADER_TRAINING_ONLY_VISUAL_QA
PET_01403,data/sentinel/patch_petropolis_01403.tif,SENTINEL_TIF_ASSET,sentinel_raster_path_only,yes,.tif,0.148341,,,PATH_SIZE_EXTENSION_ONLY,557f474783edb9ac72a76c9634612c9e91c8f998e853300808a73e88015e3364,,SAFE_FOR_REVIEW_ONLY,
PET_01403,patches/stacks/petropolis/patch_petropolis_01403.npy,MULTIMODAL_STACK_NPY,multimodal_stack_path_only,yes,.npy,0.156372,,,PATH_SIZE_EXTENSION_ONLY,8a43b09bcffe0e4dee055bdfc6112b58bc02643deb07778dd586f59f615cb727,,SAFE_FOR_REVIEW_ONLY,
PET_01458,patches/thumbnails/petropolis/petropolis_01458__rgb_preview.png,RGB_PREVIEW_PNG,rgb_preview,yes,.png,0.008360,64,64,PIL_HEADER_ONLY,6aa5066bd6be7470ab4678b872b25a1d43ace8481561890865fea803cae60bad,,BLOCKED,NOT_FOR_DATALOADER_TRAINING_ONLY_VISUAL_QA
PET_01458,data/sentinel/patch_petropolis_01458.tif,SENTINEL_TIF_ASSET,sentinel_raster_path_only,yes,.tif,0.152753,,,PATH_SIZE_EXTENSION_ONLY,9947c8c1b768a8dfa5c5bef21239efac88a31936c2f332e3808506c7ffc196cc,,SAFE_FOR_REVIEW_ONLY,
PET_01458,patches/stacks/petropolis/patch_petropolis_01458.npy,MULTIMODAL_STACK_NPY,multimodal_stack_path_only,yes,.npy,0.156372,,,PATH_SIZE_EXTENSION_ONLY,7fae7623c657f5dd3b54cc9a61f4bacc21ff3ec5e0d5deb1b066c1c51aecdcc4,,SAFE_FOR_REVIEW_ONLY,
PET_01478,data/sentinel/patch_petropolis_01478.tif,SENTINEL_TIF_ASSET,sentinel_raster_path_only,yes,.tif,0.149787,,,PATH_SIZE_EXTENSION_ONLY,133dfd656c35d12e5d8cc53c5e18324b42a1c6ba9b1987e412f6935e4c4f8753,,SAFE_FOR_REVIEW_ONLY,
PET_01483,data/sentinel/patch_petropolis_01483.tif,SENTINEL_TIF_ASSET,sentinel_raster_path_only,yes,.tif,0.152452,,,PATH_SIZE_EXTENSION_ONLY,a03544f4613b3c56ee04eadcb2da8954f96cc30019a48fbf50ad8b70c7331740,,SAFE_FOR_REVIEW_ONLY,
PET_01488,patches/thumbnails/petropolis/petropolis_01488__rgb_preview.png,RGB_PREVIEW_PNG,rgb_preview,yes,.png,0.007951,64,64,PIL_HEADER_ONLY,4e3165bb0ace52f078f1e9e42fa99c8e7ca0d873fb0f97e342244f739261f8c8,,BLOCKED,NOT_FOR_DATALOADER_TRAINING_ONLY_VISUAL_QA
PET_01488,data/sentinel/patch_petropolis_01488.tif,SENTINEL_TIF_ASSET,sentinel_raster_path_only,yes,.tif,0.149786,,,PATH_SIZE_EXTENSION_ONLY,3698bbca5cebf5c1ac67cbdba3af54752699906096dd0333b3cc174f344517e3,,SAFE_FOR_REVIEW_ONLY,
PET_01488,patches/stacks/petropolis/patch_petropolis_01488.npy,MULTIMODAL_STACK_NPY,multimodal_stack_path_only,yes,.npy,0.156372,,,PATH_SIZE_EXTENSION_ONLY,e30b77dd2cfb524fc7b56dbd459e5883746c1f3587104f142874de6d9a853c13,,SAFE_FOR_REVIEW_ONLY,
PET_01495,patches/thumbnails/petropolis/petropolis_01495__rgb_preview.png,RGB_PREVIEW_PNG,rgb_preview,yes,.png,0.007915,64,64,PIL_HEADER_ONLY,779d89ba6a9bb6013cb14b486b86e10a8653e9633c557a427ab09967b0cafa0a,,BLOCKED,NOT_FOR_DATALOADER_TRAINING_ONLY_VISUAL_QA
PET_01495,data/sentinel/patch_petropolis_01495.tif,SENTINEL_TIF_ASSET,sentinel_raster_path_only,yes,.tif,0.149992,,,PATH_SIZE_EXTENSION_ONLY,17df0bfd778657999c8eecaec63f2bd22f7e8195a8470f433d380c125c4bf0d8,,SAFE_FOR_REVIEW_ONLY,
PET_01495,patches/stacks/petropolis/patch_petropolis_01495.npy,MULTIMODAL_STACK_NPY,multimodal_stack_path_only,yes,.npy,0.156372,,,PATH_SIZE_EXTENSION_ONLY,4b99cc32d951cfb24752aa94c6c3ca2c7868179e032e639901a099bcda984b4b,,SAFE_FOR_REVIEW_ONLY,
PET_02,,NO_ASSET_PATH,none,no,,0,,,PATH_SIZE_EXTENSION_ONLY,,,BLOCKED,NO_ASSET_PATH_IN_PROTOCOL
PET_03,,NO_ASSET_PATH,none,no,,0,,,PATH_SIZE_EXTENSION_ONLY,,,BLOCKED,NO_ASSET_PATH_IN_PROTOCOL
PET_04,,NO_ASSET_PATH,none,no,,0,,,PATH_SIZE_EXTENSION_ONLY,,,BLOCKED,NO_ASSET_PATH_IN_PROTOCOL
PET_05,,NO_ASSET_PATH,none,no,,0,,,PATH_SIZE_EXTENSION_ONLY,,,BLOCKED,NO_ASSET_PATH_IN_PROTOCOL
PET_06,,NO_ASSET_PATH,none,no,,0,,,PATH_SIZE_EXTENSION_ONLY,,,BLOCKED,NO_ASSET_PATH_IN_PROTOCOL
PET_07,,NO_ASSET_PATH,none,no,,0,,,PATH_SIZE_EXTENSION_ONLY,,,BLOCKED,NO_ASSET_PATH_IN_PROTOCOL
PET_08,,NO_ASSET_PATH,none,no,,0,,,PATH_SIZE_EXTENSION_ONLY,,,BLOCKED,NO_ASSET_PATH_IN_PROTOCOL
PET_09,,NO_ASSET_PATH,none,no,,0,,,PATH_SIZE_EXTENSION_ONLY,,,BLOCKED,NO_ASSET_PATH_IN_PROTOCOL
PET_10,,NO_ASSET_PATH,none,no,,0,,,PATH_SIZE_EXTENSION_ONLY,,,BLOCKED,NO_ASSET_PATH_IN_PROTOCOL
PET_11,,NO_ASSET_PATH,none,no,,0,,,PATH_SIZE_EXTENSION_ONLY,,,BLOCKED,NO_ASSET_PATH_IN_PROTOCOL
PET_12,,NO_ASSET_PATH,none,no,,0,,,PATH_SIZE_EXTENSION_ONLY,,,BLOCKED,NO_ASSET_PATH_IN_PROTOCOL
PET_13,,NO_ASSET_PATH,none,no,,0,,,PATH_SIZE_EXTENSION_ONLY,,,BLOCKED,NO_ASSET_PATH_IN_PROTOCOL
PET_14,,NO_ASSET_PATH,none,no,,0,,,PATH_SIZE_EXTENSION_ONLY,,,BLOCKED,NO_ASSET_PATH_IN_PROTOCOL
PET_15,,NO_ASSET_PATH,none,no,,0,,,PATH_SIZE_EXTENSION_ONLY,,,BLOCKED,NO_ASSET_PATH_IN_PROTOCOL
PET_16,,NO_ASSET_PATH,none,no,,0,,,PATH_SIZE_EXTENSION_ONLY,,,BLOCKED,NO_ASSET_PATH_IN_PROTOCOL
PET_17,,NO_ASSET_PATH,none,no,,0,,,PATH_SIZE_EXTENSION_ONLY,,,BLOCKED,NO_ASSET_PATH_IN_PROTOCOL
PET_18,,NO_ASSET_PATH,none,no,,0,,,PATH_SIZE_EXTENSION_ONLY,,,BLOCKED,NO_ASSET_PATH_IN_PROTOCOL
PET_19,,NO_ASSET_PATH,none,no,,0,,,PATH_SIZE_EXTENSION_ONLY,,,BLOCKED,NO_ASSET_PATH_IN_PROTOCOL
PET_20,,NO_ASSET_PATH,none,no,,0,,,PATH_SIZE_EXTENSION_ONLY,,,BLOCKED,NO_ASSET_PATH_IN_PROTOCOL
PET_21,,NO_ASSET_PATH,none,no,,0,,,PATH_SIZE_EXTENSION_ONLY,,,BLOCKED,NO_ASSET_PATH_IN_PROTOCOL
PET_22,,NO_ASSET_PATH,none,no,,0,,,PATH_SIZE_EXTENSION_ONLY,,,BLOCKED,NO_ASSET_PATH_IN_PROTOCOL
PET_23,,NO_ASSET_PATH,none,no,,0,,,PATH_SIZE_EXTENSION_ONLY,,,BLOCKED,NO_ASSET_PATH_IN_PROTOCOL
PET_24,,NO_ASSET_PATH,none,no,,0,,,PATH_SIZE_EXTENSION_ONLY,,,BLOCKED,NO_ASSET_PATH_IN_PROTOCOL
PET_25,,NO_ASSET_PATH,none,no,,0,,,PATH_SIZE_EXTENSION_ONLY,,,BLOCKED,NO_ASSET_PATH_IN_PROTOCOL
PET_26,,NO_ASSET_PATH,none,no,,0,,,PATH_SIZE_EXTENSION_ONLY,,,BLOCKED,NO_ASSET_PATH_IN_PROTOCOL
PET_27,,NO_ASSET_PATH,none,no,,0,,,PATH_SIZE_EXTENSION_ONLY,,,BLOCKED,NO_ASSET_PATH_IN_PROTOCOL
REC_00019,data/sentinel/patch_recife_00019.tif,SENTINEL_TIF_ASSET,sentinel_raster_path_only,yes,.tif,0.159826,,,PATH_SIZE_EXTENSION_ONLY,edb27d26929fdd644875a8c86a882884c16c68b477f954fbd07a15d6edb0bd02,,SAFE_FOR_REVIEW_ONLY,
REC_00183,data/sentinel/patch_recife_00183.tif,SENTINEL_TIF_ASSET,sentinel_raster_path_only,yes,.tif,0.170382,,,PATH_SIZE_EXTENSION_ONLY,9627cd55e1eff92f7a08a36ff589431847829200f7d0502c53191403d0135c2e,,SAFE_FOR_REVIEW_ONLY,
REC_00204,data/sentinel/patch_recife_00204.tif,SENTINEL_TIF_ASSET,sentinel_raster_path_only,yes,.tif,0.172336,,,PATH_SIZE_EXTENSION_ONLY,07fbff35f5432f46c7abdc5b9f8401fb4546eec6a22914bed09b28944a5e205e,,SAFE_FOR_REVIEW_ONLY,
REC_00205,data/sentinel/patch_recife_00205.tif,SENTINEL_TIF_ASSET,sentinel_raster_path_only,yes,.tif,0.173131,,,PATH_SIZE_EXTENSION_ONLY,473dc5643c0b8f6f2ff1bf1216c6f9ae580a874ed9c2ef51f569f3acbccac813,,SAFE_FOR_REVIEW_ONLY,
REC_00227,data/sentinel/patch_recife_00227.tif,SENTINEL_TIF_ASSET,sentinel_raster_path_only,yes,.tif,0.169566,,,PATH_SIZE_EXTENSION_ONLY,25bd055a2ee972ac539a82f0ab1c25253dd2d44ca547446d9cee7f5cada9f523,,SAFE_FOR_REVIEW_ONLY,
REC_00260,data/sentinel/patch_recife_00260.tif,SENTINEL_TIF_ASSET,sentinel_raster_path_only,yes,.tif,0.167782,,,PATH_SIZE_EXTENSION_ONLY,c86016118f93ce593f450b97ce6a14da4c985794e0c051859a46b585a0e70c2a,,SAFE_FOR_REVIEW_ONLY,
REC_00276,data/sentinel/patch_recife_00276.tif,SENTINEL_TIF_ASSET,sentinel_raster_path_only,yes,.tif,0.166630,,,PATH_SIZE_EXTENSION_ONLY,0db34e789daaba08183d8076eb8407653da7d2718a653761ab0911142d834fdd,,SAFE_FOR_REVIEW_ONLY,
REC_00279,data/sentinel/patch_recife_00279.tif,SENTINEL_TIF_ASSET,sentinel_raster_path_only,yes,.tif,0.164501,,,PATH_SIZE_EXTENSION_ONLY,5f64c7e6e996e51e28495c0eb742f6d3a61db7ff93b831e93abae9d9d386f930,,SAFE_FOR_REVIEW_ONLY,
REC_00289,patches/thumbnails/recife/recife_00289__rgb_preview.png,RGB_PREVIEW_PNG,rgb_preview,yes,.png,0.008553,64,64,PIL_HEADER_ONLY,8aaa90260f0add5b586c120fdceac89e338a6d90139ae036c7eb43c662940810,,BLOCKED,NOT_FOR_DATALOADER_TRAINING_ONLY_VISUAL_QA
REC_00289,data/sentinel/patch_recife_00289.tif,SENTINEL_TIF_ASSET,sentinel_raster_path_only,yes,.tif,0.168303,,,PATH_SIZE_EXTENSION_ONLY,6c2f2fdc70500026aec6858dc284fe4348975e9095f5d053b90bce0d3a321296,,SAFE_FOR_REVIEW_ONLY,
REC_00289,patches/stacks/recife/patch_recife_00289.npy,MULTIMODAL_STACK_NPY,multimodal_stack_path_only,yes,.npy,0.156372,,,PATH_SIZE_EXTENSION_ONLY,d1e743748684dae32b85fbf436d6b00f2e937728dfc978ec66bcfd47a7033c16,,SAFE_FOR_REVIEW_ONLY,
REC_00290,data/sentinel/patch_recife_00290.tif,SENTINEL_TIF_ASSET,sentinel_raster_path_only,yes,.tif,0.172701,,,PATH_SIZE_EXTENSION_ONLY,5a9d0397b6e6f7355beedcd70df2852217c27b01e29a73ab3fc88cd2f4043cec,,SAFE_FOR_REVIEW_ONLY,
REC_00291,data/sentinel/patch_recife_00291.tif,SENTINEL_TIF_ASSET,sentinel_raster_path_only,yes,.tif,0.167625,,,PATH_SIZE_EXTENSION_ONLY,9b6c1fc73bb72b1990c510dbae78b3dcb461ed097b874caa80813f3bea91d77f,,SAFE_FOR_REVIEW_ONLY,
REC_00292,data/sentinel/patch_recife_00292.tif,SENTINEL_TIF_ASSET,sentinel_raster_path_only,yes,.tif,0.172709,,,PATH_SIZE_EXTENSION_ONLY,e9bf95ff92e486e544e40dbd6582e8022b6ae7292b629a162be5a5e46c1e9cf2,,SAFE_FOR_REVIEW_ONLY,
REC_00294,data/sentinel/patch_recife_00294.tif,SENTINEL_TIF_ASSET,sentinel_raster_path_only,yes,.tif,0.172168,,,PATH_SIZE_EXTENSION_ONLY,586d2229a72af97faee5936da28ba13ba670e649d7670fc5c0aa2ee754b65370,,SAFE_FOR_REVIEW_ONLY,
REC_00296,data/sentinel/patch_recife_00296.tif,SENTINEL_TIF_ASSET,sentinel_raster_path_only,yes,.tif,0.168171,,,PATH_SIZE_EXTENSION_ONLY,8f2ab684824017ffc867b5d0d3ed8f37bc8036bca87bdf99619d9247b23941fa,,SAFE_FOR_REVIEW_ONLY,
REC_00299,data/sentinel/patch_recife_00299.tif,SENTINEL_TIF_ASSET,sentinel_raster_path_only,yes,.tif,0.164979,,,PATH_SIZE_EXTENSION_ONLY,7a99deec832d88ee8db72d2566c6dde5e2c6e5126820ec3c04149ea9547e9d52,,SAFE_FOR_REVIEW_ONLY,
REC_00302,data/sentinel/patch_recife_00302.tif,SENTINEL_TIF_ASSET,sentinel_raster_path_only,yes,.tif,0.167867,,,PATH_SIZE_EXTENSION_ONLY,7a5686c02807ffc5e0e73ee035bb7595fd43c1df74b469ed09d36b0c40a75eb0,,SAFE_FOR_REVIEW_ONLY,
REC_00313,data/sentinel/patch_recife_00313.tif,SENTINEL_TIF_ASSET,sentinel_raster_path_only,yes,.tif,0.164887,,,PATH_SIZE_EXTENSION_ONLY,4303598b8c3dbf7011790b3b3a2977451f0d8478aaab12f99ee61fa1e32c83ed,,SAFE_FOR_REVIEW_ONLY,
REC_00314,data/sentinel/patch_recife_00314.tif,SENTINEL_TIF_ASSET,sentinel_raster_path_only,yes,.tif,0.164748,,,PATH_SIZE_EXTENSION_ONLY,decf7de05049da7b82f74253c86a9ed5105de083875c910f0256a26ebecfdc3a,,SAFE_FOR_REVIEW_ONLY,
REC_00354,data/sentinel/patch_recife_00354.tif,SENTINEL_TIF_ASSET,sentinel_raster_path_only,yes,.tif,0.163012,,,PATH_SIZE_EXTENSION_ONLY,8fec202c09ebd7ed8b231e525bb613afa718a1795c3eb66c736066b253185b14,,SAFE_FOR_REVIEW_ONLY,
REC_00355,data/sentinel/patch_recife_00355.tif,SENTINEL_TIF_ASSET,sentinel_raster_path_only,yes,.tif,0.157987,,,PATH_SIZE_EXTENSION_ONLY,3f83ff82d73fcabaeb5984665e954a9db348886b1c66f23ae9f0623a4152ded5,,SAFE_FOR_REVIEW_ONLY,
REC_00364,data/sentinel/patch_recife_00364.tif,SENTINEL_TIF_ASSET,sentinel_raster_path_only,yes,.tif,0.165474,,,PATH_SIZE_EXTENSION_ONLY,aa58278dfa2c604a6d6666f51bf47e202637ce4b052ffce2baa42a5c318d15ff,,SAFE_FOR_REVIEW_ONLY,
REC_00388,data/sentinel/patch_recife_00388.tif,SENTINEL_TIF_ASSET,sentinel_raster_path_only,yes,.tif,0.169804,,,PATH_SIZE_EXTENSION_ONLY,f450be891a40ca5d42434db5aad93e76aabc66bb1e18f55eae92dc594cc73db4,,SAFE_FOR_REVIEW_ONLY,
REC_00458,data/sentinel/patch_recife_00458.tif,SENTINEL_TIF_ASSET,sentinel_raster_path_only,yes,.tif,0.164857,,,PATH_SIZE_EXTENSION_ONLY,a77e39ba883e3514a4f6cb0d2b3d6e4e9c24106bf748f794226e930bb4dd1165,,SAFE_FOR_REVIEW_ONLY,
REC_00460,data/sentinel/patch_recife_00460.tif,SENTINEL_TIF_ASSET,sentinel_raster_path_only,yes,.tif,0.163654,,,PATH_SIZE_EXTENSION_ONLY,a0633d16f0d3b42df7c3a2f952233840bae70e2a2fba2d26cdd7433cae0ef3b3,,SAFE_FOR_REVIEW_ONLY,
REC_00481,data/sentinel/patch_recife_00481.tif,SENTINEL_TIF_ASSET,sentinel_raster_path_only,yes,.tif,0.157825,,,PATH_SIZE_EXTENSION_ONLY,c3247ef3dadce7fcf69ee5f5aa3657230b350ea78ffcbe206a452cdd72f3514d,,SAFE_FOR_REVIEW_ONLY,
REC_00482,data/sentinel/patch_recife_00482.tif,SENTINEL_TIF_ASSET,sentinel_raster_path_only,yes,.tif,0.169838,,,PATH_SIZE_EXTENSION_ONLY,171cf4ee85c8dd31304725374e8cc6827d79baf371ca704a9877bb32d1c3ac7e,,SAFE_FOR_REVIEW_ONLY,
REC_00483,data/sentinel/patch_recife_00483.tif,SENTINEL_TIF_ASSET,sentinel_raster_path_only,yes,.tif,0.168271,,,PATH_SIZE_EXTENSION_ONLY,cf3970f85b6090652272da11021a2a1884bd02736a2e89d54164c46bc8a82561,,SAFE_FOR_REVIEW_ONLY,
REC_00501,data/sentinel/patch_recife_00501.tif,SENTINEL_TIF_ASSET,sentinel_raster_path_only,yes,.tif,0.173504,,,PATH_SIZE_EXTENSION_ONLY,8815500a824ddbdf6353c88b63bf905b8aa2ff17b3dbf599a6ca59bf9f383ca7,,SAFE_FOR_REVIEW_ONLY,
REC_00502,data/sentinel/patch_recife_00502.tif,SENTINEL_TIF_ASSET,sentinel_raster_path_only,yes,.tif,0.172627,,,PATH_SIZE_EXTENSION_ONLY,5f7a01f2d136e03a447fc464f2538b6985024f92e2ea087603c797fcdff83b28,,SAFE_FOR_REVIEW_ONLY,
REC_00503,data/sentinel/patch_recife_00503.tif,SENTINEL_TIF_ASSET,sentinel_raster_path_only,yes,.tif,0.168569,,,PATH_SIZE_EXTENSION_ONLY,301d492c741bbf6010f519a379243c01ecc82b6f1dc70cc31cf82a93707fd1ad,,SAFE_FOR_REVIEW_ONLY,
REC_00505,data/sentinel/patch_recife_00505.tif,SENTINEL_TIF_ASSET,sentinel_raster_path_only,yes,.tif,0.168143,,,PATH_SIZE_EXTENSION_ONLY,ad7564f5917ed1ab55973ebb71d91187188cc26ee21ad26b9d5a942bf787fe93,,SAFE_FOR_REVIEW_ONLY,
REC_00506,data/sentinel/patch_recife_00506.tif,SENTINEL_TIF_ASSET,sentinel_raster_path_only,yes,.tif,0.172408,,,PATH_SIZE_EXTENSION_ONLY,df8e8d28d98f39c7e10ac9c7c0d23f4f88e9e46722fbfd13d47fad22c69f4224,,SAFE_FOR_REVIEW_ONLY,
REC_00525,data/sentinel/patch_recife_00525.tif,SENTINEL_TIF_ASSET,sentinel_raster_path_only,yes,.tif,0.168305,,,PATH_SIZE_EXTENSION_ONLY,ef009f898b2313ca3a27fd3c155202d29754135d9d8b55ba0c71691ccdf08ace,,SAFE_FOR_REVIEW_ONLY,
REC_00526,data/sentinel/patch_recife_00526.tif,SENTINEL_TIF_ASSET,sentinel_raster_path_only,yes,.tif,0.170320,,,PATH_SIZE_EXTENSION_ONLY,71b757aafaa3d035778f480f0e5d3080f68540a0be35a2758ee976d10d687805,,SAFE_FOR_REVIEW_ONLY,
REC_00529,data/sentinel/patch_recife_00529.tif,SENTINEL_TIF_ASSET,sentinel_raster_path_only,yes,.tif,0.168283,,,PATH_SIZE_EXTENSION_ONLY,95be3c88557d9cfc4f55f33e567985bef134656ee079201ef0ed972c8435280a,,SAFE_FOR_REVIEW_ONLY,
REC_00548,data/sentinel/patch_recife_00548.tif,SENTINEL_TIF_ASSET,sentinel_raster_path_only,yes,.tif,0.168274,,,PATH_SIZE_EXTENSION_ONLY,d0c5197271a6408fc7e65c09148e09641d1e6f20744ff167e873d340bb314a59,,SAFE_FOR_REVIEW_ONLY,
REC_00550,data/sentinel/patch_recife_00550.tif,SENTINEL_TIF_ASSET,sentinel_raster_path_only,yes,.tif,0.169000,,,PATH_SIZE_EXTENSION_ONLY,d2ae8bc141dec0742e4b8ab5b8ee4dc6fc26bcbf27ec69de0b573407ede38fdd,,SAFE_FOR_REVIEW_ONLY,
REC_01,,NO_ASSET_PATH,none,no,,0,,,PATH_SIZE_EXTENSION_ONLY,,,BLOCKED,NO_ASSET_PATH_IN_PROTOCOL
REC_02,,NO_ASSET_PATH,none,no,,0,,,PATH_SIZE_EXTENSION_ONLY,,,BLOCKED,NO_ASSET_PATH_IN_PROTOCOL
REC_03,,NO_ASSET_PATH,none,no,,0,,,PATH_SIZE_EXTENSION_ONLY,,,BLOCKED,NO_ASSET_PATH_IN_PROTOCOL
REC_04,,NO_ASSET_PATH,none,no,,0,,,PATH_SIZE_EXTENSION_ONLY,,,BLOCKED,NO_ASSET_PATH_IN_PROTOCOL
REC_05,,NO_ASSET_PATH,none,no,,0,,,PATH_SIZE_EXTENSION_ONLY,,,BLOCKED,NO_ASSET_PATH_IN_PROTOCOL
REC_06,,NO_ASSET_PATH,none,no,,0,,,PATH_SIZE_EXTENSION_ONLY,,,BLOCKED,NO_ASSET_PATH_IN_PROTOCOL
REC_07,,NO_ASSET_PATH,none,no,,0,,,PATH_SIZE_EXTENSION_ONLY,,,BLOCKED,NO_ASSET_PATH_IN_PROTOCOL
REC_08,,NO_ASSET_PATH,none,no,,0,,,PATH_SIZE_EXTENSION_ONLY,,,BLOCKED,NO_ASSET_PATH_IN_PROTOCOL
REC_09,,NO_ASSET_PATH,none,no,,0,,,PATH_SIZE_EXTENSION_ONLY,,,BLOCKED,NO_ASSET_PATH_IN_PROTOCOL
REC_10,,NO_ASSET_PATH,none,no,,0,,,PATH_SIZE_EXTENSION_ONLY,,,BLOCKED,NO_ASSET_PATH_IN_PROTOCOL
REC_11,,NO_ASSET_PATH,none,no,,0,,,PATH_SIZE_EXTENSION_ONLY,,,BLOCKED,NO_ASSET_PATH_IN_PROTOCOL
REC_12,,NO_ASSET_PATH,none,no,,0,,,PATH_SIZE_EXTENSION_ONLY,,,BLOCKED,NO_ASSET_PATH_IN_PROTOCOL
REC_13,,NO_ASSET_PATH,none,no,,0,,,PATH_SIZE_EXTENSION_ONLY,,,BLOCKED,NO_ASSET_PATH_IN_PROTOCOL
REC_14,,NO_ASSET_PATH,none,no,,0,,,PATH_SIZE_EXTENSION_ONLY,,,BLOCKED,NO_ASSET_PATH_IN_PROTOCOL
REC_15,,NO_ASSET_PATH,none,no,,0,,,PATH_SIZE_EXTENSION_ONLY,,,BLOCKED,NO_ASSET_PATH_IN_PROTOCOL
REC_16,,NO_ASSET_PATH,none,no,,0,,,PATH_SIZE_EXTENSION_ONLY,,,BLOCKED,NO_ASSET_PATH_IN_PROTOCOL
REC_17,,NO_ASSET_PATH,none,no,,0,,,PATH_SIZE_EXTENSION_ONLY,,,BLOCKED,NO_ASSET_PATH_IN_PROTOCOL
REC_18,,NO_ASSET_PATH,none,no,,0,,,PATH_SIZE_EXTENSION_ONLY,,,BLOCKED,NO_ASSET_PATH_IN_PROTOCOL
