candidate_id,asset_path,asset_type,file_exists,extension,size_bytes,size_mb,accessibility,duplicate_flag
CUR_00038,patches/thumbnails/curitiba/curitiba_00038__rgb_preview.png,RGB_PREVIEW_PNG,yes,.png,9602,0.009157,READABLE_PATH_METADATA,
CUR_00038,data/sentinel/patch_curitiba_00038.tif,SENTINEL_TIF_ASSET,yes,.tif,154791,0.147620,READABLE_PATH_METADATA,
CUR_00038,patches/stacks/curitiba/patch_curitiba_00038.npy,MULTIMODAL_STACK_NPY,yes,.npy,163968,0.156372,READABLE_PATH_METADATA,
CUR_00249,patches/thumbnails/curitiba/curitiba_00249__rgb_preview.png,RGB_PREVIEW_PNG,yes,.png,10448,0.009964,READABLE_PATH_METADATA,
CUR_00249,data/sentinel/patch_curitiba_00249.tif,SENTINEL_TIF_ASSET,yes,.tif,154455,0.147300,READABLE_PATH_METADATA,
CUR_00249,patches/stacks/curitiba/patch_curitiba_00249.npy,MULTIMODAL_STACK_NPY,yes,.npy,163968,0.156372,READABLE_PATH_METADATA,
CUR_00350,patches/thumbnails/curitiba/curitiba_00350__rgb_preview.png,RGB_PREVIEW_PNG,yes,.png,10622,0.010130,READABLE_PATH_METADATA,
CUR_00350,data/sentinel/patch_curitiba_00350.tif,SENTINEL_TIF_ASSET,yes,.tif,153638,0.146521,READABLE_PATH_METADATA,
CUR_00350,patches/stacks/curitiba/patch_curitiba_00350.npy,MULTIMODAL_STACK_NPY,yes,.npy,163968,0.156372,READABLE_PATH_METADATA,
CUR_00357,patches/thumbnails/curitiba/curitiba_00357__rgb_preview.png,RGB_PREVIEW_PNG,yes,.png,9554,0.009111,READABLE_PATH_METADATA,
CUR_00357,data/sentinel/patch_curitiba_00357.tif,SENTINEL_TIF_ASSET,yes,.tif,154209,0.147065,READABLE_PATH_METADATA,
CUR_00357,patches/stacks/curitiba/patch_curitiba_00357.npy,MULTIMODAL_STACK_NPY,yes,.npy,163968,0.156372,READABLE_PATH_METADATA,
CUR_00367,patches/thumbnails/curitiba/curitiba_00367__rgb_preview.png,RGB_PREVIEW_PNG,yes,.png,10515,0.010028,READABLE_PATH_METADATA,
CUR_00367,data/sentinel/patch_curitiba_00367.tif,SENTINEL_TIF_ASSET,yes,.tif,154917,0.147740,READABLE_PATH_METADATA,
CUR_00367,patches/stacks/curitiba/patch_curitiba_00367.npy,MULTIMODAL_STACK_NPY,yes,.npy,163968,0.156372,READABLE_PATH_METADATA,
CUR_00402,patches/thumbnails/curitiba/curitiba_00402__rgb_preview.png,RGB_PREVIEW_PNG,yes,.png,10909,0.010404,READABLE_PATH_METADATA,
CUR_00402,data/sentinel/patch_curitiba_00402.tif,SENTINEL_TIF_ASSET,yes,.tif,151211,0.144206,READABLE_PATH_METADATA,
CUR_00402,patches/stacks/curitiba/patch_curitiba_00402.npy,MULTIMODAL_STACK_NPY,yes,.npy,163968,0.156372,READABLE_PATH_METADATA,
CUR_00409,patches/thumbnails/curitiba/curitiba_00409__rgb_preview.png,RGB_PREVIEW_PNG,yes,.png,9875,0.009418,READABLE_PATH_METADATA,
CUR_00409,data/sentinel/patch_curitiba_00409.tif,SENTINEL_TIF_ASSET,yes,.tif,151065,0.144067,READABLE_PATH_METADATA,
CUR_00409,patches/stacks/curitiba/patch_curitiba_00409.npy,MULTIMODAL_STACK_NPY,yes,.npy,163968,0.156372,READABLE_PATH_METADATA,
CUR_00410,patches/thumbnails/curitiba/curitiba_00410__rgb_preview.png,RGB_PREVIEW_PNG,yes,.png,11179,0.010661,READABLE_PATH_METADATA,
CUR_00410,data/sentinel/patch_curitiba_00410.tif,SENTINEL_TIF_ASSET,yes,.tif,151818,0.144785,READABLE_PATH_METADATA,
CUR_00410,patches/stacks/curitiba/patch_curitiba_00410.npy,MULTIMODAL_STACK_NPY,yes,.npy,163968,0.156372,READABLE_PATH_METADATA,
CUR_00413,patches/thumbnails/curitiba/curitiba_00413__rgb_preview.png,RGB_PREVIEW_PNG,yes,.png,10979,0.010470,READABLE_PATH_METADATA,
CUR_00413,data/sentinel/patch_curitiba_00413.tif,SENTINEL_TIF_ASSET,yes,.tif,151563,0.144542,READABLE_PATH_METADATA,
CUR_00413,patches/stacks/curitiba/patch_curitiba_00413.npy,MULTIMODAL_STACK_NPY,yes,.npy,163968,0.156372,READABLE_PATH_METADATA,
CUR_00416,patches/thumbnails/curitiba/curitiba_00416__rgb_preview.png,RGB_PREVIEW_PNG,yes,.png,9923,0.009463,READABLE_PATH_METADATA,
CUR_00416,data/sentinel/patch_curitiba_00416.tif,SENTINEL_TIF_ASSET,yes,.tif,153074,0.145983,READABLE_PATH_METADATA,
CUR_00416,patches/stacks/curitiba/patch_curitiba_00416.npy,MULTIMODAL_STACK_NPY,yes,.npy,163968,0.156372,READABLE_PATH_METADATA,
CUR_00445,patches/thumbnails/curitiba/curitiba_00445__rgb_preview.png,RGB_PREVIEW_PNG,yes,.png,10519,0.010032,READABLE_PATH_METADATA,
CUR_00445,data/sentinel/patch_curitiba_00445.tif,SENTINEL_TIF_ASSET,yes,.tif,155139,0.147952,READABLE_PATH_METADATA,
CUR_00445,patches/stacks/curitiba/patch_curitiba_00445.npy,MULTIMODAL_STACK_NPY,yes,.npy,163968,0.156372,READABLE_PATH_METADATA,
CUR_00446,patches/thumbnails/curitiba/curitiba_00446__rgb_preview.png,RGB_PREVIEW_PNG,yes,.png,11004,0.010494,READABLE_PATH_METADATA,
CUR_00446,data/sentinel/patch_curitiba_00446.tif,SENTINEL_TIF_ASSET,yes,.tif,152264,0.145210,READABLE_PATH_METADATA,
CUR_00446,patches/stacks/curitiba/patch_curitiba_00446.npy,MULTIMODAL_STACK_NPY,yes,.npy,163968,0.156372,READABLE_PATH_METADATA,
CUR_00597,patches/thumbnails/curitiba/curitiba_00597__rgb_preview.png,RGB_PREVIEW_PNG,yes,.png,10255,0.009780,READABLE_PATH_METADATA,
CUR_00597,data/sentinel/patch_curitiba_00597.tif,SENTINEL_TIF_ASSET,yes,.tif,152019,0.144977,READABLE_PATH_METADATA,
CUR_00597,patches/stacks/curitiba/patch_curitiba_00597.npy,MULTIMODAL_STACK_NPY,yes,.npy,163968,0.156372,READABLE_PATH_METADATA,
CUR_00661,patches/thumbnails/curitiba/curitiba_00661__rgb_preview.png,RGB_PREVIEW_PNG,yes,.png,10658,0.010164,READABLE_PATH_METADATA,
CUR_00661,data/sentinel/patch_curitiba_00661.tif,SENTINEL_TIF_ASSET,yes,.tif,152228,0.145176,READABLE_PATH_METADATA,
CUR_00661,patches/stacks/curitiba/patch_curitiba_00661.npy,MULTIMODAL_STACK_NPY,yes,.npy,163968,0.156372,READABLE_PATH_METADATA,
CUR_00662,patches/thumbnails/curitiba/curitiba_00662__rgb_preview.png,RGB_PREVIEW_PNG,yes,.png,9369,0.008935,READABLE_PATH_METADATA,
CUR_00662,data/sentinel/patch_curitiba_00662.tif,SENTINEL_TIF_ASSET,yes,.tif,151710,0.144682,READABLE_PATH_METADATA,
CUR_00662,patches/stacks/curitiba/patch_curitiba_00662.npy,MULTIMODAL_STACK_NPY,yes,.npy,163968,0.156372,READABLE_PATH_METADATA,
CUR_00695,patches/thumbnails/curitiba/curitiba_00695__rgb_preview.png,RGB_PREVIEW_PNG,yes,.png,9208,0.008781,READABLE_PATH_METADATA,
CUR_00695,data/sentinel/patch_curitiba_00695.tif,SENTINEL_TIF_ASSET,yes,.tif,150068,0.143116,READABLE_PATH_METADATA,
CUR_00695,patches/stacks/curitiba/patch_curitiba_00695.npy,MULTIMODAL_STACK_NPY,yes,.npy,163968,0.156372,READABLE_PATH_METADATA,
CUR_00728,patches/thumbnails/curitiba/curitiba_00728__rgb_preview.png,RGB_PREVIEW_PNG,yes,.png,10571,0.010081,READABLE_PATH_METADATA,
CUR_00728,data/sentinel/patch_curitiba_00728.tif,SENTINEL_TIF_ASSET,yes,.tif,144131,0.137454,READABLE_PATH_METADATA,
CUR_00728,patches/stacks/curitiba/patch_curitiba_00728.npy,MULTIMODAL_STACK_NPY,yes,.npy,163968,0.156372,READABLE_PATH_METADATA,
CUR_00740,patches/thumbnails/curitiba/curitiba_00740__rgb_preview.png,RGB_PREVIEW_PNG,yes,.png,9337,0.008904,READABLE_PATH_METADATA,
CUR_00740,data/sentinel/patch_curitiba_00740.tif,SENTINEL_TIF_ASSET,yes,.tif,152277,0.145223,READABLE_PATH_METADATA,
CUR_00740,patches/stacks/curitiba/patch_curitiba_00740.npy,MULTIMODAL_STACK_NPY,yes,.npy,163968,0.156372,READABLE_PATH_METADATA,
CUR_00887,patches/thumbnails/curitiba/curitiba_00887__rgb_preview.png,RGB_PREVIEW_PNG,yes,.png,9770,0.009317,READABLE_PATH_METADATA,
CUR_00887,data/sentinel/patch_curitiba_00887.tif,SENTINEL_TIF_ASSET,yes,.tif,151794,0.144762,READABLE_PATH_METADATA,
CUR_00887,patches/stacks/curitiba/patch_curitiba_00887.npy,MULTIMODAL_STACK_NPY,yes,.npy,163968,0.156372,READABLE_PATH_METADATA,
CUR_00888,patches/thumbnails/curitiba/curitiba_00888__rgb_preview.png,RGB_PREVIEW_PNG,yes,.png,10645,0.010152,READABLE_PATH_METADATA,
CUR_00888,data/sentinel/patch_curitiba_00888.tif,SENTINEL_TIF_ASSET,yes,.tif,156616,0.149361,READABLE_PATH_METADATA,
CUR_00888,patches/stacks/curitiba/patch_curitiba_00888.npy,MULTIMODAL_STACK_NPY,yes,.npy,163968,0.156372,READABLE_PATH_METADATA,
CUR_00889,patches/thumbnails/curitiba/curitiba_00889__rgb_preview.png,RGB_PREVIEW_PNG,yes,.png,10390,0.009909,READABLE_PATH_METADATA,
CUR_00889,data/sentinel/patch_curitiba_00889.tif,SENTINEL_TIF_ASSET,yes,.tif,152061,0.145017,READABLE_PATH_METADATA,
CUR_00889,patches/stacks/curitiba/patch_curitiba_00889.npy,MULTIMODAL_STACK_NPY,yes,.npy,163968,0.156372,READABLE_PATH_METADATA,
CUR_00895,patches/thumbnails/curitiba/curitiba_00895__rgb_preview.png,RGB_PREVIEW_PNG,yes,.png,11187,0.010669,READABLE_PATH_METADATA,
CUR_00895,data/sentinel/patch_curitiba_00895.tif,SENTINEL_TIF_ASSET,yes,.tif,151965,0.144925,READABLE_PATH_METADATA,
CUR_00895,patches/stacks/curitiba/patch_curitiba_00895.npy,MULTIMODAL_STACK_NPY,yes,.npy,163968,0.156372,READABLE_PATH_METADATA,
CUR_00899,patches/thumbnails/curitiba/curitiba_00899__rgb_preview.png,RGB_PREVIEW_PNG,yes,.png,10039,0.009574,READABLE_PATH_METADATA,
CUR_00899,data/sentinel/patch_curitiba_00899.tif,SENTINEL_TIF_ASSET,yes,.tif,154731,0.147563,READABLE_PATH_METADATA,
CUR_00899,patches/stacks/curitiba/patch_curitiba_00899.npy,MULTIMODAL_STACK_NPY,yes,.npy,163968,0.156372,READABLE_PATH_METADATA,
CUR_00924,patches/thumbnails/curitiba/curitiba_00924__rgb_preview.png,RGB_PREVIEW_PNG,yes,.png,10698,0.010202,READABLE_PATH_METADATA,
CUR_00924,data/sentinel/patch_curitiba_00924.tif,SENTINEL_TIF_ASSET,yes,.tif,153675,0.146556,READABLE_PATH_METADATA,
CUR_00924,patches/stacks/curitiba/patch_curitiba_00924.npy,MULTIMODAL_STACK_NPY,yes,.npy,163968,0.156372,READABLE_PATH_METADATA,
CUR_00930,patches/thumbnails/curitiba/curitiba_00930__rgb_preview.png,RGB_PREVIEW_PNG,yes,.png,10459,0.009974,READABLE_PATH_METADATA,
CUR_00930,data/sentinel/patch_curitiba_00930.tif,SENTINEL_TIF_ASSET,yes,.tif,158359,0.151023,READABLE_PATH_METADATA,
CUR_00930,patches/stacks/curitiba/patch_curitiba_00930.npy,MULTIMODAL_STACK_NPY,yes,.npy,163968,0.156372,READABLE_PATH_METADATA,
CUR_00934,patches/thumbnails/curitiba/curitiba_00934__rgb_preview.png,RGB_PREVIEW_PNG,yes,.png,10409,0.009927,READABLE_PATH_METADATA,
CUR_00934,data/sentinel/patch_curitiba_00934.tif,SENTINEL_TIF_ASSET,yes,.tif,152159,0.145110,READABLE_PATH_METADATA,
CUR_00934,patches/stacks/curitiba/patch_curitiba_00934.npy,MULTIMODAL_STACK_NPY,yes,.npy,163968,0.156372,READABLE_PATH_METADATA,
CUR_00936,patches/thumbnails/curitiba/curitiba_00936__rgb_preview.png,RGB_PREVIEW_PNG,yes,.png,9719,0.009269,READABLE_PATH_METADATA,
CUR_00936,data/sentinel/patch_curitiba_00936.tif,SENTINEL_TIF_ASSET,yes,.tif,154008,0.146873,READABLE_PATH_METADATA,
CUR_00936,patches/stacks/curitiba/patch_curitiba_00936.npy,MULTIMODAL_STACK_NPY,yes,.npy,163968,0.156372,READABLE_PATH_METADATA,
CUR_00960,patches/thumbnails/curitiba/curitiba_00960__rgb_preview.png,RGB_PREVIEW_PNG,yes,.png,10613,0.010121,READABLE_PATH_METADATA,
CUR_00960,data/sentinel/patch_curitiba_00960.tif,SENTINEL_TIF_ASSET,yes,.tif,154843,0.147670,READABLE_PATH_METADATA,
CUR_00960,patches/stacks/curitiba/patch_curitiba_00960.npy,MULTIMODAL_STACK_NPY,yes,.npy,163968,0.156372,READABLE_PATH_METADATA,
CUR_00969,patches/thumbnails/curitiba/curitiba_00969__rgb_preview.png,RGB_PREVIEW_PNG,yes,.png,10607,0.010116,READABLE_PATH_METADATA,
CUR_00969,data/sentinel/patch_curitiba_00969.tif,SENTINEL_TIF_ASSET,yes,.tif,156085,0.148854,READABLE_PATH_METADATA,
CUR_00969,patches/stacks/curitiba/patch_curitiba_00969.npy,MULTIMODAL_STACK_NPY,yes,.npy,163968,0.156372,READABLE_PATH_METADATA,
CUR_00977,patches/thumbnails/curitiba/curitiba_00977__rgb_preview.png,RGB_PREVIEW_PNG,yes,.png,9979,0.009517,READABLE_PATH_METADATA,
CUR_00977,data/sentinel/patch_curitiba_00977.tif,SENTINEL_TIF_ASSET,yes,.tif,154873,0.147698,READABLE_PATH_METADATA,
CUR_00977,patches/stacks/curitiba/patch_curitiba_00977.npy,MULTIMODAL_STACK_NPY,yes,.npy,163968,0.156372,READABLE_PATH_METADATA,
CUR_00992,patches/thumbnails/curitiba/curitiba_00992__rgb_preview.png,RGB_PREVIEW_PNG,yes,.png,10266,0.009790,READABLE_PATH_METADATA,
CUR_00992,data/sentinel/patch_curitiba_00992.tif,SENTINEL_TIF_ASSET,yes,.tif,155014,0.147833,READABLE_PATH_METADATA,
CUR_00992,patches/stacks/curitiba/patch_curitiba_00992.npy,MULTIMODAL_STACK_NPY,yes,.npy,163968,0.156372,READABLE_PATH_METADATA,
CUR_00995,patches/thumbnails/curitiba/curitiba_00995__rgb_preview.png,RGB_PREVIEW_PNG,yes,.png,9585,0.009141,READABLE_PATH_METADATA,
CUR_00995,data/sentinel/patch_curitiba_00995.tif,SENTINEL_TIF_ASSET,yes,.tif,153901,0.146771,READABLE_PATH_METADATA,
CUR_00995,patches/stacks/curitiba/patch_curitiba_00995.npy,MULTIMODAL_STACK_NPY,yes,.npy,163968,0.156372,READABLE_PATH_METADATA,
CUR_01,,NO_ASSET_PATH,no,,0,0,MISSING_OR_NO_PATH,
CUR_01012,patches/thumbnails/curitiba/curitiba_01012__rgb_preview.png,RGB_PREVIEW_PNG,yes,.png,9977,0.009515,READABLE_PATH_METADATA,
CUR_01012,data/sentinel/patch_curitiba_01012.tif,SENTINEL_TIF_ASSET,yes,.tif,154037,0.146901,READABLE_PATH_METADATA,
CUR_01012,patches/stacks/curitiba/patch_curitiba_01012.npy,MULTIMODAL_STACK_NPY,yes,.npy,163968,0.156372,READABLE_PATH_METADATA,
CUR_01015,patches/thumbnails/curitiba/curitiba_01015__rgb_preview.png,RGB_PREVIEW_PNG,yes,.png,10296,0.009819,READABLE_PATH_METADATA,
CUR_01015,data/sentinel/patch_curitiba_01015.tif,SENTINEL_TIF_ASSET,yes,.tif,153173,0.146077,READABLE_PATH_METADATA,
CUR_01015,patches/stacks/curitiba/patch_curitiba_01015.npy,MULTIMODAL_STACK_NPY,yes,.npy,163968,0.156372,READABLE_PATH_METADATA,
CUR_01030,patches/thumbnails/curitiba/curitiba_01030__rgb_preview.png,RGB_PREVIEW_PNG,yes,.png,10175,0.009704,READABLE_PATH_METADATA,
CUR_01030,data/sentinel/patch_curitiba_01030.tif,SENTINEL_TIF_ASSET,yes,.tif,153594,0.146479,READABLE_PATH_METADATA,
CUR_01030,patches/stacks/curitiba/patch_curitiba_01030.npy,MULTIMODAL_STACK_NPY,yes,.npy,163968,0.156372,READABLE_PATH_METADATA,
CUR_01040,patches/thumbnails/curitiba/curitiba_01040__rgb_preview.png,RGB_PREVIEW_PNG,yes,.png,10905,0.010400,READABLE_PATH_METADATA,
CUR_01040,data/sentinel/patch_curitiba_01040.tif,SENTINEL_TIF_ASSET,yes,.tif,151862,0.144827,READABLE_PATH_METADATA,
CUR_01040,patches/stacks/curitiba/patch_curitiba_01040.npy,MULTIMODAL_STACK_NPY,yes,.npy,163968,0.156372,READABLE_PATH_METADATA,
CUR_01050,patches/thumbnails/curitiba/curitiba_01050__rgb_preview.png,RGB_PREVIEW_PNG,yes,.png,10725,0.010228,READABLE_PATH_METADATA,
CUR_01050,data/sentinel/patch_curitiba_01050.tif,SENTINEL_TIF_ASSET,yes,.tif,149561,0.142632,READABLE_PATH_METADATA,
CUR_01050,patches/stacks/curitiba/patch_curitiba_01050.npy,MULTIMODAL_STACK_NPY,yes,.npy,163968,0.156372,READABLE_PATH_METADATA,
CUR_01059,patches/thumbnails/curitiba/curitiba_01059__rgb_preview.png,RGB_PREVIEW_PNG,yes,.png,8439,0.008048,READABLE_PATH_METADATA,
CUR_01059,data/sentinel/patch_curitiba_01059.tif,SENTINEL_TIF_ASSET,yes,.tif,150992,0.143997,READABLE_PATH_METADATA,
CUR_01059,patches/stacks/curitiba/patch_curitiba_01059.npy,MULTIMODAL_STACK_NPY,yes,.npy,163968,0.156372,READABLE_PATH_METADATA,
CUR_01065,patches/thumbnails/curitiba/curitiba_01065__rgb_preview.png,RGB_PREVIEW_PNG,yes,.png,10232,0.009758,READABLE_PATH_METADATA,
CUR_01065,data/sentinel/patch_curitiba_01065.tif,SENTINEL_TIF_ASSET,yes,.tif,153523,0.146411,READABLE_PATH_METADATA,
CUR_01065,patches/stacks/curitiba/patch_curitiba_01065.npy,MULTIMODAL_STACK_NPY,yes,.npy,163968,0.156372,READABLE_PATH_METADATA,
CUR_01075,patches/thumbnails/curitiba/curitiba_01075__rgb_preview.png,RGB_PREVIEW_PNG,yes,.png,10790,0.010290,READABLE_PATH_METADATA,
CUR_01075,data/sentinel/patch_curitiba_01075.tif,SENTINEL_TIF_ASSET,yes,.tif,151841,0.144807,READABLE_PATH_METADATA,
CUR_01075,patches/stacks/curitiba/patch_curitiba_01075.npy,MULTIMODAL_STACK_NPY,yes,.npy,163968,0.156372,READABLE_PATH_METADATA,
CUR_01101,patches/thumbnails/curitiba/curitiba_01101__rgb_preview.png,RGB_PREVIEW_PNG,yes,.png,10698,0.010202,READABLE_PATH_METADATA,
CUR_01101,data/sentinel/patch_curitiba_01101.tif,SENTINEL_TIF_ASSET,yes,.tif,154437,0.147283,READABLE_PATH_METADATA,
CUR_01101,patches/stacks/curitiba/patch_curitiba_01101.npy,MULTIMODAL_STACK_NPY,yes,.npy,163968,0.156372,READABLE_PATH_METADATA,
CUR_01145,patches/thumbnails/curitiba/curitiba_01145__rgb_preview.png,RGB_PREVIEW_PNG,yes,.png,10214,0.009741,READABLE_PATH_METADATA,
CUR_01145,data/sentinel/patch_curitiba_01145.tif,SENTINEL_TIF_ASSET,yes,.tif,154591,0.147429,READABLE_PATH_METADATA,
CUR_01145,patches/stacks/curitiba/patch_curitiba_01145.npy,MULTIMODAL_STACK_NPY,yes,.npy,163968,0.156372,READABLE_PATH_METADATA,
CUR_01324,patches/thumbnails/curitiba/curitiba_01324__rgb_preview.png,RGB_PREVIEW_PNG,yes,.png,8313,0.007928,READABLE_PATH_METADATA,
CUR_01324,data/sentinel/patch_curitiba_01324.tif,SENTINEL_TIF_ASSET,yes,.tif,148426,0.141550,READABLE_PATH_METADATA,
CUR_01324,patches/stacks/curitiba/patch_curitiba_01324.npy,MULTIMODAL_STACK_NPY,yes,.npy,163968,0.156372,READABLE_PATH_METADATA,
CUR_02,,NO_ASSET_PATH,no,,0,0,MISSING_OR_NO_PATH,
CUR_03,,NO_ASSET_PATH,no,,0,0,MISSING_OR_NO_PATH,
CUR_04,,NO_ASSET_PATH,no,,0,0,MISSING_OR_NO_PATH,
CUR_05,,NO_ASSET_PATH,no,,0,0,MISSING_OR_NO_PATH,
CUR_06,,NO_ASSET_PATH,no,,0,0,MISSING_OR_NO_PATH,
CUR_07,,NO_ASSET_PATH,no,,0,0,MISSING_OR_NO_PATH,
CUR_08,,NO_ASSET_PATH,no,,0,0,MISSING_OR_NO_PATH,
CUR_09,,NO_ASSET_PATH,no,,0,0,MISSING_OR_NO_PATH,
CUR_10,,NO_ASSET_PATH,no,,0,0,MISSING_OR_NO_PATH,
CUR_11,,NO_ASSET_PATH,no,,0,0,MISSING_OR_NO_PATH,
CUR_12,,NO_ASSET_PATH,no,,0,0,MISSING_OR_NO_PATH,
CUR_13,,NO_ASSET_PATH,no,,0,0,MISSING_OR_NO_PATH,
CUR_14,,NO_ASSET_PATH,no,,0,0,MISSING_OR_NO_PATH,
PET_00016,patches/thumbnails/petropolis/petropolis_00016__rgb_preview.png,RGB_PREVIEW_PNG,yes,.png,10049,0.009583,READABLE_PATH_METADATA,
PET_00016,data/sentinel/patch_petropolis_00016.tif,SENTINEL_TIF_ASSET,yes,.tif,163977,0.156381,READABLE_PATH_METADATA,
PET_00016,patches/stacks/petropolis/patch_petropolis_00016.npy,MULTIMODAL_STACK_NPY,yes,.npy,163968,0.156372,READABLE_PATH_METADATA,
PET_00104,patches/thumbnails/petropolis/petropolis_00104__rgb_preview.png,RGB_PREVIEW_PNG,yes,.png,9968,0.009506,READABLE_PATH_METADATA,
PET_00104,data/sentinel/patch_petropolis_00104.tif,SENTINEL_TIF_ASSET,yes,.tif,162547,0.155017,READABLE_PATH_METADATA,
PET_00104,patches/stacks/petropolis/patch_petropolis_00104.npy,MULTIMODAL_STACK_NPY,yes,.npy,163968,0.156372,READABLE_PATH_METADATA,
PET_00119,data/sentinel/patch_petropolis_00119.tif,SENTINEL_TIF_ASSET,yes,.tif,154349,0.147199,READABLE_PATH_METADATA,
PET_00140,patches/thumbnails/petropolis/petropolis_00140__rgb_preview.png,RGB_PREVIEW_PNG,yes,.png,9390,0.008955,READABLE_PATH_METADATA,
PET_00140,data/sentinel/patch_petropolis_00140.tif,SENTINEL_TIF_ASSET,yes,.tif,160351,0.152923,READABLE_PATH_METADATA,
PET_00140,patches/stacks/petropolis/patch_petropolis_00140.npy,MULTIMODAL_STACK_NPY,yes,.npy,163968,0.156372,READABLE_PATH_METADATA,
PET_00240,data/sentinel/patch_petropolis_00240.tif,SENTINEL_TIF_ASSET,yes,.tif,160369,0.152940,READABLE_PATH_METADATA,
PET_00257,patches/thumbnails/petropolis/petropolis_00257__rgb_preview.png,RGB_PREVIEW_PNG,yes,.png,9393,0.008958,READABLE_PATH_METADATA,
PET_00257,data/sentinel/patch_petropolis_00257.tif,SENTINEL_TIF_ASSET,yes,.tif,160228,0.152805,READABLE_PATH_METADATA,
PET_00257,patches/stacks/petropolis/patch_petropolis_00257.npy,MULTIMODAL_STACK_NPY,yes,.npy,163968,0.156372,READABLE_PATH_METADATA,
PET_00275,data/sentinel/patch_petropolis_00275.tif,SENTINEL_TIF_ASSET,yes,.tif,155758,0.148542,READABLE_PATH_METADATA,
PET_00291,patches/thumbnails/petropolis/petropolis_00291__rgb_preview.png,RGB_PREVIEW_PNG,yes,.png,10108,0.009640,READABLE_PATH_METADATA,
PET_00291,data/sentinel/patch_petropolis_00291.tif,SENTINEL_TIF_ASSET,yes,.tif,157449,0.150155,READABLE_PATH_METADATA,
PET_00291,patches/stacks/petropolis/patch_petropolis_00291.npy,MULTIMODAL_STACK_NPY,yes,.npy,163968,0.156372,READABLE_PATH_METADATA,
PET_00315,data/sentinel/patch_petropolis_00315.tif,SENTINEL_TIF_ASSET,yes,.tif,160014,0.152601,READABLE_PATH_METADATA,
PET_00360,patches/thumbnails/petropolis/petropolis_00360__rgb_preview.png,RGB_PREVIEW_PNG,yes,.png,10083,0.009616,READABLE_PATH_METADATA,
PET_00360,data/sentinel/patch_petropolis_00360.tif,SENTINEL_TIF_ASSET,yes,.tif,155197,0.148007,READABLE_PATH_METADATA,
PET_00360,patches/stacks/petropolis/patch_petropolis_00360.npy,MULTIMODAL_STACK_NPY,yes,.npy,163968,0.156372,READABLE_PATH_METADATA,
PET_00362,data/sentinel/patch_petropolis_00362.tif,SENTINEL_TIF_ASSET,yes,.tif,158112,0.150787,READABLE_PATH_METADATA,
PET_00396,patches/thumbnails/petropolis/petropolis_00396__rgb_preview.png,RGB_PREVIEW_PNG,yes,.png,10015,0.009551,READABLE_PATH_METADATA,
PET_00396,data/sentinel/patch_petropolis_00396.tif,SENTINEL_TIF_ASSET,yes,.tif,154962,0.147783,READABLE_PATH_METADATA,
PET_00396,patches/stacks/petropolis/patch_petropolis_00396.npy,MULTIMODAL_STACK_NPY,yes,.npy,163968,0.156372,READABLE_PATH_METADATA,
PET_00397,patches/thumbnails/petropolis/petropolis_00397__rgb_preview.png,RGB_PREVIEW_PNG,yes,.png,9599,0.009154,READABLE_PATH_METADATA,
PET_00397,data/sentinel/patch_petropolis_00397.tif,SENTINEL_TIF_ASSET,yes,.tif,160176,0.152756,READABLE_PATH_METADATA,
PET_00397,patches/stacks/petropolis/patch_petropolis_00397.npy,MULTIMODAL_STACK_NPY,yes,.npy,163968,0.156372,READABLE_PATH_METADATA,
PET_00404,patches/thumbnails/petropolis/petropolis_00404__rgb_preview.png,RGB_PREVIEW_PNG,yes,.png,9416,0.008980,READABLE_PATH_METADATA,
PET_00404,data/sentinel/patch_petropolis_00404.tif,SENTINEL_TIF_ASSET,yes,.tif,159724,0.152325,READABLE_PATH_METADATA,
PET_00404,patches/stacks/petropolis/patch_petropolis_00404.npy,MULTIMODAL_STACK_NPY,yes,.npy,163968,0.156372,READABLE_PATH_METADATA,
PET_00431,data/sentinel/patch_petropolis_00431.tif,SENTINEL_TIF_ASSET,yes,.tif,154063,0.146926,READABLE_PATH_METADATA,
PET_00467,patches/thumbnails/petropolis/petropolis_00467__rgb_preview.png,RGB_PREVIEW_PNG,yes,.png,10365,0.009885,READABLE_PATH_METADATA,
PET_00467,data/sentinel/patch_petropolis_00467.tif,SENTINEL_TIF_ASSET,yes,.tif,162229,0.154714,READABLE_PATH_METADATA,
PET_00467,patches/stacks/petropolis/patch_petropolis_00467.npy,MULTIMODAL_STACK_NPY,yes,.npy,163968,0.156372,READABLE_PATH_METADATA,
PET_00506,patches/thumbnails/petropolis/petropolis_00506__rgb_preview.png,RGB_PREVIEW_PNG,yes,.png,8933,0.008519,READABLE_PATH_METADATA,
PET_00506,data/sentinel/patch_petropolis_00506.tif,SENTINEL_TIF_ASSET,yes,.tif,156354,0.149111,READABLE_PATH_METADATA,
PET_00506,patches/stacks/petropolis/patch_petropolis_00506.npy,MULTIMODAL_STACK_NPY,yes,.npy,163968,0.156372,READABLE_PATH_METADATA,
PET_00507,patches/thumbnails/petropolis/petropolis_00507__rgb_preview.png,RGB_PREVIEW_PNG,yes,.png,8644,0.008244,READABLE_PATH_METADATA,
PET_00507,data/sentinel/patch_petropolis_00507.tif,SENTINEL_TIF_ASSET,yes,.tif,160369,0.152940,READABLE_PATH_METADATA,
PET_00507,patches/stacks/petropolis/patch_petropolis_00507.npy,MULTIMODAL_STACK_NPY,yes,.npy,163968,0.156372,READABLE_PATH_METADATA,
PET_00579,patches/thumbnails/petropolis/petropolis_00579__rgb_preview.png,RGB_PREVIEW_PNG,yes,.png,9105,0.008683,READABLE_PATH_METADATA,
PET_00579,data/sentinel/patch_petropolis_00579.tif,SENTINEL_TIF_ASSET,yes,.tif,163690,0.156107,READABLE_PATH_METADATA,
PET_00579,patches/stacks/petropolis/patch_petropolis_00579.npy,MULTIMODAL_STACK_NPY,yes,.npy,163968,0.156372,READABLE_PATH_METADATA,
PET_00614,patches/thumbnails/petropolis/petropolis_00614__rgb_preview.png,RGB_PREVIEW_PNG,yes,.png,10559,0.010070,READABLE_PATH_METADATA,
PET_00614,data/sentinel/patch_petropolis_00614.tif,SENTINEL_TIF_ASSET,yes,.tif,165796,0.158115,READABLE_PATH_METADATA,
PET_00614,patches/stacks/petropolis/patch_petropolis_00614.npy,MULTIMODAL_STACK_NPY,yes,.npy,163968,0.156372,READABLE_PATH_METADATA,
PET_00615,patches/thumbnails/petropolis/petropolis_00615__rgb_preview.png,RGB_PREVIEW_PNG,yes,.png,8881,0.008470,READABLE_PATH_METADATA,
PET_00615,data/sentinel/patch_petropolis_00615.tif,SENTINEL_TIF_ASSET,yes,.tif,160929,0.153474,READABLE_PATH_METADATA,
PET_00615,patches/stacks/petropolis/patch_petropolis_00615.npy,MULTIMODAL_STACK_NPY,yes,.npy,163968,0.156372,READABLE_PATH_METADATA,
PET_00617,patches/thumbnails/petropolis/petropolis_00617__rgb_preview.png,RGB_PREVIEW_PNG,yes,.png,7400,0.007057,READABLE_PATH_METADATA,
PET_00617,data/sentinel/patch_petropolis_00617.tif,SENTINEL_TIF_ASSET,yes,.tif,157482,0.150187,READABLE_PATH_METADATA,
PET_00617,patches/stacks/petropolis/patch_petropolis_00617.npy,MULTIMODAL_STACK_NPY,yes,.npy,163968,0.156372,READABLE_PATH_METADATA,
PET_00618,patches/thumbnails/petropolis/petropolis_00618__rgb_preview.png,RGB_PREVIEW_PNG,yes,.png,8024,0.007652,READABLE_PATH_METADATA,
PET_00618,data/sentinel/patch_petropolis_00618.tif,SENTINEL_TIF_ASSET,yes,.tif,160236,0.152813,READABLE_PATH_METADATA,
PET_00618,patches/stacks/petropolis/patch_petropolis_00618.npy,MULTIMODAL_STACK_NPY,yes,.npy,163968,0.156372,READABLE_PATH_METADATA,
PET_00641,patches/thumbnails/petropolis/petropolis_00641__rgb_preview.png,RGB_PREVIEW_PNG,yes,.png,7469,0.007123,READABLE_PATH_METADATA,
PET_00641,data/sentinel/patch_petropolis_00641.tif,SENTINEL_TIF_ASSET,yes,.tif,155089,0.147904,READABLE_PATH_METADATA,
PET_00641,patches/stacks/petropolis/patch_petropolis_00641.npy,MULTIMODAL_STACK_NPY,yes,.npy,163968,0.156372,READABLE_PATH_METADATA,
PET_00649,patches/thumbnails/petropolis/petropolis_00649__rgb_preview.png,RGB_PREVIEW_PNG,yes,.png,10574,0.010084,READABLE_PATH_METADATA,
PET_00649,data/sentinel/patch_petropolis_00649.tif,SENTINEL_TIF_ASSET,yes,.tif,165659,0.157985,READABLE_PATH_METADATA,
PET_00649,patches/stacks/petropolis/patch_petropolis_00649.npy,MULTIMODAL_STACK_NPY,yes,.npy,163968,0.156372,READABLE_PATH_METADATA,
PET_00652,patches/thumbnails/petropolis/petropolis_00652__rgb_preview.png,RGB_PREVIEW_PNG,yes,.png,9844,0.009388,READABLE_PATH_METADATA,
PET_00652,data/sentinel/patch_petropolis_00652.tif,SENTINEL_TIF_ASSET,yes,.tif,160063,0.152648,READABLE_PATH_METADATA,
PET_00652,patches/stacks/petropolis/patch_petropolis_00652.npy,MULTIMODAL_STACK_NPY,yes,.npy,163968,0.156372,READABLE_PATH_METADATA,
PET_00720,patches/thumbnails/petropolis/petropolis_00720__rgb_preview.png,RGB_PREVIEW_PNG,yes,.png,9577,0.009133,READABLE_PATH_METADATA,
PET_00720,data/sentinel/patch_petropolis_00720.tif,SENTINEL_TIF_ASSET,yes,.tif,160999,0.153541,READABLE_PATH_METADATA,
PET_00720,patches/stacks/petropolis/patch_petropolis_00720.npy,MULTIMODAL_STACK_NPY,yes,.npy,163968,0.156372,READABLE_PATH_METADATA,
PET_00756,patches/thumbnails/petropolis/petropolis_00756__rgb_preview.png,RGB_PREVIEW_PNG,yes,.png,9495,0.009055,READABLE_PATH_METADATA,
PET_00756,data/sentinel/patch_petropolis_00756.tif,SENTINEL_TIF_ASSET,yes,.tif,164753,0.157121,READABLE_PATH_METADATA,
PET_00756,patches/stacks/petropolis/patch_petropolis_00756.npy,MULTIMODAL_STACK_NPY,yes,.npy,163968,0.156372,READABLE_PATH_METADATA,
PET_00789,patches/thumbnails/petropolis/petropolis_00789__rgb_preview.png,RGB_PREVIEW_PNG,yes,.png,9605,0.009160,READABLE_PATH_METADATA,
PET_00789,data/sentinel/patch_petropolis_00789.tif,SENTINEL_TIF_ASSET,yes,.tif,154885,0.147710,READABLE_PATH_METADATA,
PET_00789,patches/stacks/petropolis/patch_petropolis_00789.npy,MULTIMODAL_STACK_NPY,yes,.npy,163968,0.156372,READABLE_PATH_METADATA,
PET_00823,patches/thumbnails/petropolis/petropolis_00823__rgb_preview.png,RGB_PREVIEW_PNG,yes,.png,8640,0.008240,READABLE_PATH_METADATA,
PET_00823,data/sentinel/patch_petropolis_00823.tif,SENTINEL_TIF_ASSET,yes,.tif,160927,0.153472,READABLE_PATH_METADATA,
PET_00823,patches/stacks/petropolis/patch_petropolis_00823.npy,MULTIMODAL_STACK_NPY,yes,.npy,163968,0.156372,READABLE_PATH_METADATA,
PET_00825,patches/thumbnails/petropolis/petropolis_00825__rgb_preview.png,RGB_PREVIEW_PNG,yes,.png,8609,0.008210,READABLE_PATH_METADATA,
PET_00825,data/sentinel/patch_petropolis_00825.tif,SENTINEL_TIF_ASSET,yes,.tif,154888,0.147713,READABLE_PATH_METADATA,
PET_00825,patches/stacks/petropolis/patch_petropolis_00825.npy,MULTIMODAL_STACK_NPY,yes,.npy,163968,0.156372,READABLE_PATH_METADATA,
PET_00829,patches/thumbnails/petropolis/petropolis_00829__rgb_preview.png,RGB_PREVIEW_PNG,yes,.png,7566,0.007215,READABLE_PATH_METADATA,
PET_00829,data/sentinel/patch_petropolis_00829.tif,SENTINEL_TIF_ASSET,yes,.tif,154950,0.147772,READABLE_PATH_METADATA,
PET_00829,patches/stacks/petropolis/patch_petropolis_00829.npy,MULTIMODAL_STACK_NPY,yes,.npy,163968,0.156372,READABLE_PATH_METADATA,
PET_00860,patches/thumbnails/petropolis/petropolis_00860__rgb_preview.png,RGB_PREVIEW_PNG,yes,.png,9686,0.009237,READABLE_PATH_METADATA,
PET_00860,data/sentinel/patch_petropolis_00860.tif,SENTINEL_TIF_ASSET,yes,.tif,161676,0.154186,READABLE_PATH_METADATA,
PET_00860,patches/stacks/petropolis/patch_petropolis_00860.npy,MULTIMODAL_STACK_NPY,yes,.npy,163968,0.156372,READABLE_PATH_METADATA,
PET_00863,patches/thumbnails/petropolis/petropolis_00863__rgb_preview.png,RGB_PREVIEW_PNG,yes,.png,9574,0.009130,READABLE_PATH_METADATA,
PET_00863,data/sentinel/patch_petropolis_00863.tif,SENTINEL_TIF_ASSET,yes,.tif,162037,0.154531,READABLE_PATH_METADATA,
PET_00863,patches/stacks/petropolis/patch_petropolis_00863.npy,MULTIMODAL_STACK_NPY,yes,.npy,163968,0.156372,READABLE_PATH_METADATA,
PET_00865,patches/thumbnails/petropolis/petropolis_00865__rgb_preview.png,RGB_PREVIEW_PNG,yes,.png,9204,0.008778,READABLE_PATH_METADATA,
PET_00865,data/sentinel/patch_petropolis_00865.tif,SENTINEL_TIF_ASSET,yes,.tif,159140,0.151768,READABLE_PATH_METADATA,
PET_00865,patches/stacks/petropolis/patch_petropolis_00865.npy,MULTIMODAL_STACK_NPY,yes,.npy,163968,0.156372,READABLE_PATH_METADATA,
PET_00916,patches/thumbnails/petropolis/petropolis_00916__rgb_preview.png,RGB_PREVIEW_PNG,yes,.png,8151,0.007773,READABLE_PATH_METADATA,
PET_00916,data/sentinel/patch_petropolis_00916.tif,SENTINEL_TIF_ASSET,yes,.tif,160254,0.152830,READABLE_PATH_METADATA,
PET_00916,patches/stacks/petropolis/patch_petropolis_00916.npy,MULTIMODAL_STACK_NPY,yes,.npy,163968,0.156372,READABLE_PATH_METADATA,
PET_00986,patches/thumbnails/petropolis/petropolis_00986__rgb_preview.png,RGB_PREVIEW_PNG,yes,.png,7451,0.007106,READABLE_PATH_METADATA,
PET_00986,data/sentinel/patch_petropolis_00986.tif,SENTINEL_TIF_ASSET,yes,.tif,154966,0.147787,READABLE_PATH_METADATA,
PET_00986,patches/stacks/petropolis/patch_petropolis_00986.npy,MULTIMODAL_STACK_NPY,yes,.npy,163968,0.156372,READABLE_PATH_METADATA,
PET_01,,NO_ASSET_PATH,no,,0,0,MISSING_OR_NO_PATH,
PET_01307,patches/thumbnails/petropolis/petropolis_01307__rgb_preview.png,RGB_PREVIEW_PNG,yes,.png,7326,0.006987,READABLE_PATH_METADATA,
PET_01307,data/sentinel/patch_petropolis_01307.tif,SENTINEL_TIF_ASSET,yes,.tif,155571,0.148364,READABLE_PATH_METADATA,
PET_01307,patches/stacks/petropolis/patch_petropolis_01307.npy,MULTIMODAL_STACK_NPY,yes,.npy,163968,0.156372,READABLE_PATH_METADATA,
PET_01323,patches/thumbnails/petropolis/petropolis_01323__rgb_preview.png,RGB_PREVIEW_PNG,yes,.png,7026,0.006701,READABLE_PATH_METADATA,
PET_01323,data/sentinel/patch_petropolis_01323.tif,SENTINEL_TIF_ASSET,yes,.tif,156507,0.149257,READABLE_PATH_METADATA,
PET_01323,patches/stacks/petropolis/patch_petropolis_01323.npy,MULTIMODAL_STACK_NPY,yes,.npy,163968,0.156372,READABLE_PATH_METADATA,
PET_01349,data/sentinel/patch_petropolis_01349.tif,SENTINEL_TIF_ASSET,yes,.tif,153957,0.146825,READABLE_PATH_METADATA,
PET_01352,patches/thumbnails/petropolis/petropolis_01352__rgb_preview.png,RGB_PREVIEW_PNG,yes,.png,8915,0.008502,READABLE_PATH_METADATA,
PET_01352,data/sentinel/patch_petropolis_01352.tif,SENTINEL_TIF_ASSET,yes,.tif,160429,0.152997,READABLE_PATH_METADATA,
PET_01352,patches/stacks/petropolis/patch_petropolis_01352.npy,MULTIMODAL_STACK_NPY,yes,.npy,163968,0.156372,READABLE_PATH_METADATA,
PET_01386,patches/thumbnails/petropolis/petropolis_01386__rgb_preview.png,RGB_PREVIEW_PNG,yes,.png,8111,0.007735,READABLE_PATH_METADATA,
PET_01386,data/sentinel/patch_petropolis_01386.tif,SENTINEL_TIF_ASSET,yes,.tif,156510,0.149260,READABLE_PATH_METADATA,
PET_01386,patches/stacks/petropolis/patch_petropolis_01386.npy,MULTIMODAL_STACK_NPY,yes,.npy,163968,0.156372,READABLE_PATH_METADATA,
PET_01403,patches/thumbnails/petropolis/petropolis_01403__rgb_preview.png,RGB_PREVIEW_PNG,yes,.png,7762,0.007402,READABLE_PATH_METADATA,
PET_01403,data/sentinel/patch_petropolis_01403.tif,SENTINEL_TIF_ASSET,yes,.tif,155547,0.148341,READABLE_PATH_METADATA,
PET_01403,patches/stacks/petropolis/patch_petropolis_01403.npy,MULTIMODAL_STACK_NPY,yes,.npy,163968,0.156372,READABLE_PATH_METADATA,
PET_01458,patches/thumbnails/petropolis/petropolis_01458__rgb_preview.png,RGB_PREVIEW_PNG,yes,.png,8766,0.008360,READABLE_PATH_METADATA,
PET_01458,data/sentinel/patch_petropolis_01458.tif,SENTINEL_TIF_ASSET,yes,.tif,160173,0.152753,READABLE_PATH_METADATA,
PET_01458,patches/stacks/petropolis/patch_petropolis_01458.npy,MULTIMODAL_STACK_NPY,yes,.npy,163968,0.156372,READABLE_PATH_METADATA,
PET_01478,data/sentinel/patch_petropolis_01478.tif,SENTINEL_TIF_ASSET,yes,.tif,157063,0.149787,READABLE_PATH_METADATA,
PET_01483,data/sentinel/patch_petropolis_01483.tif,SENTINEL_TIF_ASSET,yes,.tif,159858,0.152452,READABLE_PATH_METADATA,
PET_01488,patches/thumbnails/petropolis/petropolis_01488__rgb_preview.png,RGB_PREVIEW_PNG,yes,.png,8337,0.007951,READABLE_PATH_METADATA,
PET_01488,data/sentinel/patch_petropolis_01488.tif,SENTINEL_TIF_ASSET,yes,.tif,157062,0.149786,READABLE_PATH_METADATA,
PET_01488,patches/stacks/petropolis/patch_petropolis_01488.npy,MULTIMODAL_STACK_NPY,yes,.npy,163968,0.156372,READABLE_PATH_METADATA,
PET_01495,patches/thumbnails/petropolis/petropolis_01495__rgb_preview.png,RGB_PREVIEW_PNG,yes,.png,8299,0.007915,READABLE_PATH_METADATA,
PET_01495,data/sentinel/patch_petropolis_01495.tif,SENTINEL_TIF_ASSET,yes,.tif,157278,0.149992,READABLE_PATH_METADATA,
PET_01495,patches/stacks/petropolis/patch_petropolis_01495.npy,MULTIMODAL_STACK_NPY,yes,.npy,163968,0.156372,READABLE_PATH_METADATA,
PET_02,,NO_ASSET_PATH,no,,0,0,MISSING_OR_NO_PATH,
PET_03,,NO_ASSET_PATH,no,,0,0,MISSING_OR_NO_PATH,
PET_04,,NO_ASSET_PATH,no,,0,0,MISSING_OR_NO_PATH,
PET_05,,NO_ASSET_PATH,no,,0,0,MISSING_OR_NO_PATH,
PET_06,,NO_ASSET_PATH,no,,0,0,MISSING_OR_NO_PATH,
PET_07,,NO_ASSET_PATH,no,,0,0,MISSING_OR_NO_PATH,
PET_08,,NO_ASSET_PATH,no,,0,0,MISSING_OR_NO_PATH,
PET_09,,NO_ASSET_PATH,no,,0,0,MISSING_OR_NO_PATH,
PET_10,,NO_ASSET_PATH,no,,0,0,MISSING_OR_NO_PATH,
PET_11,,NO_ASSET_PATH,no,,0,0,MISSING_OR_NO_PATH,
PET_12,,NO_ASSET_PATH,no,,0,0,MISSING_OR_NO_PATH,
PET_13,,NO_ASSET_PATH,no,,0,0,MISSING_OR_NO_PATH,
PET_14,,NO_ASSET_PATH,no,,0,0,MISSING_OR_NO_PATH,
PET_15,,NO_ASSET_PATH,no,,0,0,MISSING_OR_NO_PATH,
PET_16,,NO_ASSET_PATH,no,,0,0,MISSING_OR_NO_PATH,
PET_17,,NO_ASSET_PATH,no,,0,0,MISSING_OR_NO_PATH,
PET_18,,NO_ASSET_PATH,no,,0,0,MISSING_OR_NO_PATH,
PET_19,,NO_ASSET_PATH,no,,0,0,MISSING_OR_NO_PATH,
PET_20,,NO_ASSET_PATH,no,,0,0,MISSING_OR_NO_PATH,
PET_21,,NO_ASSET_PATH,no,,0,0,MISSING_OR_NO_PATH,
PET_22,,NO_ASSET_PATH,no,,0,0,MISSING_OR_NO_PATH,
PET_23,,NO_ASSET_PATH,no,,0,0,MISSING_OR_NO_PATH,
PET_24,,NO_ASSET_PATH,no,,0,0,MISSING_OR_NO_PATH,
PET_25,,NO_ASSET_PATH,no,,0,0,MISSING_OR_NO_PATH,
PET_26,,NO_ASSET_PATH,no,,0,0,MISSING_OR_NO_PATH,
PET_27,,NO_ASSET_PATH,no,,0,0,MISSING_OR_NO_PATH,
REC_00019,data/sentinel/patch_recife_00019.tif,SENTINEL_TIF_ASSET,yes,.tif,167590,0.159826,READABLE_PATH_METADATA,
REC_00183,data/sentinel/patch_recife_00183.tif,SENTINEL_TIF_ASSET,yes,.tif,178659,0.170382,READABLE_PATH_METADATA,
REC_00204,data/sentinel/patch_recife_00204.tif,SENTINEL_TIF_ASSET,yes,.tif,180707,0.172336,READABLE_PATH_METADATA,
REC_00205,data/sentinel/patch_recife_00205.tif,SENTINEL_TIF_ASSET,yes,.tif,181541,0.173131,READABLE_PATH_METADATA,
REC_00227,data/sentinel/patch_recife_00227.tif,SENTINEL_TIF_ASSET,yes,.tif,177803,0.169566,READABLE_PATH_METADATA,
REC_00260,data/sentinel/patch_recife_00260.tif,SENTINEL_TIF_ASSET,yes,.tif,175932,0.167782,READABLE_PATH_METADATA,
REC_00276,data/sentinel/patch_recife_00276.tif,SENTINEL_TIF_ASSET,yes,.tif,174724,0.166630,READABLE_PATH_METADATA,
REC_00279,data/sentinel/patch_recife_00279.tif,SENTINEL_TIF_ASSET,yes,.tif,172492,0.164501,READABLE_PATH_METADATA,
REC_00289,patches/thumbnails/recife/recife_00289__rgb_preview.png,RGB_PREVIEW_PNG,yes,.png,8968,0.008553,READABLE_PATH_METADATA,
REC_00289,data/sentinel/patch_recife_00289.tif,SENTINEL_TIF_ASSET,yes,.tif,176478,0.168303,READABLE_PATH_METADATA,
REC_00289,patches/stacks/recife/patch_recife_00289.npy,MULTIMODAL_STACK_NPY,yes,.npy,163968,0.156372,READABLE_PATH_METADATA,
REC_00290,data/sentinel/patch_recife_00290.tif,SENTINEL_TIF_ASSET,yes,.tif,181090,0.172701,READABLE_PATH_METADATA,
REC_00291,data/sentinel/patch_recife_00291.tif,SENTINEL_TIF_ASSET,yes,.tif,175768,0.167625,READABLE_PATH_METADATA,
REC_00292,data/sentinel/patch_recife_00292.tif,SENTINEL_TIF_ASSET,yes,.tif,181099,0.172709,READABLE_PATH_METADATA,
REC_00294,data/sentinel/patch_recife_00294.tif,SENTINEL_TIF_ASSET,yes,.tif,180531,0.172168,READABLE_PATH_METADATA,
REC_00296,data/sentinel/patch_recife_00296.tif,SENTINEL_TIF_ASSET,yes,.tif,176340,0.168171,READABLE_PATH_METADATA,
REC_00299,data/sentinel/patch_recife_00299.tif,SENTINEL_TIF_ASSET,yes,.tif,172993,0.164979,READABLE_PATH_METADATA,
REC_00302,data/sentinel/patch_recife_00302.tif,SENTINEL_TIF_ASSET,yes,.tif,176021,0.167867,READABLE_PATH_METADATA,
REC_00313,data/sentinel/patch_recife_00313.tif,SENTINEL_TIF_ASSET,yes,.tif,172897,0.164887,READABLE_PATH_METADATA,
REC_00314,data/sentinel/patch_recife_00314.tif,SENTINEL_TIF_ASSET,yes,.tif,172751,0.164748,READABLE_PATH_METADATA,
REC_00354,data/sentinel/patch_recife_00354.tif,SENTINEL_TIF_ASSET,yes,.tif,170930,0.163012,READABLE_PATH_METADATA,
REC_00355,data/sentinel/patch_recife_00355.tif,SENTINEL_TIF_ASSET,yes,.tif,165661,0.157987,READABLE_PATH_METADATA,
REC_00364,data/sentinel/patch_recife_00364.tif,SENTINEL_TIF_ASSET,yes,.tif,173512,0.165474,READABLE_PATH_METADATA,
REC_00388,data/sentinel/patch_recife_00388.tif,SENTINEL_TIF_ASSET,yes,.tif,178052,0.169804,READABLE_PATH_METADATA,
REC_00458,data/sentinel/patch_recife_00458.tif,SENTINEL_TIF_ASSET,yes,.tif,172865,0.164857,READABLE_PATH_METADATA,
REC_00460,data/sentinel/patch_recife_00460.tif,SENTINEL_TIF_ASSET,yes,.tif,171604,0.163654,READABLE_PATH_METADATA,
REC_00481,data/sentinel/patch_recife_00481.tif,SENTINEL_TIF_ASSET,yes,.tif,165492,0.157825,READABLE_PATH_METADATA,
REC_00482,data/sentinel/patch_recife_00482.tif,SENTINEL_TIF_ASSET,yes,.tif,178088,0.169838,READABLE_PATH_METADATA,
REC_00483,data/sentinel/patch_recife_00483.tif,SENTINEL_TIF_ASSET,yes,.tif,176445,0.168271,READABLE_PATH_METADATA,
REC_00501,data/sentinel/patch_recife_00501.tif,SENTINEL_TIF_ASSET,yes,.tif,181932,0.173504,READABLE_PATH_METADATA,
REC_00502,data/sentinel/patch_recife_00502.tif,SENTINEL_TIF_ASSET,yes,.tif,181013,0.172627,READABLE_PATH_METADATA,
REC_00503,data/sentinel/patch_recife_00503.tif,SENTINEL_TIF_ASSET,yes,.tif,176757,0.168569,READABLE_PATH_METADATA,
REC_00505,data/sentinel/patch_recife_00505.tif,SENTINEL_TIF_ASSET,yes,.tif,176311,0.168143,READABLE_PATH_METADATA,
REC_00506,data/sentinel/patch_recife_00506.tif,SENTINEL_TIF_ASSET,yes,.tif,180783,0.172408,READABLE_PATH_METADATA,
REC_00525,data/sentinel/patch_recife_00525.tif,SENTINEL_TIF_ASSET,yes,.tif,176481,0.168305,READABLE_PATH_METADATA,
REC_00526,data/sentinel/patch_recife_00526.tif,SENTINEL_TIF_ASSET,yes,.tif,178593,0.170320,READABLE_PATH_METADATA,
REC_00529,data/sentinel/patch_recife_00529.tif,SENTINEL_TIF_ASSET,yes,.tif,176457,0.168283,READABLE_PATH_METADATA,
REC_00548,data/sentinel/patch_recife_00548.tif,SENTINEL_TIF_ASSET,yes,.tif,176448,0.168274,READABLE_PATH_METADATA,
REC_00550,data/sentinel/patch_recife_00550.tif,SENTINEL_TIF_ASSET,yes,.tif,177209,0.169000,READABLE_PATH_METADATA,
REC_01,,NO_ASSET_PATH,no,,0,0,MISSING_OR_NO_PATH,
REC_02,,NO_ASSET_PATH,no,,0,0,MISSING_OR_NO_PATH,
REC_03,,NO_ASSET_PATH,no,,0,0,MISSING_OR_NO_PATH,
REC_04,,NO_ASSET_PATH,no,,0,0,MISSING_OR_NO_PATH,
REC_05,,NO_ASSET_PATH,no,,0,0,MISSING_OR_NO_PATH,
REC_06,,NO_ASSET_PATH,no,,0,0,MISSING_OR_NO_PATH,
REC_07,,NO_ASSET_PATH,no,,0,0,MISSING_OR_NO_PATH,
REC_08,,NO_ASSET_PATH,no,,0,0,MISSING_OR_NO_PATH,
REC_09,,NO_ASSET_PATH,no,,0,0,MISSING_OR_NO_PATH,
REC_10,,NO_ASSET_PATH,no,,0,0,MISSING_OR_NO_PATH,
REC_11,,NO_ASSET_PATH,no,,0,0,MISSING_OR_NO_PATH,
REC_12,,NO_ASSET_PATH,no,,0,0,MISSING_OR_NO_PATH,
REC_13,,NO_ASSET_PATH,no,,0,0,MISSING_OR_NO_PATH,
REC_14,,NO_ASSET_PATH,no,,0,0,MISSING_OR_NO_PATH,
REC_15,,NO_ASSET_PATH,no,,0,0,MISSING_OR_NO_PATH,
REC_16,,NO_ASSET_PATH,no,,0,0,MISSING_OR_NO_PATH,
REC_17,,NO_ASSET_PATH,no,,0,0,MISSING_OR_NO_PATH,
REC_18,,NO_ASSET_PATH,no,,0,0,MISSING_OR_NO_PATH,
