split_group,regions,source_families,members,safe_for_review_only,blocked,split_status,required_guardrail
Curitiba__no_asset__CUR_01,Curitiba,curitiba_geocuritiba_metadata_evidence,1,0,1,BLOCKED,Do not mix groups across train/eval in any future no-target embedding experiment.
Curitiba__no_asset__CUR_02,Curitiba,curitiba_geocuritiba_metadata_evidence,1,0,1,BLOCKED,Do not mix groups across train/eval in any future no-target embedding experiment.
Curitiba__no_asset__CUR_03,Curitiba,curitiba_geocuritiba_metadata_evidence,1,0,1,BLOCKED,Do not mix groups across train/eval in any future no-target embedding experiment.
Curitiba__no_asset__CUR_04,Curitiba,curitiba_geocuritiba_metadata_evidence,1,0,1,BLOCKED,Do not mix groups across train/eval in any future no-target embedding experiment.
Curitiba__no_asset__CUR_05,Curitiba,curitiba_geocuritiba_metadata_evidence,1,0,1,BLOCKED,Do not mix groups across train/eval in any future no-target embedding experiment.
Curitiba__no_asset__CUR_06,Curitiba,curitiba_geocuritiba_metadata_evidence,1,0,1,BLOCKED,Do not mix groups across train/eval in any future no-target embedding experiment.
Curitiba__no_asset__CUR_07,Curitiba,curitiba_geocuritiba_metadata_evidence,1,0,1,BLOCKED,Do not mix groups across train/eval in any future no-target embedding experiment.
Curitiba__no_asset__CUR_08,Curitiba,curitiba_geocuritiba_metadata_evidence,1,0,1,BLOCKED,Do not mix groups across train/eval in any future no-target embedding experiment.
Curitiba__no_asset__CUR_09,Curitiba,curitiba_geocuritiba_metadata_evidence,1,0,1,BLOCKED,Do not mix groups across train/eval in any future no-target embedding experiment.
Curitiba__no_asset__CUR_10,Curitiba,curitiba_geocuritiba_metadata_evidence,1,0,1,BLOCKED,Do not mix groups across train/eval in any future no-target embedding experiment.
Curitiba__no_asset__CUR_11,Curitiba,curitiba_geocuritiba_metadata_evidence,1,0,1,BLOCKED,Do not mix groups across train/eval in any future no-target embedding experiment.
Curitiba__no_asset__CUR_12,Curitiba,curitiba_geocuritiba_metadata_evidence,1,0,1,BLOCKED,Do not mix groups across train/eval in any future no-target embedding experiment.
Curitiba__no_asset__CUR_13,Curitiba,curitiba_geocuritiba_metadata_evidence,1,0,1,BLOCKED,Do not mix groups across train/eval in any future no-target embedding experiment.
Curitiba__no_asset__CUR_14,Curitiba,curitiba_geocuritiba_metadata_evidence,1,0,1,BLOCKED,Do not mix groups across train/eval in any future no-target embedding experiment.
Curitiba__rgb_preview__curitiba_00038__rgb_preview,Curitiba,local_rgb_preview,1,0,1,BLOCKED,Do not mix groups across train/eval in any future no-target embedding experiment.
Curitiba__rgb_preview__curitiba_00249__rgb_preview,Curitiba,local_rgb_preview,1,0,1,BLOCKED,Do not mix groups across train/eval in any future no-target embedding experiment.
Curitiba__rgb_preview__curitiba_00350__rgb_preview,Curitiba,local_rgb_preview,1,0,1,BLOCKED,Do not mix groups across train/eval in any future no-target embedding experiment.
Curitiba__rgb_preview__curitiba_00357__rgb_preview,Curitiba,local_rgb_preview,1,0,1,BLOCKED,Do not mix groups across train/eval in any future no-target embedding experiment.
Curitiba__rgb_preview__curitiba_00367__rgb_preview,Curitiba,local_rgb_preview,1,0,1,BLOCKED,Do not mix groups across train/eval in any future no-target embedding experiment.
Curitiba__rgb_preview__curitiba_00402__rgb_preview,Curitiba,local_rgb_preview,1,0,1,BLOCKED,Do not mix groups across train/eval in any future no-target embedding experiment.
Curitiba__rgb_preview__curitiba_00409__rgb_preview,Curitiba,local_rgb_preview,1,0,1,BLOCKED,Do not mix groups across train/eval in any future no-target embedding experiment.
Curitiba__rgb_preview__curitiba_00410__rgb_preview,Curitiba,local_rgb_preview,1,0,1,BLOCKED,Do not mix groups across train/eval in any future no-target embedding experiment.
Curitiba__rgb_preview__curitiba_00413__rgb_preview,Curitiba,local_rgb_preview,1,0,1,BLOCKED,Do not mix groups across train/eval in any future no-target embedding experiment.
Curitiba__rgb_preview__curitiba_00416__rgb_preview,Curitiba,local_rgb_preview,1,0,1,BLOCKED,Do not mix groups across train/eval in any future no-target embedding experiment.
Curitiba__rgb_preview__curitiba_00445__rgb_preview,Curitiba,local_rgb_preview,1,0,1,BLOCKED,Do not mix groups across train/eval in any future no-target embedding experiment.
Curitiba__rgb_preview__curitiba_00446__rgb_preview,Curitiba,local_rgb_preview,1,0,1,BLOCKED,Do not mix groups across train/eval in any future no-target embedding experiment.
Curitiba__rgb_preview__curitiba_00597__rgb_preview,Curitiba,local_rgb_preview,1,0,1,BLOCKED,Do not mix groups across train/eval in any future no-target embedding experiment.
Curitiba__rgb_preview__curitiba_00661__rgb_preview,Curitiba,local_rgb_preview,1,0,1,BLOCKED,Do not mix groups across train/eval in any future no-target embedding experiment.
Curitiba__rgb_preview__curitiba_00662__rgb_preview,Curitiba,local_rgb_preview,1,0,1,BLOCKED,Do not mix groups across train/eval in any future no-target embedding experiment.
Curitiba__rgb_preview__curitiba_00695__rgb_preview,Curitiba,local_rgb_preview,1,0,1,BLOCKED,Do not mix groups across train/eval in any future no-target embedding experiment.
Curitiba__rgb_preview__curitiba_00728__rgb_preview,Curitiba,local_rgb_preview,1,0,1,BLOCKED,Do not mix groups across train/eval in any future no-target embedding experiment.
Curitiba__rgb_preview__curitiba_00740__rgb_preview,Curitiba,local_rgb_preview,1,0,1,BLOCKED,Do not mix groups across train/eval in any future no-target embedding experiment.
Curitiba__rgb_preview__curitiba_00887__rgb_preview,Curitiba,local_rgb_preview,1,0,1,BLOCKED,Do not mix groups across train/eval in any future no-target embedding experiment.
Curitiba__rgb_preview__curitiba_00888__rgb_preview,Curitiba,local_rgb_preview,1,0,1,BLOCKED,Do not mix groups across train/eval in any future no-target embedding experiment.
Curitiba__rgb_preview__curitiba_00889__rgb_preview,Curitiba,local_rgb_preview,1,0,1,BLOCKED,Do not mix groups across train/eval in any future no-target embedding experiment.
Curitiba__rgb_preview__curitiba_00895__rgb_preview,Curitiba,local_rgb_preview,1,0,1,BLOCKED,Do not mix groups across train/eval in any future no-target embedding experiment.
Curitiba__rgb_preview__curitiba_00899__rgb_preview,Curitiba,local_rgb_preview,1,0,1,BLOCKED,Do not mix groups across train/eval in any future no-target embedding experiment.
Curitiba__rgb_preview__curitiba_00924__rgb_preview,Curitiba,local_rgb_preview,1,0,1,BLOCKED,Do not mix groups across train/eval in any future no-target embedding experiment.
Curitiba__rgb_preview__curitiba_00930__rgb_preview,Curitiba,local_rgb_preview,1,0,1,BLOCKED,Do not mix groups across train/eval in any future no-target embedding experiment.
Curitiba__rgb_preview__curitiba_00934__rgb_preview,Curitiba,local_rgb_preview,1,0,1,BLOCKED,Do not mix groups across train/eval in any future no-target embedding experiment.
Curitiba__rgb_preview__curitiba_00936__rgb_preview,Curitiba,local_rgb_preview,1,0,1,BLOCKED,Do not mix groups across train/eval in any future no-target embedding experiment.
Curitiba__rgb_preview__curitiba_00960__rgb_preview,Curitiba,local_rgb_preview,1,0,1,BLOCKED,Do not mix groups across train/eval in any future no-target embedding experiment.
Curitiba__rgb_preview__curitiba_00969__rgb_preview,Curitiba,local_rgb_preview,1,0,1,BLOCKED,Do not mix groups across train/eval in any future no-target embedding experiment.
Curitiba__rgb_preview__curitiba_00977__rgb_preview,Curitiba,local_rgb_preview,1,0,1,BLOCKED,Do not mix groups across train/eval in any future no-target embedding experiment.
Curitiba__rgb_preview__curitiba_00992__rgb_preview,Curitiba,local_rgb_preview,1,0,1,BLOCKED,Do not mix groups across train/eval in any future no-target embedding experiment.
Curitiba__rgb_preview__curitiba_00995__rgb_preview,Curitiba,local_rgb_preview,1,0,1,BLOCKED,Do not mix groups across train/eval in any future no-target embedding experiment.
Curitiba__rgb_preview__curitiba_01012__rgb_preview,Curitiba,local_rgb_preview,1,0,1,BLOCKED,Do not mix groups across train/eval in any future no-target embedding experiment.
Curitiba__rgb_preview__curitiba_01015__rgb_preview,Curitiba,local_rgb_preview,1,0,1,BLOCKED,Do not mix groups across train/eval in any future no-target embedding experiment.
Curitiba__rgb_preview__curitiba_01030__rgb_preview,Curitiba,local_rgb_preview,1,0,1,BLOCKED,Do not mix groups across train/eval in any future no-target embedding experiment.
Curitiba__rgb_preview__curitiba_01040__rgb_preview,Curitiba,local_rgb_preview,1,0,1,BLOCKED,Do not mix groups across train/eval in any future no-target embedding experiment.
Curitiba__rgb_preview__curitiba_01050__rgb_preview,Curitiba,local_rgb_preview,1,0,1,BLOCKED,Do not mix groups across train/eval in any future no-target embedding experiment.
Curitiba__rgb_preview__curitiba_01059__rgb_preview,Curitiba,local_rgb_preview,1,0,1,BLOCKED,Do not mix groups across train/eval in any future no-target embedding experiment.
Curitiba__rgb_preview__curitiba_01065__rgb_preview,Curitiba,local_rgb_preview,1,0,1,BLOCKED,Do not mix groups across train/eval in any future no-target embedding experiment.
Curitiba__rgb_preview__curitiba_01075__rgb_preview,Curitiba,local_rgb_preview,1,0,1,BLOCKED,Do not mix groups across train/eval in any future no-target embedding experiment.
Curitiba__rgb_preview__curitiba_01101__rgb_preview,Curitiba,local_rgb_preview,1,0,1,BLOCKED,Do not mix groups across train/eval in any future no-target embedding experiment.
Curitiba__rgb_preview__curitiba_01145__rgb_preview,Curitiba,local_rgb_preview,1,0,1,BLOCKED,Do not mix groups across train/eval in any future no-target embedding experiment.
Curitiba__rgb_preview__curitiba_01324__rgb_preview,Curitiba,local_rgb_preview,1,0,1,BLOCKED,Do not mix groups across train/eval in any future no-target embedding experiment.
Curitiba__sentinel_tif__patch_curitiba_00038,Curitiba,sentinel_local_asset,1,1,0,SAFE_FOR_REVIEW_ONLY,Do not mix groups across train/eval in any future no-target embedding experiment.
Curitiba__sentinel_tif__patch_curitiba_00249,Curitiba,sentinel_local_asset,1,1,0,SAFE_FOR_REVIEW_ONLY,Do not mix groups across train/eval in any future no-target embedding experiment.
Curitiba__sentinel_tif__patch_curitiba_00350,Curitiba,sentinel_local_asset,1,1,0,SAFE_FOR_REVIEW_ONLY,Do not mix groups across train/eval in any future no-target embedding experiment.
Curitiba__sentinel_tif__patch_curitiba_00357,Curitiba,sentinel_local_asset,1,1,0,SAFE_FOR_REVIEW_ONLY,Do not mix groups across train/eval in any future no-target embedding experiment.
Curitiba__sentinel_tif__patch_curitiba_00367,Curitiba,sentinel_local_asset,1,1,0,SAFE_FOR_REVIEW_ONLY,Do not mix groups across train/eval in any future no-target embedding experiment.
Curitiba__sentinel_tif__patch_curitiba_00402,Curitiba,sentinel_local_asset,1,1,0,SAFE_FOR_REVIEW_ONLY,Do not mix groups across train/eval in any future no-target embedding experiment.
Curitiba__sentinel_tif__patch_curitiba_00409,Curitiba,sentinel_local_asset,1,1,0,SAFE_FOR_REVIEW_ONLY,Do not mix groups across train/eval in any future no-target embedding experiment.
Curitiba__sentinel_tif__patch_curitiba_00410,Curitiba,sentinel_local_asset,1,1,0,SAFE_FOR_REVIEW_ONLY,Do not mix groups across train/eval in any future no-target embedding experiment.
Curitiba__sentinel_tif__patch_curitiba_00413,Curitiba,sentinel_local_asset,1,1,0,SAFE_FOR_REVIEW_ONLY,Do not mix groups across train/eval in any future no-target embedding experiment.
Curitiba__sentinel_tif__patch_curitiba_00416,Curitiba,sentinel_local_asset,1,1,0,SAFE_FOR_REVIEW_ONLY,Do not mix groups across train/eval in any future no-target embedding experiment.
Curitiba__sentinel_tif__patch_curitiba_00445,Curitiba,sentinel_local_asset,1,1,0,SAFE_FOR_REVIEW_ONLY,Do not mix groups across train/eval in any future no-target embedding experiment.
Curitiba__sentinel_tif__patch_curitiba_00446,Curitiba,sentinel_local_asset,1,1,0,SAFE_FOR_REVIEW_ONLY,Do not mix groups across train/eval in any future no-target embedding experiment.
Curitiba__sentinel_tif__patch_curitiba_00597,Curitiba,sentinel_local_asset,1,1,0,SAFE_FOR_REVIEW_ONLY,Do not mix groups across train/eval in any future no-target embedding experiment.
Curitiba__sentinel_tif__patch_curitiba_00661,Curitiba,sentinel_local_asset,1,1,0,SAFE_FOR_REVIEW_ONLY,Do not mix groups across train/eval in any future no-target embedding experiment.
Curitiba__sentinel_tif__patch_curitiba_00662,Curitiba,sentinel_local_asset,1,1,0,SAFE_FOR_REVIEW_ONLY,Do not mix groups across train/eval in any future no-target embedding experiment.
Curitiba__sentinel_tif__patch_curitiba_00695,Curitiba,sentinel_local_asset,1,1,0,SAFE_FOR_REVIEW_ONLY,Do not mix groups across train/eval in any future no-target embedding experiment.
Curitiba__sentinel_tif__patch_curitiba_00728,Curitiba,sentinel_local_asset,1,1,0,SAFE_FOR_REVIEW_ONLY,Do not mix groups across train/eval in any future no-target embedding experiment.
Curitiba__sentinel_tif__patch_curitiba_00740,Curitiba,sentinel_local_asset,1,1,0,SAFE_FOR_REVIEW_ONLY,Do not mix groups across train/eval in any future no-target embedding experiment.
Curitiba__sentinel_tif__patch_curitiba_00887,Curitiba,sentinel_local_asset,1,1,0,SAFE_FOR_REVIEW_ONLY,Do not mix groups across train/eval in any future no-target embedding experiment.
Curitiba__sentinel_tif__patch_curitiba_00888,Curitiba,sentinel_local_asset,1,1,0,SAFE_FOR_REVIEW_ONLY,Do not mix groups across train/eval in any future no-target embedding experiment.
Curitiba__sentinel_tif__patch_curitiba_00889,Curitiba,sentinel_local_asset,1,1,0,SAFE_FOR_REVIEW_ONLY,Do not mix groups across train/eval in any future no-target embedding experiment.
Curitiba__sentinel_tif__patch_curitiba_00895,Curitiba,sentinel_local_asset,1,1,0,SAFE_FOR_REVIEW_ONLY,Do not mix groups across train/eval in any future no-target embedding experiment.
Curitiba__sentinel_tif__patch_curitiba_00899,Curitiba,sentinel_local_asset,1,1,0,SAFE_FOR_REVIEW_ONLY,Do not mix groups across train/eval in any future no-target embedding experiment.
Curitiba__sentinel_tif__patch_curitiba_00924,Curitiba,sentinel_local_asset,1,1,0,SAFE_FOR_REVIEW_ONLY,Do not mix groups across train/eval in any future no-target embedding experiment.
Curitiba__sentinel_tif__patch_curitiba_00930,Curitiba,sentinel_local_asset,1,1,0,SAFE_FOR_REVIEW_ONLY,Do not mix groups across train/eval in any future no-target embedding experiment.
Curitiba__sentinel_tif__patch_curitiba_00934,Curitiba,sentinel_local_asset,1,1,0,SAFE_FOR_REVIEW_ONLY,Do not mix groups across train/eval in any future no-target embedding experiment.
Curitiba__sentinel_tif__patch_curitiba_00936,Curitiba,sentinel_local_asset,1,1,0,SAFE_FOR_REVIEW_ONLY,Do not mix groups across train/eval in any future no-target embedding experiment.
Curitiba__sentinel_tif__patch_curitiba_00960,Curitiba,sentinel_local_asset,1,1,0,SAFE_FOR_REVIEW_ONLY,Do not mix groups across train/eval in any future no-target embedding experiment.
Curitiba__sentinel_tif__patch_curitiba_00969,Curitiba,sentinel_local_asset,1,1,0,SAFE_FOR_REVIEW_ONLY,Do not mix groups across train/eval in any future no-target embedding experiment.
Curitiba__sentinel_tif__patch_curitiba_00977,Curitiba,sentinel_local_asset,1,1,0,SAFE_FOR_REVIEW_ONLY,Do not mix groups across train/eval in any future no-target embedding experiment.
Curitiba__sentinel_tif__patch_curitiba_00992,Curitiba,sentinel_local_asset,1,1,0,SAFE_FOR_REVIEW_ONLY,Do not mix groups across train/eval in any future no-target embedding experiment.
Curitiba__sentinel_tif__patch_curitiba_00995,Curitiba,sentinel_local_asset,1,1,0,SAFE_FOR_REVIEW_ONLY,Do not mix groups across train/eval in any future no-target embedding experiment.
Curitiba__sentinel_tif__patch_curitiba_01012,Curitiba,sentinel_local_asset,1,1,0,SAFE_FOR_REVIEW_ONLY,Do not mix groups across train/eval in any future no-target embedding experiment.
Curitiba__sentinel_tif__patch_curitiba_01015,Curitiba,sentinel_local_asset,1,1,0,SAFE_FOR_REVIEW_ONLY,Do not mix groups across train/eval in any future no-target embedding experiment.
Curitiba__sentinel_tif__patch_curitiba_01030,Curitiba,sentinel_local_asset,1,1,0,SAFE_FOR_REVIEW_ONLY,Do not mix groups across train/eval in any future no-target embedding experiment.
Curitiba__sentinel_tif__patch_curitiba_01040,Curitiba,sentinel_local_asset,1,1,0,SAFE_FOR_REVIEW_ONLY,Do not mix groups across train/eval in any future no-target embedding experiment.
Curitiba__sentinel_tif__patch_curitiba_01050,Curitiba,sentinel_local_asset,1,1,0,SAFE_FOR_REVIEW_ONLY,Do not mix groups across train/eval in any future no-target embedding experiment.
Curitiba__sentinel_tif__patch_curitiba_01059,Curitiba,sentinel_local_asset,1,1,0,SAFE_FOR_REVIEW_ONLY,Do not mix groups across train/eval in any future no-target embedding experiment.
Curitiba__sentinel_tif__patch_curitiba_01065,Curitiba,sentinel_local_asset,1,1,0,SAFE_FOR_REVIEW_ONLY,Do not mix groups across train/eval in any future no-target embedding experiment.
Curitiba__sentinel_tif__patch_curitiba_01075,Curitiba,sentinel_local_asset,1,1,0,SAFE_FOR_REVIEW_ONLY,Do not mix groups across train/eval in any future no-target embedding experiment.
Curitiba__sentinel_tif__patch_curitiba_01101,Curitiba,sentinel_local_asset,1,1,0,SAFE_FOR_REVIEW_ONLY,Do not mix groups across train/eval in any future no-target embedding experiment.
Curitiba__sentinel_tif__patch_curitiba_01145,Curitiba,sentinel_local_asset,1,1,0,SAFE_FOR_REVIEW_ONLY,Do not mix groups across train/eval in any future no-target embedding experiment.
Curitiba__sentinel_tif__patch_curitiba_01324,Curitiba,sentinel_local_asset,1,1,0,SAFE_FOR_REVIEW_ONLY,Do not mix groups across train/eval in any future no-target embedding experiment.
Curitiba__stack_npy__patch_curitiba_00038,Curitiba,local_multimodal_stack,1,1,0,SAFE_FOR_REVIEW_ONLY,Do not mix groups across train/eval in any future no-target embedding experiment.
Curitiba__stack_npy__patch_curitiba_00249,Curitiba,local_multimodal_stack,1,1,0,SAFE_FOR_REVIEW_ONLY,Do not mix groups across train/eval in any future no-target embedding experiment.
Curitiba__stack_npy__patch_curitiba_00350,Curitiba,local_multimodal_stack,1,1,0,SAFE_FOR_REVIEW_ONLY,Do not mix groups across train/eval in any future no-target embedding experiment.
Curitiba__stack_npy__patch_curitiba_00357,Curitiba,local_multimodal_stack,1,1,0,SAFE_FOR_REVIEW_ONLY,Do not mix groups across train/eval in any future no-target embedding experiment.
Curitiba__stack_npy__patch_curitiba_00367,Curitiba,local_multimodal_stack,1,1,0,SAFE_FOR_REVIEW_ONLY,Do not mix groups across train/eval in any future no-target embedding experiment.
Curitiba__stack_npy__patch_curitiba_00402,Curitiba,local_multimodal_stack,1,1,0,SAFE_FOR_REVIEW_ONLY,Do not mix groups across train/eval in any future no-target embedding experiment.
Curitiba__stack_npy__patch_curitiba_00409,Curitiba,local_multimodal_stack,1,1,0,SAFE_FOR_REVIEW_ONLY,Do not mix groups across train/eval in any future no-target embedding experiment.
Curitiba__stack_npy__patch_curitiba_00410,Curitiba,local_multimodal_stack,1,1,0,SAFE_FOR_REVIEW_ONLY,Do not mix groups across train/eval in any future no-target embedding experiment.
Curitiba__stack_npy__patch_curitiba_00413,Curitiba,local_multimodal_stack,1,1,0,SAFE_FOR_REVIEW_ONLY,Do not mix groups across train/eval in any future no-target embedding experiment.
Curitiba__stack_npy__patch_curitiba_00416,Curitiba,local_multimodal_stack,1,1,0,SAFE_FOR_REVIEW_ONLY,Do not mix groups across train/eval in any future no-target embedding experiment.
Curitiba__stack_npy__patch_curitiba_00445,Curitiba,local_multimodal_stack,1,1,0,SAFE_FOR_REVIEW_ONLY,Do not mix groups across train/eval in any future no-target embedding experiment.
Curitiba__stack_npy__patch_curitiba_00446,Curitiba,local_multimodal_stack,1,1,0,SAFE_FOR_REVIEW_ONLY,Do not mix groups across train/eval in any future no-target embedding experiment.
Curitiba__stack_npy__patch_curitiba_00597,Curitiba,local_multimodal_stack,1,1,0,SAFE_FOR_REVIEW_ONLY,Do not mix groups across train/eval in any future no-target embedding experiment.
Curitiba__stack_npy__patch_curitiba_00661,Curitiba,local_multimodal_stack,1,1,0,SAFE_FOR_REVIEW_ONLY,Do not mix groups across train/eval in any future no-target embedding experiment.
Curitiba__stack_npy__patch_curitiba_00662,Curitiba,local_multimodal_stack,1,1,0,SAFE_FOR_REVIEW_ONLY,Do not mix groups across train/eval in any future no-target embedding experiment.
Curitiba__stack_npy__patch_curitiba_00695,Curitiba,local_multimodal_stack,1,1,0,SAFE_FOR_REVIEW_ONLY,Do not mix groups across train/eval in any future no-target embedding experiment.
Curitiba__stack_npy__patch_curitiba_00728,Curitiba,local_multimodal_stack,1,1,0,SAFE_FOR_REVIEW_ONLY,Do not mix groups across train/eval in any future no-target embedding experiment.
Curitiba__stack_npy__patch_curitiba_00740,Curitiba,local_multimodal_stack,1,1,0,SAFE_FOR_REVIEW_ONLY,Do not mix groups across train/eval in any future no-target embedding experiment.
Curitiba__stack_npy__patch_curitiba_00887,Curitiba,local_multimodal_stack,1,1,0,SAFE_FOR_REVIEW_ONLY,Do not mix groups across train/eval in any future no-target embedding experiment.
Curitiba__stack_npy__patch_curitiba_00888,Curitiba,local_multimodal_stack,1,1,0,SAFE_FOR_REVIEW_ONLY,Do not mix groups across train/eval in any future no-target embedding experiment.
Curitiba__stack_npy__patch_curitiba_00889,Curitiba,local_multimodal_stack,1,1,0,SAFE_FOR_REVIEW_ONLY,Do not mix groups across train/eval in any future no-target embedding experiment.
Curitiba__stack_npy__patch_curitiba_00895,Curitiba,local_multimodal_stack,1,1,0,SAFE_FOR_REVIEW_ONLY,Do not mix groups across train/eval in any future no-target embedding experiment.
Curitiba__stack_npy__patch_curitiba_00899,Curitiba,local_multimodal_stack,1,1,0,SAFE_FOR_REVIEW_ONLY,Do not mix groups across train/eval in any future no-target embedding experiment.
Curitiba__stack_npy__patch_curitiba_00924,Curitiba,local_multimodal_stack,1,1,0,SAFE_FOR_REVIEW_ONLY,Do not mix groups across train/eval in any future no-target embedding experiment.
Curitiba__stack_npy__patch_curitiba_00930,Curitiba,local_multimodal_stack,1,1,0,SAFE_FOR_REVIEW_ONLY,Do not mix groups across train/eval in any future no-target embedding experiment.
Curitiba__stack_npy__patch_curitiba_00934,Curitiba,local_multimodal_stack,1,1,0,SAFE_FOR_REVIEW_ONLY,Do not mix groups across train/eval in any future no-target embedding experiment.
Curitiba__stack_npy__patch_curitiba_00936,Curitiba,local_multimodal_stack,1,1,0,SAFE_FOR_REVIEW_ONLY,Do not mix groups across train/eval in any future no-target embedding experiment.
Curitiba__stack_npy__patch_curitiba_00960,Curitiba,local_multimodal_stack,1,1,0,SAFE_FOR_REVIEW_ONLY,Do not mix groups across train/eval in any future no-target embedding experiment.
Curitiba__stack_npy__patch_curitiba_00969,Curitiba,local_multimodal_stack,1,1,0,SAFE_FOR_REVIEW_ONLY,Do not mix groups across train/eval in any future no-target embedding experiment.
Curitiba__stack_npy__patch_curitiba_00977,Curitiba,local_multimodal_stack,1,1,0,SAFE_FOR_REVIEW_ONLY,Do not mix groups across train/eval in any future no-target embedding experiment.
Curitiba__stack_npy__patch_curitiba_00992,Curitiba,local_multimodal_stack,1,1,0,SAFE_FOR_REVIEW_ONLY,Do not mix groups across train/eval in any future no-target embedding experiment.
Curitiba__stack_npy__patch_curitiba_00995,Curitiba,local_multimodal_stack,1,1,0,SAFE_FOR_REVIEW_ONLY,Do not mix groups across train/eval in any future no-target embedding experiment.
Curitiba__stack_npy__patch_curitiba_01012,Curitiba,local_multimodal_stack,1,1,0,SAFE_FOR_REVIEW_ONLY,Do not mix groups across train/eval in any future no-target embedding experiment.
Curitiba__stack_npy__patch_curitiba_01015,Curitiba,local_multimodal_stack,1,1,0,SAFE_FOR_REVIEW_ONLY,Do not mix groups across train/eval in any future no-target embedding experiment.
Curitiba__stack_npy__patch_curitiba_01030,Curitiba,local_multimodal_stack,1,1,0,SAFE_FOR_REVIEW_ONLY,Do not mix groups across train/eval in any future no-target embedding experiment.
Curitiba__stack_npy__patch_curitiba_01040,Curitiba,local_multimodal_stack,1,1,0,SAFE_FOR_REVIEW_ONLY,Do not mix groups across train/eval in any future no-target embedding experiment.
Curitiba__stack_npy__patch_curitiba_01050,Curitiba,local_multimodal_stack,1,1,0,SAFE_FOR_REVIEW_ONLY,Do not mix groups across train/eval in any future no-target embedding experiment.
Curitiba__stack_npy__patch_curitiba_01059,Curitiba,local_multimodal_stack,1,1,0,SAFE_FOR_REVIEW_ONLY,Do not mix groups across train/eval in any future no-target embedding experiment.
Curitiba__stack_npy__patch_curitiba_01065,Curitiba,local_multimodal_stack,1,1,0,SAFE_FOR_REVIEW_ONLY,Do not mix groups across train/eval in any future no-target embedding experiment.
Curitiba__stack_npy__patch_curitiba_01075,Curitiba,local_multimodal_stack,1,1,0,SAFE_FOR_REVIEW_ONLY,Do not mix groups across train/eval in any future no-target embedding experiment.
Curitiba__stack_npy__patch_curitiba_01101,Curitiba,local_multimodal_stack,1,1,0,SAFE_FOR_REVIEW_ONLY,Do not mix groups across train/eval in any future no-target embedding experiment.
Curitiba__stack_npy__patch_curitiba_01145,Curitiba,local_multimodal_stack,1,1,0,SAFE_FOR_REVIEW_ONLY,Do not mix groups across train/eval in any future no-target embedding experiment.
Curitiba__stack_npy__patch_curitiba_01324,Curitiba,local_multimodal_stack,1,1,0,SAFE_FOR_REVIEW_ONLY,Do not mix groups across train/eval in any future no-target embedding experiment.
Petrópolis__no_asset__PET_01,Petrópolis,petropolis_sgb_rigeo_header_evidence,1,0,1,BLOCKED,Do not mix groups across train/eval in any future no-target embedding experiment.
Petrópolis__no_asset__PET_02,Petrópolis,petropolis_sgb_rigeo_header_evidence,1,0,1,BLOCKED,Do not mix groups across train/eval in any future no-target embedding experiment.
Petrópolis__no_asset__PET_03,Petrópolis,petropolis_sgb_rigeo_header_evidence,1,0,1,BLOCKED,Do not mix groups across train/eval in any future no-target embedding experiment.
Petrópolis__no_asset__PET_04,Petrópolis,petropolis_sgb_rigeo_header_evidence,1,0,1,BLOCKED,Do not mix groups across train/eval in any future no-target embedding experiment.
Petrópolis__no_asset__PET_05,Petrópolis,petropolis_sgb_rigeo_header_evidence,1,0,1,BLOCKED,Do not mix groups across train/eval in any future no-target embedding experiment.
Petrópolis__no_asset__PET_06,Petrópolis,petropolis_sgb_rigeo_header_evidence,1,0,1,BLOCKED,Do not mix groups across train/eval in any future no-target embedding experiment.
Petrópolis__no_asset__PET_07,Petrópolis,petropolis_sgb_rigeo_header_evidence,1,0,1,BLOCKED,Do not mix groups across train/eval in any future no-target embedding experiment.
Petrópolis__no_asset__PET_08,Petrópolis,petropolis_sgb_rigeo_header_evidence,1,0,1,BLOCKED,Do not mix groups across train/eval in any future no-target embedding experiment.
Petrópolis__no_asset__PET_09,Petrópolis,petropolis_sgb_rigeo_header_evidence,1,0,1,BLOCKED,Do not mix groups across train/eval in any future no-target embedding experiment.
Petrópolis__no_asset__PET_10,Petrópolis,petropolis_sgb_rigeo_header_evidence,1,0,1,BLOCKED,Do not mix groups across train/eval in any future no-target embedding experiment.
Petrópolis__no_asset__PET_11,Petrópolis,petropolis_sgb_rigeo_header_evidence,1,0,1,BLOCKED,Do not mix groups across train/eval in any future no-target embedding experiment.
Petrópolis__no_asset__PET_12,Petrópolis,petropolis_sgb_rigeo_header_evidence,1,0,1,BLOCKED,Do not mix groups across train/eval in any future no-target embedding experiment.
Petrópolis__no_asset__PET_13,Petrópolis,petropolis_sgb_rigeo_header_evidence,1,0,1,BLOCKED,Do not mix groups across train/eval in any future no-target embedding experiment.
Petrópolis__no_asset__PET_14,Petrópolis,petropolis_sgb_rigeo_header_evidence,1,0,1,BLOCKED,Do not mix groups across train/eval in any future no-target embedding experiment.
Petrópolis__no_asset__PET_15,Petrópolis,petropolis_sgb_rigeo_header_evidence,1,0,1,BLOCKED,Do not mix groups across train/eval in any future no-target embedding experiment.
Petrópolis__no_asset__PET_16,Petrópolis,petropolis_sgb_rigeo_header_evidence,1,0,1,BLOCKED,Do not mix groups across train/eval in any future no-target embedding experiment.
Petrópolis__no_asset__PET_17,Petrópolis,petropolis_sgb_rigeo_header_evidence,1,0,1,BLOCKED,Do not mix groups across train/eval in any future no-target embedding experiment.
Petrópolis__no_asset__PET_18,Petrópolis,petropolis_sgb_rigeo_header_evidence,1,0,1,BLOCKED,Do not mix groups across train/eval in any future no-target embedding experiment.
Petrópolis__no_asset__PET_19,Petrópolis,petropolis_sgb_rigeo_header_evidence,1,0,1,BLOCKED,Do not mix groups across train/eval in any future no-target embedding experiment.
Petrópolis__no_asset__PET_20,Petrópolis,petropolis_sgb_rigeo_header_evidence,1,0,1,BLOCKED,Do not mix groups across train/eval in any future no-target embedding experiment.
Petrópolis__no_asset__PET_21,Petrópolis,petropolis_sgb_rigeo_header_evidence,1,0,1,BLOCKED,Do not mix groups across train/eval in any future no-target embedding experiment.
Petrópolis__no_asset__PET_22,Petrópolis,petropolis_sgb_rigeo_header_evidence,1,0,1,BLOCKED,Do not mix groups across train/eval in any future no-target embedding experiment.
Petrópolis__no_asset__PET_23,Petrópolis,petropolis_sgb_rigeo_header_evidence,1,0,1,BLOCKED,Do not mix groups across train/eval in any future no-target embedding experiment.
Petrópolis__no_asset__PET_24,Petrópolis,petropolis_sgb_rigeo_header_evidence,1,0,1,BLOCKED,Do not mix groups across train/eval in any future no-target embedding experiment.
Petrópolis__no_asset__PET_25,Petrópolis,petropolis_sgb_rigeo_header_evidence,1,0,1,BLOCKED,Do not mix groups across train/eval in any future no-target embedding experiment.
Petrópolis__no_asset__PET_26,Petrópolis,petropolis_sgb_rigeo_header_evidence,1,0,1,BLOCKED,Do not mix groups across train/eval in any future no-target embedding experiment.
Petrópolis__no_asset__PET_27,Petrópolis,petropolis_sgb_rigeo_header_evidence,1,0,1,BLOCKED,Do not mix groups across train/eval in any future no-target embedding experiment.
Petrópolis__rgb_preview__petropolis_00016__rgb_preview,Petrópolis,local_rgb_preview,1,0,1,BLOCKED,Do not mix groups across train/eval in any future no-target embedding experiment.
Petrópolis__rgb_preview__petropolis_00104__rgb_preview,Petrópolis,local_rgb_preview,1,0,1,BLOCKED,Do not mix groups across train/eval in any future no-target embedding experiment.
Petrópolis__rgb_preview__petropolis_00140__rgb_preview,Petrópolis,local_rgb_preview,1,0,1,BLOCKED,Do not mix groups across train/eval in any future no-target embedding experiment.
Petrópolis__rgb_preview__petropolis_00257__rgb_preview,Petrópolis,local_rgb_preview,1,0,1,BLOCKED,Do not mix groups across train/eval in any future no-target embedding experiment.
Petrópolis__rgb_preview__petropolis_00291__rgb_preview,Petrópolis,local_rgb_preview,1,0,1,BLOCKED,Do not mix groups across train/eval in any future no-target embedding experiment.
Petrópolis__rgb_preview__petropolis_00360__rgb_preview,Petrópolis,local_rgb_preview,1,0,1,BLOCKED,Do not mix groups across train/eval in any future no-target embedding experiment.
Petrópolis__rgb_preview__petropolis_00396__rgb_preview,Petrópolis,local_rgb_preview,1,0,1,BLOCKED,Do not mix groups across train/eval in any future no-target embedding experiment.
Petrópolis__rgb_preview__petropolis_00397__rgb_preview,Petrópolis,local_rgb_preview,1,0,1,BLOCKED,Do not mix groups across train/eval in any future no-target embedding experiment.
Petrópolis__rgb_preview__petropolis_00404__rgb_preview,Petrópolis,local_rgb_preview,1,0,1,BLOCKED,Do not mix groups across train/eval in any future no-target embedding experiment.
Petrópolis__rgb_preview__petropolis_00467__rgb_preview,Petrópolis,local_rgb_preview,1,0,1,BLOCKED,Do not mix groups across train/eval in any future no-target embedding experiment.
Petrópolis__rgb_preview__petropolis_00506__rgb_preview,Petrópolis,local_rgb_preview,1,0,1,BLOCKED,Do not mix groups across train/eval in any future no-target embedding experiment.
Petrópolis__rgb_preview__petropolis_00507__rgb_preview,Petrópolis,local_rgb_preview,1,0,1,BLOCKED,Do not mix groups across train/eval in any future no-target embedding experiment.
Petrópolis__rgb_preview__petropolis_00579__rgb_preview,Petrópolis,local_rgb_preview,1,0,1,BLOCKED,Do not mix groups across train/eval in any future no-target embedding experiment.
Petrópolis__rgb_preview__petropolis_00614__rgb_preview,Petrópolis,local_rgb_preview,1,0,1,BLOCKED,Do not mix groups across train/eval in any future no-target embedding experiment.
Petrópolis__rgb_preview__petropolis_00615__rgb_preview,Petrópolis,local_rgb_preview,1,0,1,BLOCKED,Do not mix groups across train/eval in any future no-target embedding experiment.
Petrópolis__rgb_preview__petropolis_00617__rgb_preview,Petrópolis,local_rgb_preview,1,0,1,BLOCKED,Do not mix groups across train/eval in any future no-target embedding experiment.
Petrópolis__rgb_preview__petropolis_00618__rgb_preview,Petrópolis,local_rgb_preview,1,0,1,BLOCKED,Do not mix groups across train/eval in any future no-target embedding experiment.
Petrópolis__rgb_preview__petropolis_00641__rgb_preview,Petrópolis,local_rgb_preview,1,0,1,BLOCKED,Do not mix groups across train/eval in any future no-target embedding experiment.
Petrópolis__rgb_preview__petropolis_00649__rgb_preview,Petrópolis,local_rgb_preview,1,0,1,BLOCKED,Do not mix groups across train/eval in any future no-target embedding experiment.
Petrópolis__rgb_preview__petropolis_00652__rgb_preview,Petrópolis,local_rgb_preview,1,0,1,BLOCKED,Do not mix groups across train/eval in any future no-target embedding experiment.
Petrópolis__rgb_preview__petropolis_00720__rgb_preview,Petrópolis,local_rgb_preview,1,0,1,BLOCKED,Do not mix groups across train/eval in any future no-target embedding experiment.
Petrópolis__rgb_preview__petropolis_00756__rgb_preview,Petrópolis,local_rgb_preview,1,0,1,BLOCKED,Do not mix groups across train/eval in any future no-target embedding experiment.
Petrópolis__rgb_preview__petropolis_00789__rgb_preview,Petrópolis,local_rgb_preview,1,0,1,BLOCKED,Do not mix groups across train/eval in any future no-target embedding experiment.
Petrópolis__rgb_preview__petropolis_00823__rgb_preview,Petrópolis,local_rgb_preview,1,0,1,BLOCKED,Do not mix groups across train/eval in any future no-target embedding experiment.
Petrópolis__rgb_preview__petropolis_00825__rgb_preview,Petrópolis,local_rgb_preview,1,0,1,BLOCKED,Do not mix groups across train/eval in any future no-target embedding experiment.
Petrópolis__rgb_preview__petropolis_00829__rgb_preview,Petrópolis,local_rgb_preview,1,0,1,BLOCKED,Do not mix groups across train/eval in any future no-target embedding experiment.
Petrópolis__rgb_preview__petropolis_00860__rgb_preview,Petrópolis,local_rgb_preview,1,0,1,BLOCKED,Do not mix groups across train/eval in any future no-target embedding experiment.
Petrópolis__rgb_preview__petropolis_00863__rgb_preview,Petrópolis,local_rgb_preview,1,0,1,BLOCKED,Do not mix groups across train/eval in any future no-target embedding experiment.
Petrópolis__rgb_preview__petropolis_00865__rgb_preview,Petrópolis,local_rgb_preview,1,0,1,BLOCKED,Do not mix groups across train/eval in any future no-target embedding experiment.
Petrópolis__rgb_preview__petropolis_00916__rgb_preview,Petrópolis,local_rgb_preview,1,0,1,BLOCKED,Do not mix groups across train/eval in any future no-target embedding experiment.
Petrópolis__rgb_preview__petropolis_00986__rgb_preview,Petrópolis,local_rgb_preview,1,0,1,BLOCKED,Do not mix groups across train/eval in any future no-target embedding experiment.
Petrópolis__rgb_preview__petropolis_01307__rgb_preview,Petrópolis,local_rgb_preview,1,0,1,BLOCKED,Do not mix groups across train/eval in any future no-target embedding experiment.
Petrópolis__rgb_preview__petropolis_01323__rgb_preview,Petrópolis,local_rgb_preview,1,0,1,BLOCKED,Do not mix groups across train/eval in any future no-target embedding experiment.
Petrópolis__rgb_preview__petropolis_01352__rgb_preview,Petrópolis,local_rgb_preview,1,0,1,BLOCKED,Do not mix groups across train/eval in any future no-target embedding experiment.
Petrópolis__rgb_preview__petropolis_01386__rgb_preview,Petrópolis,local_rgb_preview,1,0,1,BLOCKED,Do not mix groups across train/eval in any future no-target embedding experiment.
Petrópolis__rgb_preview__petropolis_01403__rgb_preview,Petrópolis,local_rgb_preview,1,0,1,BLOCKED,Do not mix groups across train/eval in any future no-target embedding experiment.
Petrópolis__rgb_preview__petropolis_01458__rgb_preview,Petrópolis,local_rgb_preview,1,0,1,BLOCKED,Do not mix groups across train/eval in any future no-target embedding experiment.
Petrópolis__rgb_preview__petropolis_01488__rgb_preview,Petrópolis,local_rgb_preview,1,0,1,BLOCKED,Do not mix groups across train/eval in any future no-target embedding experiment.
Petrópolis__rgb_preview__petropolis_01495__rgb_preview,Petrópolis,local_rgb_preview,1,0,1,BLOCKED,Do not mix groups across train/eval in any future no-target embedding experiment.
Petrópolis__sentinel_tif__patch_petropolis_00016,Petrópolis,sentinel_local_asset,1,1,0,SAFE_FOR_REVIEW_ONLY,Do not mix groups across train/eval in any future no-target embedding experiment.
Petrópolis__sentinel_tif__patch_petropolis_00104,Petrópolis,sentinel_local_asset,1,1,0,SAFE_FOR_REVIEW_ONLY,Do not mix groups across train/eval in any future no-target embedding experiment.
Petrópolis__sentinel_tif__patch_petropolis_00119,Petrópolis,sentinel_local_asset,1,1,0,SAFE_FOR_REVIEW_ONLY,Do not mix groups across train/eval in any future no-target embedding experiment.
Petrópolis__sentinel_tif__patch_petropolis_00140,Petrópolis,sentinel_local_asset,1,1,0,SAFE_FOR_REVIEW_ONLY,Do not mix groups across train/eval in any future no-target embedding experiment.
Petrópolis__sentinel_tif__patch_petropolis_00240,Petrópolis,sentinel_local_asset,1,1,0,SAFE_FOR_REVIEW_ONLY,Do not mix groups across train/eval in any future no-target embedding experiment.
Petrópolis__sentinel_tif__patch_petropolis_00257,Petrópolis,sentinel_local_asset,1,1,0,SAFE_FOR_REVIEW_ONLY,Do not mix groups across train/eval in any future no-target embedding experiment.
Petrópolis__sentinel_tif__patch_petropolis_00275,Petrópolis,sentinel_local_asset,1,1,0,SAFE_FOR_REVIEW_ONLY,Do not mix groups across train/eval in any future no-target embedding experiment.
Petrópolis__sentinel_tif__patch_petropolis_00291,Petrópolis,sentinel_local_asset,1,1,0,SAFE_FOR_REVIEW_ONLY,Do not mix groups across train/eval in any future no-target embedding experiment.
Petrópolis__sentinel_tif__patch_petropolis_00315,Petrópolis,sentinel_local_asset,1,1,0,SAFE_FOR_REVIEW_ONLY,Do not mix groups across train/eval in any future no-target embedding experiment.
Petrópolis__sentinel_tif__patch_petropolis_00360,Petrópolis,sentinel_local_asset,1,1,0,SAFE_FOR_REVIEW_ONLY,Do not mix groups across train/eval in any future no-target embedding experiment.
Petrópolis__sentinel_tif__patch_petropolis_00362,Petrópolis,sentinel_local_asset,1,1,0,SAFE_FOR_REVIEW_ONLY,Do not mix groups across train/eval in any future no-target embedding experiment.
Petrópolis__sentinel_tif__patch_petropolis_00396,Petrópolis,sentinel_local_asset,1,1,0,SAFE_FOR_REVIEW_ONLY,Do not mix groups across train/eval in any future no-target embedding experiment.
Petrópolis__sentinel_tif__patch_petropolis_00397,Petrópolis,sentinel_local_asset,1,1,0,SAFE_FOR_REVIEW_ONLY,Do not mix groups across train/eval in any future no-target embedding experiment.
Petrópolis__sentinel_tif__patch_petropolis_00404,Petrópolis,sentinel_local_asset,1,1,0,SAFE_FOR_REVIEW_ONLY,Do not mix groups across train/eval in any future no-target embedding experiment.
Petrópolis__sentinel_tif__patch_petropolis_00431,Petrópolis,sentinel_local_asset,1,1,0,SAFE_FOR_REVIEW_ONLY,Do not mix groups across train/eval in any future no-target embedding experiment.
Petrópolis__sentinel_tif__patch_petropolis_00467,Petrópolis,sentinel_local_asset,1,1,0,SAFE_FOR_REVIEW_ONLY,Do not mix groups across train/eval in any future no-target embedding experiment.
Petrópolis__sentinel_tif__patch_petropolis_00506,Petrópolis,sentinel_local_asset,1,1,0,SAFE_FOR_REVIEW_ONLY,Do not mix groups across train/eval in any future no-target embedding experiment.
Petrópolis__sentinel_tif__patch_petropolis_00507,Petrópolis,sentinel_local_asset,1,1,0,SAFE_FOR_REVIEW_ONLY,Do not mix groups across train/eval in any future no-target embedding experiment.
Petrópolis__sentinel_tif__patch_petropolis_00579,Petrópolis,sentinel_local_asset,1,1,0,SAFE_FOR_REVIEW_ONLY,Do not mix groups across train/eval in any future no-target embedding experiment.
Petrópolis__sentinel_tif__patch_petropolis_00614,Petrópolis,sentinel_local_asset,1,1,0,SAFE_FOR_REVIEW_ONLY,Do not mix groups across train/eval in any future no-target embedding experiment.
Petrópolis__sentinel_tif__patch_petropolis_00615,Petrópolis,sentinel_local_asset,1,1,0,SAFE_FOR_REVIEW_ONLY,Do not mix groups across train/eval in any future no-target embedding experiment.
Petrópolis__sentinel_tif__patch_petropolis_00617,Petrópolis,sentinel_local_asset,1,1,0,SAFE_FOR_REVIEW_ONLY,Do not mix groups across train/eval in any future no-target embedding experiment.
Petrópolis__sentinel_tif__patch_petropolis_00618,Petrópolis,sentinel_local_asset,1,1,0,SAFE_FOR_REVIEW_ONLY,Do not mix groups across train/eval in any future no-target embedding experiment.
Petrópolis__sentinel_tif__patch_petropolis_00641,Petrópolis,sentinel_local_asset,1,1,0,SAFE_FOR_REVIEW_ONLY,Do not mix groups across train/eval in any future no-target embedding experiment.
Petrópolis__sentinel_tif__patch_petropolis_00649,Petrópolis,sentinel_local_asset,1,1,0,SAFE_FOR_REVIEW_ONLY,Do not mix groups across train/eval in any future no-target embedding experiment.
Petrópolis__sentinel_tif__patch_petropolis_00652,Petrópolis,sentinel_local_asset,1,1,0,SAFE_FOR_REVIEW_ONLY,Do not mix groups across train/eval in any future no-target embedding experiment.
Petrópolis__sentinel_tif__patch_petropolis_00720,Petrópolis,sentinel_local_asset,1,1,0,SAFE_FOR_REVIEW_ONLY,Do not mix groups across train/eval in any future no-target embedding experiment.
Petrópolis__sentinel_tif__patch_petropolis_00756,Petrópolis,sentinel_local_asset,1,1,0,SAFE_FOR_REVIEW_ONLY,Do not mix groups across train/eval in any future no-target embedding experiment.
Petrópolis__sentinel_tif__patch_petropolis_00789,Petrópolis,sentinel_local_asset,1,1,0,SAFE_FOR_REVIEW_ONLY,Do not mix groups across train/eval in any future no-target embedding experiment.
Petrópolis__sentinel_tif__patch_petropolis_00823,Petrópolis,sentinel_local_asset,1,1,0,SAFE_FOR_REVIEW_ONLY,Do not mix groups across train/eval in any future no-target embedding experiment.
Petrópolis__sentinel_tif__patch_petropolis_00825,Petrópolis,sentinel_local_asset,1,1,0,SAFE_FOR_REVIEW_ONLY,Do not mix groups across train/eval in any future no-target embedding experiment.
Petrópolis__sentinel_tif__patch_petropolis_00829,Petrópolis,sentinel_local_asset,1,1,0,SAFE_FOR_REVIEW_ONLY,Do not mix groups across train/eval in any future no-target embedding experiment.
Petrópolis__sentinel_tif__patch_petropolis_00860,Petrópolis,sentinel_local_asset,1,1,0,SAFE_FOR_REVIEW_ONLY,Do not mix groups across train/eval in any future no-target embedding experiment.
Petrópolis__sentinel_tif__patch_petropolis_00863,Petrópolis,sentinel_local_asset,1,1,0,SAFE_FOR_REVIEW_ONLY,Do not mix groups across train/eval in any future no-target embedding experiment.
Petrópolis__sentinel_tif__patch_petropolis_00865,Petrópolis,sentinel_local_asset,1,1,0,SAFE_FOR_REVIEW_ONLY,Do not mix groups across train/eval in any future no-target embedding experiment.
Petrópolis__sentinel_tif__patch_petropolis_00916,Petrópolis,sentinel_local_asset,1,1,0,SAFE_FOR_REVIEW_ONLY,Do not mix groups across train/eval in any future no-target embedding experiment.
Petrópolis__sentinel_tif__patch_petropolis_00986,Petrópolis,sentinel_local_asset,1,1,0,SAFE_FOR_REVIEW_ONLY,Do not mix groups across train/eval in any future no-target embedding experiment.
Petrópolis__sentinel_tif__patch_petropolis_01307,Petrópolis,sentinel_local_asset,1,1,0,SAFE_FOR_REVIEW_ONLY,Do not mix groups across train/eval in any future no-target embedding experiment.
Petrópolis__sentinel_tif__patch_petropolis_01323,Petrópolis,sentinel_local_asset,1,1,0,SAFE_FOR_REVIEW_ONLY,Do not mix groups across train/eval in any future no-target embedding experiment.
Petrópolis__sentinel_tif__patch_petropolis_01349,Petrópolis,sentinel_local_asset,1,1,0,SAFE_FOR_REVIEW_ONLY,Do not mix groups across train/eval in any future no-target embedding experiment.
Petrópolis__sentinel_tif__patch_petropolis_01352,Petrópolis,sentinel_local_asset,1,1,0,SAFE_FOR_REVIEW_ONLY,Do not mix groups across train/eval in any future no-target embedding experiment.
Petrópolis__sentinel_tif__patch_petropolis_01386,Petrópolis,sentinel_local_asset,1,1,0,SAFE_FOR_REVIEW_ONLY,Do not mix groups across train/eval in any future no-target embedding experiment.
Petrópolis__sentinel_tif__patch_petropolis_01403,Petrópolis,sentinel_local_asset,1,1,0,SAFE_FOR_REVIEW_ONLY,Do not mix groups across train/eval in any future no-target embedding experiment.
Petrópolis__sentinel_tif__patch_petropolis_01458,Petrópolis,sentinel_local_asset,1,1,0,SAFE_FOR_REVIEW_ONLY,Do not mix groups across train/eval in any future no-target embedding experiment.
Petrópolis__sentinel_tif__patch_petropolis_01478,Petrópolis,sentinel_local_asset,1,1,0,SAFE_FOR_REVIEW_ONLY,Do not mix groups across train/eval in any future no-target embedding experiment.
Petrópolis__sentinel_tif__patch_petropolis_01483,Petrópolis,sentinel_local_asset,1,1,0,SAFE_FOR_REVIEW_ONLY,Do not mix groups across train/eval in any future no-target embedding experiment.
Petrópolis__sentinel_tif__patch_petropolis_01488,Petrópolis,sentinel_local_asset,1,1,0,SAFE_FOR_REVIEW_ONLY,Do not mix groups across train/eval in any future no-target embedding experiment.
Petrópolis__sentinel_tif__patch_petropolis_01495,Petrópolis,sentinel_local_asset,1,1,0,SAFE_FOR_REVIEW_ONLY,Do not mix groups across train/eval in any future no-target embedding experiment.
Petrópolis__stack_npy__patch_petropolis_00016,Petrópolis,local_multimodal_stack,1,1,0,SAFE_FOR_REVIEW_ONLY,Do not mix groups across train/eval in any future no-target embedding experiment.
Petrópolis__stack_npy__patch_petropolis_00104,Petrópolis,local_multimodal_stack,1,1,0,SAFE_FOR_REVIEW_ONLY,Do not mix groups across train/eval in any future no-target embedding experiment.
Petrópolis__stack_npy__patch_petropolis_00140,Petrópolis,local_multimodal_stack,1,1,0,SAFE_FOR_REVIEW_ONLY,Do not mix groups across train/eval in any future no-target embedding experiment.
Petrópolis__stack_npy__patch_petropolis_00257,Petrópolis,local_multimodal_stack,1,1,0,SAFE_FOR_REVIEW_ONLY,Do not mix groups across train/eval in any future no-target embedding experiment.
Petrópolis__stack_npy__patch_petropolis_00291,Petrópolis,local_multimodal_stack,1,1,0,SAFE_FOR_REVIEW_ONLY,Do not mix groups across train/eval in any future no-target embedding experiment.
Petrópolis__stack_npy__patch_petropolis_00360,Petrópolis,local_multimodal_stack,1,1,0,SAFE_FOR_REVIEW_ONLY,Do not mix groups across train/eval in any future no-target embedding experiment.
Petrópolis__stack_npy__patch_petropolis_00396,Petrópolis,local_multimodal_stack,1,1,0,SAFE_FOR_REVIEW_ONLY,Do not mix groups across train/eval in any future no-target embedding experiment.
Petrópolis__stack_npy__patch_petropolis_00397,Petrópolis,local_multimodal_stack,1,1,0,SAFE_FOR_REVIEW_ONLY,Do not mix groups across train/eval in any future no-target embedding experiment.
Petrópolis__stack_npy__patch_petropolis_00404,Petrópolis,local_multimodal_stack,1,1,0,SAFE_FOR_REVIEW_ONLY,Do not mix groups across train/eval in any future no-target embedding experiment.
Petrópolis__stack_npy__patch_petropolis_00467,Petrópolis,local_multimodal_stack,1,1,0,SAFE_FOR_REVIEW_ONLY,Do not mix groups across train/eval in any future no-target embedding experiment.
Petrópolis__stack_npy__patch_petropolis_00506,Petrópolis,local_multimodal_stack,1,1,0,SAFE_FOR_REVIEW_ONLY,Do not mix groups across train/eval in any future no-target embedding experiment.
Petrópolis__stack_npy__patch_petropolis_00507,Petrópolis,local_multimodal_stack,1,1,0,SAFE_FOR_REVIEW_ONLY,Do not mix groups across train/eval in any future no-target embedding experiment.
Petrópolis__stack_npy__patch_petropolis_00579,Petrópolis,local_multimodal_stack,1,1,0,SAFE_FOR_REVIEW_ONLY,Do not mix groups across train/eval in any future no-target embedding experiment.
Petrópolis__stack_npy__patch_petropolis_00614,Petrópolis,local_multimodal_stack,1,1,0,SAFE_FOR_REVIEW_ONLY,Do not mix groups across train/eval in any future no-target embedding experiment.
Petrópolis__stack_npy__patch_petropolis_00615,Petrópolis,local_multimodal_stack,1,1,0,SAFE_FOR_REVIEW_ONLY,Do not mix groups across train/eval in any future no-target embedding experiment.
Petrópolis__stack_npy__patch_petropolis_00617,Petrópolis,local_multimodal_stack,1,1,0,SAFE_FOR_REVIEW_ONLY,Do not mix groups across train/eval in any future no-target embedding experiment.
Petrópolis__stack_npy__patch_petropolis_00618,Petrópolis,local_multimodal_stack,1,1,0,SAFE_FOR_REVIEW_ONLY,Do not mix groups across train/eval in any future no-target embedding experiment.
Petrópolis__stack_npy__patch_petropolis_00641,Petrópolis,local_multimodal_stack,1,1,0,SAFE_FOR_REVIEW_ONLY,Do not mix groups across train/eval in any future no-target embedding experiment.
Petrópolis__stack_npy__patch_petropolis_00649,Petrópolis,local_multimodal_stack,1,1,0,SAFE_FOR_REVIEW_ONLY,Do not mix groups across train/eval in any future no-target embedding experiment.
Petrópolis__stack_npy__patch_petropolis_00652,Petrópolis,local_multimodal_stack,1,1,0,SAFE_FOR_REVIEW_ONLY,Do not mix groups across train/eval in any future no-target embedding experiment.
Petrópolis__stack_npy__patch_petropolis_00720,Petrópolis,local_multimodal_stack,1,1,0,SAFE_FOR_REVIEW_ONLY,Do not mix groups across train/eval in any future no-target embedding experiment.
Petrópolis__stack_npy__patch_petropolis_00756,Petrópolis,local_multimodal_stack,1,1,0,SAFE_FOR_REVIEW_ONLY,Do not mix groups across train/eval in any future no-target embedding experiment.
Petrópolis__stack_npy__patch_petropolis_00789,Petrópolis,local_multimodal_stack,1,1,0,SAFE_FOR_REVIEW_ONLY,Do not mix groups across train/eval in any future no-target embedding experiment.
Petrópolis__stack_npy__patch_petropolis_00823,Petrópolis,local_multimodal_stack,1,1,0,SAFE_FOR_REVIEW_ONLY,Do not mix groups across train/eval in any future no-target embedding experiment.
Petrópolis__stack_npy__patch_petropolis_00825,Petrópolis,local_multimodal_stack,1,1,0,SAFE_FOR_REVIEW_ONLY,Do not mix groups across train/eval in any future no-target embedding experiment.
Petrópolis__stack_npy__patch_petropolis_00829,Petrópolis,local_multimodal_stack,1,1,0,SAFE_FOR_REVIEW_ONLY,Do not mix groups across train/eval in any future no-target embedding experiment.
Petrópolis__stack_npy__patch_petropolis_00860,Petrópolis,local_multimodal_stack,1,1,0,SAFE_FOR_REVIEW_ONLY,Do not mix groups across train/eval in any future no-target embedding experiment.
Petrópolis__stack_npy__patch_petropolis_00863,Petrópolis,local_multimodal_stack,1,1,0,SAFE_FOR_REVIEW_ONLY,Do not mix groups across train/eval in any future no-target embedding experiment.
Petrópolis__stack_npy__patch_petropolis_00865,Petrópolis,local_multimodal_stack,1,1,0,SAFE_FOR_REVIEW_ONLY,Do not mix groups across train/eval in any future no-target embedding experiment.
Petrópolis__stack_npy__patch_petropolis_00916,Petrópolis,local_multimodal_stack,1,1,0,SAFE_FOR_REVIEW_ONLY,Do not mix groups across train/eval in any future no-target embedding experiment.
Petrópolis__stack_npy__patch_petropolis_00986,Petrópolis,local_multimodal_stack,1,1,0,SAFE_FOR_REVIEW_ONLY,Do not mix groups across train/eval in any future no-target embedding experiment.
Petrópolis__stack_npy__patch_petropolis_01307,Petrópolis,local_multimodal_stack,1,1,0,SAFE_FOR_REVIEW_ONLY,Do not mix groups across train/eval in any future no-target embedding experiment.
Petrópolis__stack_npy__patch_petropolis_01323,Petrópolis,local_multimodal_stack,1,1,0,SAFE_FOR_REVIEW_ONLY,Do not mix groups across train/eval in any future no-target embedding experiment.
Petrópolis__stack_npy__patch_petropolis_01352,Petrópolis,local_multimodal_stack,1,1,0,SAFE_FOR_REVIEW_ONLY,Do not mix groups across train/eval in any future no-target embedding experiment.
Petrópolis__stack_npy__patch_petropolis_01386,Petrópolis,local_multimodal_stack,1,1,0,SAFE_FOR_REVIEW_ONLY,Do not mix groups across train/eval in any future no-target embedding experiment.
Petrópolis__stack_npy__patch_petropolis_01403,Petrópolis,local_multimodal_stack,1,1,0,SAFE_FOR_REVIEW_ONLY,Do not mix groups across train/eval in any future no-target embedding experiment.
Petrópolis__stack_npy__patch_petropolis_01458,Petrópolis,local_multimodal_stack,1,1,0,SAFE_FOR_REVIEW_ONLY,Do not mix groups across train/eval in any future no-target embedding experiment.
Petrópolis__stack_npy__patch_petropolis_01488,Petrópolis,local_multimodal_stack,1,1,0,SAFE_FOR_REVIEW_ONLY,Do not mix groups across train/eval in any future no-target embedding experiment.
Petrópolis__stack_npy__patch_petropolis_01495,Petrópolis,local_multimodal_stack,1,1,0,SAFE_FOR_REVIEW_ONLY,Do not mix groups across train/eval in any future no-target embedding experiment.
Recife__no_asset__REC_01,Recife,recife_pe3d_mde_review_evidence,1,0,1,BLOCKED,Do not mix groups across train/eval in any future no-target embedding experiment.
Recife__no_asset__REC_02,Recife,recife_pe3d_mde_review_evidence,1,0,1,BLOCKED,Do not mix groups across train/eval in any future no-target embedding experiment.
Recife__no_asset__REC_03,Recife,recife_pe3d_mde_review_evidence,1,0,1,BLOCKED,Do not mix groups across train/eval in any future no-target embedding experiment.
Recife__no_asset__REC_04,Recife,recife_pe3d_mde_review_evidence,1,0,1,BLOCKED,Do not mix groups across train/eval in any future no-target embedding experiment.
Recife__no_asset__REC_05,Recife,recife_pe3d_mde_review_evidence,1,0,1,BLOCKED,Do not mix groups across train/eval in any future no-target embedding experiment.
Recife__no_asset__REC_06,Recife,recife_pe3d_mde_review_evidence,1,0,1,BLOCKED,Do not mix groups across train/eval in any future no-target embedding experiment.
Recife__no_asset__REC_07,Recife,recife_pe3d_mde_review_evidence,1,0,1,BLOCKED,Do not mix groups across train/eval in any future no-target embedding experiment.
Recife__no_asset__REC_08,Recife,recife_pe3d_mde_review_evidence,1,0,1,BLOCKED,Do not mix groups across train/eval in any future no-target embedding experiment.
Recife__no_asset__REC_09,Recife,recife_pe3d_mde_review_evidence,1,0,1,BLOCKED,Do not mix groups across train/eval in any future no-target embedding experiment.
Recife__no_asset__REC_10,Recife,recife_pe3d_mde_review_evidence,1,0,1,BLOCKED,Do not mix groups across train/eval in any future no-target embedding experiment.
Recife__no_asset__REC_11,Recife,recife_pe3d_mde_review_evidence,1,0,1,BLOCKED,Do not mix groups across train/eval in any future no-target embedding experiment.
Recife__no_asset__REC_12,Recife,recife_pe3d_mde_review_evidence,1,0,1,BLOCKED,Do not mix groups across train/eval in any future no-target embedding experiment.
Recife__no_asset__REC_13,Recife,recife_pe3d_mde_review_evidence,1,0,1,BLOCKED,Do not mix groups across train/eval in any future no-target embedding experiment.
Recife__no_asset__REC_14,Recife,recife_pe3d_mde_review_evidence,1,0,1,BLOCKED,Do not mix groups across train/eval in any future no-target embedding experiment.
Recife__no_asset__REC_15,Recife,recife_pe3d_mde_review_evidence,1,0,1,BLOCKED,Do not mix groups across train/eval in any future no-target embedding experiment.
Recife__no_asset__REC_16,Recife,recife_pe3d_mde_review_evidence,1,0,1,BLOCKED,Do not mix groups across train/eval in any future no-target embedding experiment.
Recife__no_asset__REC_17,Recife,recife_pe3d_mde_review_evidence,1,0,1,BLOCKED,Do not mix groups across train/eval in any future no-target embedding experiment.
Recife__no_asset__REC_18,Recife,recife_pe3d_mde_review_evidence,1,0,1,BLOCKED,Do not mix groups across train/eval in any future no-target embedding experiment.
Recife__rgb_preview__recife_00289__rgb_preview,Recife,local_rgb_preview,1,0,1,BLOCKED,Do not mix groups across train/eval in any future no-target embedding experiment.
Recife__sentinel_tif__patch_recife_00019,Recife,sentinel_local_asset,1,1,0,SAFE_FOR_REVIEW_ONLY,Do not mix groups across train/eval in any future no-target embedding experiment.
Recife__sentinel_tif__patch_recife_00183,Recife,sentinel_local_asset,1,1,0,SAFE_FOR_REVIEW_ONLY,Do not mix groups across train/eval in any future no-target embedding experiment.
Recife__sentinel_tif__patch_recife_00204,Recife,sentinel_local_asset,1,1,0,SAFE_FOR_REVIEW_ONLY,Do not mix groups across train/eval in any future no-target embedding experiment.
Recife__sentinel_tif__patch_recife_00205,Recife,sentinel_local_asset,1,1,0,SAFE_FOR_REVIEW_ONLY,Do not mix groups across train/eval in any future no-target embedding experiment.
Recife__sentinel_tif__patch_recife_00227,Recife,sentinel_local_asset,1,1,0,SAFE_FOR_REVIEW_ONLY,Do not mix groups across train/eval in any future no-target embedding experiment.
Recife__sentinel_tif__patch_recife_00260,Recife,sentinel_local_asset,1,1,0,SAFE_FOR_REVIEW_ONLY,Do not mix groups across train/eval in any future no-target embedding experiment.
Recife__sentinel_tif__patch_recife_00276,Recife,sentinel_local_asset,1,1,0,SAFE_FOR_REVIEW_ONLY,Do not mix groups across train/eval in any future no-target embedding experiment.
Recife__sentinel_tif__patch_recife_00279,Recife,sentinel_local_asset,1,1,0,SAFE_FOR_REVIEW_ONLY,Do not mix groups across train/eval in any future no-target embedding experiment.
Recife__sentinel_tif__patch_recife_00289,Recife,sentinel_local_asset,1,1,0,SAFE_FOR_REVIEW_ONLY,Do not mix groups across train/eval in any future no-target embedding experiment.
Recife__sentinel_tif__patch_recife_00290,Recife,sentinel_local_asset,1,1,0,SAFE_FOR_REVIEW_ONLY,Do not mix groups across train/eval in any future no-target embedding experiment.
Recife__sentinel_tif__patch_recife_00291,Recife,sentinel_local_asset,1,1,0,SAFE_FOR_REVIEW_ONLY,Do not mix groups across train/eval in any future no-target embedding experiment.
Recife__sentinel_tif__patch_recife_00292,Recife,sentinel_local_asset,1,1,0,SAFE_FOR_REVIEW_ONLY,Do not mix groups across train/eval in any future no-target embedding experiment.
Recife__sentinel_tif__patch_recife_00294,Recife,sentinel_local_asset,1,1,0,SAFE_FOR_REVIEW_ONLY,Do not mix groups across train/eval in any future no-target embedding experiment.
Recife__sentinel_tif__patch_recife_00296,Recife,sentinel_local_asset,1,1,0,SAFE_FOR_REVIEW_ONLY,Do not mix groups across train/eval in any future no-target embedding experiment.
Recife__sentinel_tif__patch_recife_00299,Recife,sentinel_local_asset,1,1,0,SAFE_FOR_REVIEW_ONLY,Do not mix groups across train/eval in any future no-target embedding experiment.
Recife__sentinel_tif__patch_recife_00302,Recife,sentinel_local_asset,1,1,0,SAFE_FOR_REVIEW_ONLY,Do not mix groups across train/eval in any future no-target embedding experiment.
Recife__sentinel_tif__patch_recife_00313,Recife,sentinel_local_asset,1,1,0,SAFE_FOR_REVIEW_ONLY,Do not mix groups across train/eval in any future no-target embedding experiment.
Recife__sentinel_tif__patch_recife_00314,Recife,sentinel_local_asset,1,1,0,SAFE_FOR_REVIEW_ONLY,Do not mix groups across train/eval in any future no-target embedding experiment.
Recife__sentinel_tif__patch_recife_00354,Recife,sentinel_local_asset,1,1,0,SAFE_FOR_REVIEW_ONLY,Do not mix groups across train/eval in any future no-target embedding experiment.
Recife__sentinel_tif__patch_recife_00355,Recife,sentinel_local_asset,1,1,0,SAFE_FOR_REVIEW_ONLY,Do not mix groups across train/eval in any future no-target embedding experiment.
Recife__sentinel_tif__patch_recife_00364,Recife,sentinel_local_asset,1,1,0,SAFE_FOR_REVIEW_ONLY,Do not mix groups across train/eval in any future no-target embedding experiment.
Recife__sentinel_tif__patch_recife_00388,Recife,sentinel_local_asset,1,1,0,SAFE_FOR_REVIEW_ONLY,Do not mix groups across train/eval in any future no-target embedding experiment.
Recife__sentinel_tif__patch_recife_00458,Recife,sentinel_local_asset,1,1,0,SAFE_FOR_REVIEW_ONLY,Do not mix groups across train/eval in any future no-target embedding experiment.
Recife__sentinel_tif__patch_recife_00460,Recife,sentinel_local_asset,1,1,0,SAFE_FOR_REVIEW_ONLY,Do not mix groups across train/eval in any future no-target embedding experiment.
Recife__sentinel_tif__patch_recife_00481,Recife,sentinel_local_asset,1,1,0,SAFE_FOR_REVIEW_ONLY,Do not mix groups across train/eval in any future no-target embedding experiment.
Recife__sentinel_tif__patch_recife_00482,Recife,sentinel_local_asset,1,1,0,SAFE_FOR_REVIEW_ONLY,Do not mix groups across train/eval in any future no-target embedding experiment.
Recife__sentinel_tif__patch_recife_00483,Recife,sentinel_local_asset,1,1,0,SAFE_FOR_REVIEW_ONLY,Do not mix groups across train/eval in any future no-target embedding experiment.
Recife__sentinel_tif__patch_recife_00501,Recife,sentinel_local_asset,1,1,0,SAFE_FOR_REVIEW_ONLY,Do not mix groups across train/eval in any future no-target embedding experiment.
Recife__sentinel_tif__patch_recife_00502,Recife,sentinel_local_asset,1,1,0,SAFE_FOR_REVIEW_ONLY,Do not mix groups across train/eval in any future no-target embedding experiment.
Recife__sentinel_tif__patch_recife_00503,Recife,sentinel_local_asset,1,1,0,SAFE_FOR_REVIEW_ONLY,Do not mix groups across train/eval in any future no-target embedding experiment.
Recife__sentinel_tif__patch_recife_00505,Recife,sentinel_local_asset,1,1,0,SAFE_FOR_REVIEW_ONLY,Do not mix groups across train/eval in any future no-target embedding experiment.
Recife__sentinel_tif__patch_recife_00506,Recife,sentinel_local_asset,1,1,0,SAFE_FOR_REVIEW_ONLY,Do not mix groups across train/eval in any future no-target embedding experiment.
Recife__sentinel_tif__patch_recife_00525,Recife,sentinel_local_asset,1,1,0,SAFE_FOR_REVIEW_ONLY,Do not mix groups across train/eval in any future no-target embedding experiment.
Recife__sentinel_tif__patch_recife_00526,Recife,sentinel_local_asset,1,1,0,SAFE_FOR_REVIEW_ONLY,Do not mix groups across train/eval in any future no-target embedding experiment.
Recife__sentinel_tif__patch_recife_00529,Recife,sentinel_local_asset,1,1,0,SAFE_FOR_REVIEW_ONLY,Do not mix groups across train/eval in any future no-target embedding experiment.
Recife__sentinel_tif__patch_recife_00548,Recife,sentinel_local_asset,1,1,0,SAFE_FOR_REVIEW_ONLY,Do not mix groups across train/eval in any future no-target embedding experiment.
Recife__sentinel_tif__patch_recife_00550,Recife,sentinel_local_asset,1,1,0,SAFE_FOR_REVIEW_ONLY,Do not mix groups across train/eval in any future no-target embedding experiment.
Recife__stack_npy__patch_recife_00289,Recife,local_multimodal_stack,1,1,0,SAFE_FOR_REVIEW_ONLY,Do not mix groups across train/eval in any future no-target embedding experiment.
