canonical_patch_id,raw_patch_id,region,trainability_status,grounding_category,blocking_reason,safe_next_action
CUR_00038,curitiba_00038,Curitiba,SELF_SUPERVISED_CANDIDATE_NEEDS_REVIEW,ASSET_PRESENT_OUTSIDE_CANONICAL_59_REVIEW_REQUIRED,No observed-flood truth or approved weak-label protocol; only review-gated self-supervised/pretext use is plausible.,review_or_exclude_before_training_dataset_manifest
CUR_00249,curitiba_00249,Curitiba,SELF_SUPERVISED_CANDIDATE_NEEDS_REVIEW,ASSET_PRESENT_OUTSIDE_CANONICAL_59_REVIEW_REQUIRED,No observed-flood truth or approved weak-label protocol; only review-gated self-supervised/pretext use is plausible.,review_or_exclude_before_training_dataset_manifest
CUR_00350,curitiba_00350,Curitiba,SELF_SUPERVISED_CANDIDATE_NEEDS_REVIEW,ASSET_PRESENT_OUTSIDE_CANONICAL_59_REVIEW_REQUIRED,No observed-flood truth or approved weak-label protocol; only review-gated self-supervised/pretext use is plausible.,review_or_exclude_before_training_dataset_manifest
CUR_00357,curitiba_00357,Curitiba,SELF_SUPERVISED_CANDIDATE_NEEDS_REVIEW,ASSET_PRESENT_OUTSIDE_CANONICAL_59_REVIEW_REQUIRED,No observed-flood truth or approved weak-label protocol; only review-gated self-supervised/pretext use is plausible.,review_or_exclude_before_training_dataset_manifest
CUR_00367,curitiba_00367,Curitiba,SELF_SUPERVISED_CANDIDATE_NEEDS_REVIEW,ASSET_PRESENT_OUTSIDE_CANONICAL_59_REVIEW_REQUIRED,No observed-flood truth or approved weak-label protocol; only review-gated self-supervised/pretext use is plausible.,review_or_exclude_before_training_dataset_manifest
CUR_00402,curitiba_00402,Curitiba,SELF_SUPERVISED_CANDIDATE_NEEDS_REVIEW,ASSET_PRESENT_OUTSIDE_CANONICAL_59_REVIEW_REQUIRED,No observed-flood truth or approved weak-label protocol; only review-gated self-supervised/pretext use is plausible.,review_or_exclude_before_training_dataset_manifest
CUR_00409,curitiba_00409,Curitiba,SELF_SUPERVISED_CANDIDATE_NEEDS_REVIEW,ASSET_PRESENT_OUTSIDE_CANONICAL_59_REVIEW_REQUIRED,No observed-flood truth or approved weak-label protocol; only review-gated self-supervised/pretext use is plausible.,review_or_exclude_before_training_dataset_manifest
CUR_00410,curitiba_00410,Curitiba,SELF_SUPERVISED_CANDIDATE_NEEDS_REVIEW,ASSET_PRESENT_OUTSIDE_CANONICAL_59_REVIEW_REQUIRED,No observed-flood truth or approved weak-label protocol; only review-gated self-supervised/pretext use is plausible.,review_or_exclude_before_training_dataset_manifest
CUR_00413,curitiba_00413,Curitiba,SELF_SUPERVISED_CANDIDATE_NEEDS_REVIEW,ASSET_PRESENT_OUTSIDE_CANONICAL_59_REVIEW_REQUIRED,No observed-flood truth or approved weak-label protocol; only review-gated self-supervised/pretext use is plausible.,review_or_exclude_before_training_dataset_manifest
CUR_00416,curitiba_00416,Curitiba,SELF_SUPERVISED_CANDIDATE_NEEDS_REVIEW,ASSET_PRESENT_OUTSIDE_CANONICAL_59_REVIEW_REQUIRED,No observed-flood truth or approved weak-label protocol; only review-gated self-supervised/pretext use is plausible.,review_or_exclude_before_training_dataset_manifest
CUR_00445,curitiba_00445,Curitiba,SELF_SUPERVISED_CANDIDATE_NEEDS_REVIEW,ASSET_PRESENT_OUTSIDE_CANONICAL_59_REVIEW_REQUIRED,No observed-flood truth or approved weak-label protocol; only review-gated self-supervised/pretext use is plausible.,review_or_exclude_before_training_dataset_manifest
CUR_00446,curitiba_00446,Curitiba,SELF_SUPERVISED_CANDIDATE_NEEDS_REVIEW,ASSET_PRESENT_OUTSIDE_CANONICAL_59_REVIEW_REQUIRED,No observed-flood truth or approved weak-label protocol; only review-gated self-supervised/pretext use is plausible.,review_or_exclude_before_training_dataset_manifest
CUR_00597,curitiba_00597,Curitiba,SELF_SUPERVISED_CANDIDATE_NEEDS_REVIEW,ASSET_PRESENT_OUTSIDE_CANONICAL_59_REVIEW_REQUIRED,No observed-flood truth or approved weak-label protocol; only review-gated self-supervised/pretext use is plausible.,review_or_exclude_before_training_dataset_manifest
CUR_00661,curitiba_00661,Curitiba,SELF_SUPERVISED_CANDIDATE_NEEDS_REVIEW,ASSET_PRESENT_OUTSIDE_CANONICAL_59_REVIEW_REQUIRED,No observed-flood truth or approved weak-label protocol; only review-gated self-supervised/pretext use is plausible.,review_or_exclude_before_training_dataset_manifest
CUR_00662,curitiba_00662,Curitiba,SELF_SUPERVISED_CANDIDATE_NEEDS_REVIEW,ASSET_PRESENT_OUTSIDE_CANONICAL_59_REVIEW_REQUIRED,No observed-flood truth or approved weak-label protocol; only review-gated self-supervised/pretext use is plausible.,review_or_exclude_before_training_dataset_manifest
CUR_00695,curitiba_00695,Curitiba,SELF_SUPERVISED_CANDIDATE_NEEDS_REVIEW,ASSET_PRESENT_OUTSIDE_CANONICAL_59_REVIEW_REQUIRED,No observed-flood truth or approved weak-label protocol; only review-gated self-supervised/pretext use is plausible.,review_or_exclude_before_training_dataset_manifest
CUR_00728,curitiba_00728,Curitiba,SELF_SUPERVISED_CANDIDATE_NEEDS_REVIEW,ASSET_PRESENT_OUTSIDE_CANONICAL_59_REVIEW_REQUIRED,No observed-flood truth or approved weak-label protocol; only review-gated self-supervised/pretext use is plausible.,review_or_exclude_before_training_dataset_manifest
CUR_00740,curitiba_00740,Curitiba,SELF_SUPERVISED_CANDIDATE_NEEDS_REVIEW,ASSET_PRESENT_OUTSIDE_CANONICAL_59_REVIEW_REQUIRED,No observed-flood truth or approved weak-label protocol; only review-gated self-supervised/pretext use is plausible.,review_or_exclude_before_training_dataset_manifest
CUR_00887,curitiba_00887,Curitiba,SELF_SUPERVISED_CANDIDATE_NEEDS_REVIEW,ASSET_PRESENT_OUTSIDE_CANONICAL_59_REVIEW_REQUIRED,No observed-flood truth or approved weak-label protocol; only review-gated self-supervised/pretext use is plausible.,review_or_exclude_before_training_dataset_manifest
CUR_00888,curitiba_00888,Curitiba,SELF_SUPERVISED_CANDIDATE_NEEDS_REVIEW,ASSET_PRESENT_OUTSIDE_CANONICAL_59_REVIEW_REQUIRED,No observed-flood truth or approved weak-label protocol; only review-gated self-supervised/pretext use is plausible.,review_or_exclude_before_training_dataset_manifest
CUR_00889,curitiba_00889,Curitiba,SELF_SUPERVISED_CANDIDATE_NEEDS_REVIEW,ASSET_PRESENT_OUTSIDE_CANONICAL_59_REVIEW_REQUIRED,No observed-flood truth or approved weak-label protocol; only review-gated self-supervised/pretext use is plausible.,review_or_exclude_before_training_dataset_manifest
CUR_00895,curitiba_00895,Curitiba,SELF_SUPERVISED_CANDIDATE_NEEDS_REVIEW,ASSET_PRESENT_OUTSIDE_CANONICAL_59_REVIEW_REQUIRED,No observed-flood truth or approved weak-label protocol; only review-gated self-supervised/pretext use is plausible.,review_or_exclude_before_training_dataset_manifest
CUR_00899,curitiba_00899,Curitiba,SELF_SUPERVISED_CANDIDATE_NEEDS_REVIEW,ASSET_PRESENT_OUTSIDE_CANONICAL_59_REVIEW_REQUIRED,No observed-flood truth or approved weak-label protocol; only review-gated self-supervised/pretext use is plausible.,review_or_exclude_before_training_dataset_manifest
CUR_00924,curitiba_00924,Curitiba,SELF_SUPERVISED_CANDIDATE_NEEDS_REVIEW,ASSET_PRESENT_OUTSIDE_CANONICAL_59_REVIEW_REQUIRED,No observed-flood truth or approved weak-label protocol; only review-gated self-supervised/pretext use is plausible.,review_or_exclude_before_training_dataset_manifest
CUR_00930,curitiba_00930,Curitiba,SELF_SUPERVISED_CANDIDATE_NEEDS_REVIEW,ASSET_PRESENT_OUTSIDE_CANONICAL_59_REVIEW_REQUIRED,No observed-flood truth or approved weak-label protocol; only review-gated self-supervised/pretext use is plausible.,review_or_exclude_before_training_dataset_manifest
CUR_00934,curitiba_00934,Curitiba,SELF_SUPERVISED_CANDIDATE_NEEDS_REVIEW,ASSET_PRESENT_OUTSIDE_CANONICAL_59_REVIEW_REQUIRED,No observed-flood truth or approved weak-label protocol; only review-gated self-supervised/pretext use is plausible.,review_or_exclude_before_training_dataset_manifest
CUR_00936,curitiba_00936,Curitiba,SELF_SUPERVISED_CANDIDATE_NEEDS_REVIEW,ASSET_PRESENT_OUTSIDE_CANONICAL_59_REVIEW_REQUIRED,No observed-flood truth or approved weak-label protocol; only review-gated self-supervised/pretext use is plausible.,review_or_exclude_before_training_dataset_manifest
CUR_00960,curitiba_00960,Curitiba,SELF_SUPERVISED_CANDIDATE_NEEDS_REVIEW,ASSET_PRESENT_OUTSIDE_CANONICAL_59_REVIEW_REQUIRED,No observed-flood truth or approved weak-label protocol; only review-gated self-supervised/pretext use is plausible.,review_or_exclude_before_training_dataset_manifest
CUR_00969,curitiba_00969,Curitiba,SELF_SUPERVISED_CANDIDATE_NEEDS_REVIEW,ASSET_PRESENT_OUTSIDE_CANONICAL_59_REVIEW_REQUIRED,No observed-flood truth or approved weak-label protocol; only review-gated self-supervised/pretext use is plausible.,review_or_exclude_before_training_dataset_manifest
CUR_00977,curitiba_00977,Curitiba,SELF_SUPERVISED_CANDIDATE_NEEDS_REVIEW,ASSET_PRESENT_OUTSIDE_CANONICAL_59_REVIEW_REQUIRED,No observed-flood truth or approved weak-label protocol; only review-gated self-supervised/pretext use is plausible.,review_or_exclude_before_training_dataset_manifest
CUR_00992,curitiba_00992,Curitiba,SELF_SUPERVISED_CANDIDATE_NEEDS_REVIEW,ASSET_PRESENT_OUTSIDE_CANONICAL_59_REVIEW_REQUIRED,No observed-flood truth or approved weak-label protocol; only review-gated self-supervised/pretext use is plausible.,review_or_exclude_before_training_dataset_manifest
CUR_00995,curitiba_00995,Curitiba,SELF_SUPERVISED_CANDIDATE_NEEDS_REVIEW,ASSET_PRESENT_OUTSIDE_CANONICAL_59_REVIEW_REQUIRED,No observed-flood truth or approved weak-label protocol; only review-gated self-supervised/pretext use is plausible.,review_or_exclude_before_training_dataset_manifest
CUR_01,curitiba_00289,Curitiba,BLOCKED_UNRESOLVED_TIF_BINDING,RAW_GEOMETRY_PRESENT_TIF_UNRESOLVED,Patch geometry exists but final TIF/stack binding remains unresolved.,review_or_exclude_before_training_dataset_manifest
CUR_01012,curitiba_01012,Curitiba,SELF_SUPERVISED_CANDIDATE_NEEDS_REVIEW,ASSET_PRESENT_OUTSIDE_CANONICAL_59_REVIEW_REQUIRED,No observed-flood truth or approved weak-label protocol; only review-gated self-supervised/pretext use is plausible.,review_or_exclude_before_training_dataset_manifest
CUR_01015,curitiba_01015,Curitiba,SELF_SUPERVISED_CANDIDATE_NEEDS_REVIEW,ASSET_PRESENT_OUTSIDE_CANONICAL_59_REVIEW_REQUIRED,No observed-flood truth or approved weak-label protocol; only review-gated self-supervised/pretext use is plausible.,review_or_exclude_before_training_dataset_manifest
CUR_01030,curitiba_01030,Curitiba,SELF_SUPERVISED_CANDIDATE_NEEDS_REVIEW,ASSET_PRESENT_OUTSIDE_CANONICAL_59_REVIEW_REQUIRED,No observed-flood truth or approved weak-label protocol; only review-gated self-supervised/pretext use is plausible.,review_or_exclude_before_training_dataset_manifest
CUR_01040,curitiba_01040,Curitiba,SELF_SUPERVISED_CANDIDATE_NEEDS_REVIEW,ASSET_PRESENT_OUTSIDE_CANONICAL_59_REVIEW_REQUIRED,No observed-flood truth or approved weak-label protocol; only review-gated self-supervised/pretext use is plausible.,review_or_exclude_before_training_dataset_manifest
CUR_01050,curitiba_01050,Curitiba,SELF_SUPERVISED_CANDIDATE_NEEDS_REVIEW,ASSET_PRESENT_OUTSIDE_CANONICAL_59_REVIEW_REQUIRED,No observed-flood truth or approved weak-label protocol; only review-gated self-supervised/pretext use is plausible.,review_or_exclude_before_training_dataset_manifest
CUR_01059,curitiba_01059,Curitiba,SELF_SUPERVISED_CANDIDATE_NEEDS_REVIEW,ASSET_PRESENT_OUTSIDE_CANONICAL_59_REVIEW_REQUIRED,No observed-flood truth or approved weak-label protocol; only review-gated self-supervised/pretext use is plausible.,review_or_exclude_before_training_dataset_manifest
CUR_01065,curitiba_01065,Curitiba,SELF_SUPERVISED_CANDIDATE_NEEDS_REVIEW,ASSET_PRESENT_OUTSIDE_CANONICAL_59_REVIEW_REQUIRED,No observed-flood truth or approved weak-label protocol; only review-gated self-supervised/pretext use is plausible.,review_or_exclude_before_training_dataset_manifest
CUR_01075,curitiba_01075,Curitiba,SELF_SUPERVISED_CANDIDATE_NEEDS_REVIEW,ASSET_PRESENT_OUTSIDE_CANONICAL_59_REVIEW_REQUIRED,No observed-flood truth or approved weak-label protocol; only review-gated self-supervised/pretext use is plausible.,review_or_exclude_before_training_dataset_manifest
CUR_01101,curitiba_01101,Curitiba,SELF_SUPERVISED_CANDIDATE_NEEDS_REVIEW,ASSET_PRESENT_OUTSIDE_CANONICAL_59_REVIEW_REQUIRED,No observed-flood truth or approved weak-label protocol; only review-gated self-supervised/pretext use is plausible.,review_or_exclude_before_training_dataset_manifest
CUR_01145,curitiba_01145,Curitiba,SELF_SUPERVISED_CANDIDATE_NEEDS_REVIEW,ASSET_PRESENT_OUTSIDE_CANONICAL_59_REVIEW_REQUIRED,No observed-flood truth or approved weak-label protocol; only review-gated self-supervised/pretext use is plausible.,review_or_exclude_before_training_dataset_manifest
CUR_01324,curitiba_01324,Curitiba,SELF_SUPERVISED_CANDIDATE_NEEDS_REVIEW,ASSET_PRESENT_OUTSIDE_CANONICAL_59_REVIEW_REQUIRED,No observed-flood truth or approved weak-label protocol; only review-gated self-supervised/pretext use is plausible.,review_or_exclude_before_training_dataset_manifest
CUR_02,curitiba_00365,Curitiba,BLOCKED_UNRESOLVED_TIF_BINDING,RAW_GEOMETRY_PRESENT_TIF_UNRESOLVED,Patch geometry exists but final TIF/stack binding remains unresolved.,review_or_exclude_before_training_dataset_manifest
CUR_03,curitiba_00367,Curitiba,NOT_TRAINABLE_NO_LABEL,GEOMETRY_AND_TIF_DESIGNATED_NEEDS_REVIEW,No binary labels and no sufficient trainable asset path identified in this read-only audit.,review_or_exclude_before_training_dataset_manifest
CUR_04,curitiba_00740,Curitiba,NOT_TRAINABLE_NO_LABEL,GEOMETRY_AND_TIF_DESIGNATED_NEEDS_REVIEW,No binary labels and no sufficient trainable asset path identified in this read-only audit.,review_or_exclude_before_training_dataset_manifest
CUR_05,curitiba_00887,Curitiba,NOT_TRAINABLE_NO_LABEL,GEOMETRY_AND_TIF_DESIGNATED_NEEDS_REVIEW,No binary labels and no sufficient trainable asset path identified in this read-only audit.,review_or_exclude_before_training_dataset_manifest
CUR_06,curitiba_00891,Curitiba,BLOCKED_UNRESOLVED_TIF_BINDING,RAW_GEOMETRY_PRESENT_TIF_UNRESOLVED,Patch geometry exists but final TIF/stack binding remains unresolved.,review_or_exclude_before_training_dataset_manifest
CUR_07,curitiba_00896,Curitiba,BLOCKED_UNRESOLVED_TIF_BINDING,RAW_GEOMETRY_PRESENT_TIF_UNRESOLVED,Patch geometry exists but final TIF/stack binding remains unresolved.,review_or_exclude_before_training_dataset_manifest
CUR_08,curitiba_00899,Curitiba,BLOCKED_NO_GEOMETRY,PLACEHOLDER_ONLY_NO_GEOMETRY,No usable patch geometry in current grounding audit; keep blocked until reviewer-approved geometry exists.,review_or_exclude_before_training_dataset_manifest
CUR_09,curitiba_00926,Curitiba,BLOCKED_NO_GEOMETRY,PLACEHOLDER_ONLY_NO_GEOMETRY,No usable patch geometry in current grounding audit; keep blocked until reviewer-approved geometry exists.,review_or_exclude_before_training_dataset_manifest
CUR_10,curitiba_00929,Curitiba,BLOCKED_NO_GEOMETRY,PLACEHOLDER_ONLY_NO_GEOMETRY,No usable patch geometry in current grounding audit; keep blocked until reviewer-approved geometry exists.,review_or_exclude_before_training_dataset_manifest
CUR_11,curitiba_00930,Curitiba,BLOCKED_NO_GEOMETRY,PLACEHOLDER_ONLY_NO_GEOMETRY,No usable patch geometry in current grounding audit; keep blocked until reviewer-approved geometry exists.,review_or_exclude_before_training_dataset_manifest
CUR_12,curitiba_00931,Curitiba,BLOCKED_NO_GEOMETRY,PLACEHOLDER_ONLY_NO_GEOMETRY,No usable patch geometry in current grounding audit; keep blocked until reviewer-approved geometry exists.,review_or_exclude_before_training_dataset_manifest
CUR_13,curitiba_00934,Curitiba,BLOCKED_NO_GEOMETRY,PLACEHOLDER_ONLY_NO_GEOMETRY,No usable patch geometry in current grounding audit; keep blocked until reviewer-approved geometry exists.,review_or_exclude_before_training_dataset_manifest
CUR_14,curitiba_00969,Curitiba,BLOCKED_NO_GEOMETRY,PLACEHOLDER_ONLY_NO_GEOMETRY,No usable patch geometry in current grounding audit; keep blocked until reviewer-approved geometry exists.,review_or_exclude_before_training_dataset_manifest
PET_00016,petropolis_00016,Petrópolis,SELF_SUPERVISED_CANDIDATE_NEEDS_REVIEW,ASSET_PRESENT_OUTSIDE_CANONICAL_59_REVIEW_REQUIRED,No observed-flood truth or approved weak-label protocol; only review-gated self-supervised/pretext use is plausible.,review_or_exclude_before_training_dataset_manifest
PET_00104,petropolis_00104,Petrópolis,SELF_SUPERVISED_CANDIDATE_NEEDS_REVIEW,ASSET_PRESENT_OUTSIDE_CANONICAL_59_REVIEW_REQUIRED,No observed-flood truth or approved weak-label protocol; only review-gated self-supervised/pretext use is plausible.,review_or_exclude_before_training_dataset_manifest
PET_00119,petropolis_00119,Petrópolis,SELF_SUPERVISED_CANDIDATE_NEEDS_REVIEW,ASSET_PRESENT_OUTSIDE_CANONICAL_59_REVIEW_REQUIRED,No observed-flood truth or approved weak-label protocol; only review-gated self-supervised/pretext use is plausible.,review_or_exclude_before_training_dataset_manifest
PET_00140,petropolis_00140,Petrópolis,SELF_SUPERVISED_CANDIDATE_NEEDS_REVIEW,ASSET_PRESENT_OUTSIDE_CANONICAL_59_REVIEW_REQUIRED,No observed-flood truth or approved weak-label protocol; only review-gated self-supervised/pretext use is plausible.,review_or_exclude_before_training_dataset_manifest
PET_00240,petropolis_00240,Petrópolis,SELF_SUPERVISED_CANDIDATE_NEEDS_REVIEW,ASSET_PRESENT_OUTSIDE_CANONICAL_59_REVIEW_REQUIRED,No observed-flood truth or approved weak-label protocol; only review-gated self-supervised/pretext use is plausible.,review_or_exclude_before_training_dataset_manifest
PET_00257,petropolis_00257,Petrópolis,SELF_SUPERVISED_CANDIDATE_NEEDS_REVIEW,ASSET_PRESENT_OUTSIDE_CANONICAL_59_REVIEW_REQUIRED,No observed-flood truth or approved weak-label protocol; only review-gated self-supervised/pretext use is plausible.,review_or_exclude_before_training_dataset_manifest
PET_00275,petropolis_00275,Petrópolis,SELF_SUPERVISED_CANDIDATE_NEEDS_REVIEW,ASSET_PRESENT_OUTSIDE_CANONICAL_59_REVIEW_REQUIRED,No observed-flood truth or approved weak-label protocol; only review-gated self-supervised/pretext use is plausible.,review_or_exclude_before_training_dataset_manifest
PET_00291,petropolis_00291,Petrópolis,SELF_SUPERVISED_CANDIDATE_NEEDS_REVIEW,ASSET_PRESENT_OUTSIDE_CANONICAL_59_REVIEW_REQUIRED,No observed-flood truth or approved weak-label protocol; only review-gated self-supervised/pretext use is plausible.,review_or_exclude_before_training_dataset_manifest
PET_00315,petropolis_00315,Petrópolis,SELF_SUPERVISED_CANDIDATE_NEEDS_REVIEW,ASSET_PRESENT_OUTSIDE_CANONICAL_59_REVIEW_REQUIRED,No observed-flood truth or approved weak-label protocol; only review-gated self-supervised/pretext use is plausible.,review_or_exclude_before_training_dataset_manifest
PET_00360,petropolis_00360,Petrópolis,SELF_SUPERVISED_CANDIDATE_NEEDS_REVIEW,ASSET_PRESENT_OUTSIDE_CANONICAL_59_REVIEW_REQUIRED,No observed-flood truth or approved weak-label protocol; only review-gated self-supervised/pretext use is plausible.,review_or_exclude_before_training_dataset_manifest
PET_00362,petropolis_00362,Petrópolis,SELF_SUPERVISED_CANDIDATE_NEEDS_REVIEW,ASSET_PRESENT_OUTSIDE_CANONICAL_59_REVIEW_REQUIRED,No observed-flood truth or approved weak-label protocol; only review-gated self-supervised/pretext use is plausible.,review_or_exclude_before_training_dataset_manifest
PET_00396,petropolis_00396,Petrópolis,SELF_SUPERVISED_CANDIDATE_NEEDS_REVIEW,ASSET_PRESENT_OUTSIDE_CANONICAL_59_REVIEW_REQUIRED,No observed-flood truth or approved weak-label protocol; only review-gated self-supervised/pretext use is plausible.,review_or_exclude_before_training_dataset_manifest
PET_00397,petropolis_00397,Petrópolis,SELF_SUPERVISED_CANDIDATE_NEEDS_REVIEW,ASSET_PRESENT_OUTSIDE_CANONICAL_59_REVIEW_REQUIRED,No observed-flood truth or approved weak-label protocol; only review-gated self-supervised/pretext use is plausible.,review_or_exclude_before_training_dataset_manifest
PET_00404,petropolis_00404,Petrópolis,SELF_SUPERVISED_CANDIDATE_NEEDS_REVIEW,ASSET_PRESENT_OUTSIDE_CANONICAL_59_REVIEW_REQUIRED,No observed-flood truth or approved weak-label protocol; only review-gated self-supervised/pretext use is plausible.,review_or_exclude_before_training_dataset_manifest
PET_00431,petropolis_00431,Petrópolis,SELF_SUPERVISED_CANDIDATE_NEEDS_REVIEW,ASSET_PRESENT_OUTSIDE_CANONICAL_59_REVIEW_REQUIRED,No observed-flood truth or approved weak-label protocol; only review-gated self-supervised/pretext use is plausible.,review_or_exclude_before_training_dataset_manifest
PET_00467,petropolis_00467,Petrópolis,SELF_SUPERVISED_CANDIDATE_NEEDS_REVIEW,ASSET_PRESENT_OUTSIDE_CANONICAL_59_REVIEW_REQUIRED,No observed-flood truth or approved weak-label protocol; only review-gated self-supervised/pretext use is plausible.,review_or_exclude_before_training_dataset_manifest
PET_00506,petropolis_00506,Petrópolis,SELF_SUPERVISED_CANDIDATE_NEEDS_REVIEW,ASSET_PRESENT_OUTSIDE_CANONICAL_59_REVIEW_REQUIRED,No observed-flood truth or approved weak-label protocol; only review-gated self-supervised/pretext use is plausible.,review_or_exclude_before_training_dataset_manifest
PET_00507,petropolis_00507,Petrópolis,SELF_SUPERVISED_CANDIDATE_NEEDS_REVIEW,ASSET_PRESENT_OUTSIDE_CANONICAL_59_REVIEW_REQUIRED,No observed-flood truth or approved weak-label protocol; only review-gated self-supervised/pretext use is plausible.,review_or_exclude_before_training_dataset_manifest
PET_00579,petropolis_00579,Petrópolis,SELF_SUPERVISED_CANDIDATE_NEEDS_REVIEW,ASSET_PRESENT_OUTSIDE_CANONICAL_59_REVIEW_REQUIRED,No observed-flood truth or approved weak-label protocol; only review-gated self-supervised/pretext use is plausible.,review_or_exclude_before_training_dataset_manifest
PET_00614,petropolis_00614,Petrópolis,SELF_SUPERVISED_CANDIDATE_NEEDS_REVIEW,ASSET_PRESENT_OUTSIDE_CANONICAL_59_REVIEW_REQUIRED,No observed-flood truth or approved weak-label protocol; only review-gated self-supervised/pretext use is plausible.,review_or_exclude_before_training_dataset_manifest
PET_00615,petropolis_00615,Petrópolis,SELF_SUPERVISED_CANDIDATE_NEEDS_REVIEW,ASSET_PRESENT_OUTSIDE_CANONICAL_59_REVIEW_REQUIRED,No observed-flood truth or approved weak-label protocol; only review-gated self-supervised/pretext use is plausible.,review_or_exclude_before_training_dataset_manifest
PET_00617,petropolis_00617,Petrópolis,SELF_SUPERVISED_CANDIDATE_NEEDS_REVIEW,ASSET_PRESENT_OUTSIDE_CANONICAL_59_REVIEW_REQUIRED,No observed-flood truth or approved weak-label protocol; only review-gated self-supervised/pretext use is plausible.,review_or_exclude_before_training_dataset_manifest
PET_00618,petropolis_00618,Petrópolis,SELF_SUPERVISED_CANDIDATE_NEEDS_REVIEW,ASSET_PRESENT_OUTSIDE_CANONICAL_59_REVIEW_REQUIRED,No observed-flood truth or approved weak-label protocol; only review-gated self-supervised/pretext use is plausible.,review_or_exclude_before_training_dataset_manifest
PET_00641,petropolis_00641,Petrópolis,SELF_SUPERVISED_CANDIDATE_NEEDS_REVIEW,ASSET_PRESENT_OUTSIDE_CANONICAL_59_REVIEW_REQUIRED,No observed-flood truth or approved weak-label protocol; only review-gated self-supervised/pretext use is plausible.,review_or_exclude_before_training_dataset_manifest
PET_00649,petropolis_00649,Petrópolis,SELF_SUPERVISED_CANDIDATE_NEEDS_REVIEW,ASSET_PRESENT_OUTSIDE_CANONICAL_59_REVIEW_REQUIRED,No observed-flood truth or approved weak-label protocol; only review-gated self-supervised/pretext use is plausible.,review_or_exclude_before_training_dataset_manifest
PET_00652,petropolis_00652,Petrópolis,SELF_SUPERVISED_CANDIDATE_NEEDS_REVIEW,ASSET_PRESENT_OUTSIDE_CANONICAL_59_REVIEW_REQUIRED,No observed-flood truth or approved weak-label protocol; only review-gated self-supervised/pretext use is plausible.,review_or_exclude_before_training_dataset_manifest
PET_00720,petropolis_00720,Petrópolis,SELF_SUPERVISED_CANDIDATE_NEEDS_REVIEW,ASSET_PRESENT_OUTSIDE_CANONICAL_59_REVIEW_REQUIRED,No observed-flood truth or approved weak-label protocol; only review-gated self-supervised/pretext use is plausible.,review_or_exclude_before_training_dataset_manifest
PET_00756,petropolis_00756,Petrópolis,SELF_SUPERVISED_CANDIDATE_NEEDS_REVIEW,ASSET_PRESENT_OUTSIDE_CANONICAL_59_REVIEW_REQUIRED,No observed-flood truth or approved weak-label protocol; only review-gated self-supervised/pretext use is plausible.,review_or_exclude_before_training_dataset_manifest
PET_00789,petropolis_00789,Petrópolis,SELF_SUPERVISED_CANDIDATE_NEEDS_REVIEW,ASSET_PRESENT_OUTSIDE_CANONICAL_59_REVIEW_REQUIRED,No observed-flood truth or approved weak-label protocol; only review-gated self-supervised/pretext use is plausible.,review_or_exclude_before_training_dataset_manifest
PET_00823,petropolis_00823,Petrópolis,SELF_SUPERVISED_CANDIDATE_NEEDS_REVIEW,ASSET_PRESENT_OUTSIDE_CANONICAL_59_REVIEW_REQUIRED,No observed-flood truth or approved weak-label protocol; only review-gated self-supervised/pretext use is plausible.,review_or_exclude_before_training_dataset_manifest
PET_00825,petropolis_00825,Petrópolis,SELF_SUPERVISED_CANDIDATE_NEEDS_REVIEW,ASSET_PRESENT_OUTSIDE_CANONICAL_59_REVIEW_REQUIRED,No observed-flood truth or approved weak-label protocol; only review-gated self-supervised/pretext use is plausible.,review_or_exclude_before_training_dataset_manifest
PET_00829,petropolis_00829,Petrópolis,SELF_SUPERVISED_CANDIDATE_NEEDS_REVIEW,ASSET_PRESENT_OUTSIDE_CANONICAL_59_REVIEW_REQUIRED,No observed-flood truth or approved weak-label protocol; only review-gated self-supervised/pretext use is plausible.,review_or_exclude_before_training_dataset_manifest
PET_00860,petropolis_00860,Petrópolis,SELF_SUPERVISED_CANDIDATE_NEEDS_REVIEW,ASSET_PRESENT_OUTSIDE_CANONICAL_59_REVIEW_REQUIRED,No observed-flood truth or approved weak-label protocol; only review-gated self-supervised/pretext use is plausible.,review_or_exclude_before_training_dataset_manifest
PET_00863,petropolis_00863,Petrópolis,SELF_SUPERVISED_CANDIDATE_NEEDS_REVIEW,ASSET_PRESENT_OUTSIDE_CANONICAL_59_REVIEW_REQUIRED,No observed-flood truth or approved weak-label protocol; only review-gated self-supervised/pretext use is plausible.,review_or_exclude_before_training_dataset_manifest
PET_00865,petropolis_00865,Petrópolis,SELF_SUPERVISED_CANDIDATE_NEEDS_REVIEW,ASSET_PRESENT_OUTSIDE_CANONICAL_59_REVIEW_REQUIRED,No observed-flood truth or approved weak-label protocol; only review-gated self-supervised/pretext use is plausible.,review_or_exclude_before_training_dataset_manifest
PET_00916,petropolis_00916,Petrópolis,SELF_SUPERVISED_CANDIDATE_NEEDS_REVIEW,ASSET_PRESENT_OUTSIDE_CANONICAL_59_REVIEW_REQUIRED,No observed-flood truth or approved weak-label protocol; only review-gated self-supervised/pretext use is plausible.,review_or_exclude_before_training_dataset_manifest
PET_00986,petropolis_00986,Petrópolis,SELF_SUPERVISED_CANDIDATE_NEEDS_REVIEW,ASSET_PRESENT_OUTSIDE_CANONICAL_59_REVIEW_REQUIRED,No observed-flood truth or approved weak-label protocol; only review-gated self-supervised/pretext use is plausible.,review_or_exclude_before_training_dataset_manifest
PET_01,petropolis_00291,Petrópolis,NOT_TRAINABLE_NO_LABEL,GEOMETRY_AND_TIF_DESIGNATED_NEEDS_REVIEW,No binary labels and no sufficient trainable asset path identified in this read-only audit.,review_or_exclude_before_training_dataset_manifest
PET_01307,petropolis_01307,Petrópolis,SELF_SUPERVISED_CANDIDATE_NEEDS_REVIEW,ASSET_PRESENT_OUTSIDE_CANONICAL_59_REVIEW_REQUIRED,No observed-flood truth or approved weak-label protocol; only review-gated self-supervised/pretext use is plausible.,review_or_exclude_before_training_dataset_manifest
PET_01323,petropolis_01323,Petrópolis,SELF_SUPERVISED_CANDIDATE_NEEDS_REVIEW,ASSET_PRESENT_OUTSIDE_CANONICAL_59_REVIEW_REQUIRED,No observed-flood truth or approved weak-label protocol; only review-gated self-supervised/pretext use is plausible.,review_or_exclude_before_training_dataset_manifest
PET_01349,petropolis_01349,Petrópolis,SELF_SUPERVISED_CANDIDATE_NEEDS_REVIEW,ASSET_PRESENT_OUTSIDE_CANONICAL_59_REVIEW_REQUIRED,No observed-flood truth or approved weak-label protocol; only review-gated self-supervised/pretext use is plausible.,review_or_exclude_before_training_dataset_manifest
PET_01352,petropolis_01352,Petrópolis,SELF_SUPERVISED_CANDIDATE_NEEDS_REVIEW,ASSET_PRESENT_OUTSIDE_CANONICAL_59_REVIEW_REQUIRED,No observed-flood truth or approved weak-label protocol; only review-gated self-supervised/pretext use is plausible.,review_or_exclude_before_training_dataset_manifest
PET_01386,petropolis_01386,Petrópolis,SELF_SUPERVISED_CANDIDATE_NEEDS_REVIEW,ASSET_PRESENT_OUTSIDE_CANONICAL_59_REVIEW_REQUIRED,No observed-flood truth or approved weak-label protocol; only review-gated self-supervised/pretext use is plausible.,review_or_exclude_before_training_dataset_manifest
PET_01403,petropolis_01403,Petrópolis,SELF_SUPERVISED_CANDIDATE_NEEDS_REVIEW,ASSET_PRESENT_OUTSIDE_CANONICAL_59_REVIEW_REQUIRED,No observed-flood truth or approved weak-label protocol; only review-gated self-supervised/pretext use is plausible.,review_or_exclude_before_training_dataset_manifest
PET_01458,petropolis_01458,Petrópolis,SELF_SUPERVISED_CANDIDATE_NEEDS_REVIEW,ASSET_PRESENT_OUTSIDE_CANONICAL_59_REVIEW_REQUIRED,No observed-flood truth or approved weak-label protocol; only review-gated self-supervised/pretext use is plausible.,review_or_exclude_before_training_dataset_manifest
PET_01478,petropolis_01478,Petrópolis,SELF_SUPERVISED_CANDIDATE_NEEDS_REVIEW,ASSET_PRESENT_OUTSIDE_CANONICAL_59_REVIEW_REQUIRED,No observed-flood truth or approved weak-label protocol; only review-gated self-supervised/pretext use is plausible.,review_or_exclude_before_training_dataset_manifest
PET_01483,petropolis_01483,Petrópolis,SELF_SUPERVISED_CANDIDATE_NEEDS_REVIEW,ASSET_PRESENT_OUTSIDE_CANONICAL_59_REVIEW_REQUIRED,No observed-flood truth or approved weak-label protocol; only review-gated self-supervised/pretext use is plausible.,review_or_exclude_before_training_dataset_manifest
PET_01488,petropolis_01488,Petrópolis,SELF_SUPERVISED_CANDIDATE_NEEDS_REVIEW,ASSET_PRESENT_OUTSIDE_CANONICAL_59_REVIEW_REQUIRED,No observed-flood truth or approved weak-label protocol; only review-gated self-supervised/pretext use is plausible.,review_or_exclude_before_training_dataset_manifest
PET_01495,petropolis_01495,Petrópolis,SELF_SUPERVISED_CANDIDATE_NEEDS_REVIEW,ASSET_PRESENT_OUTSIDE_CANONICAL_59_REVIEW_REQUIRED,No observed-flood truth or approved weak-label protocol; only review-gated self-supervised/pretext use is plausible.,review_or_exclude_before_training_dataset_manifest
PET_02,petropolis_00292,Petrópolis,BLOCKED_UNRESOLVED_TIF_BINDING,RAW_GEOMETRY_PRESENT_TIF_UNRESOLVED,Patch geometry exists but final TIF/stack binding remains unresolved.,review_or_exclude_before_training_dataset_manifest
PET_03,petropolis_00293,Petrópolis,BLOCKED_UNRESOLVED_TIF_BINDING,RAW_GEOMETRY_PRESENT_TIF_UNRESOLVED,Patch geometry exists but final TIF/stack binding remains unresolved.,review_or_exclude_before_training_dataset_manifest
PET_04,petropolis_00396,Petrópolis,NOT_TRAINABLE_NO_LABEL,GEOMETRY_AND_TIF_DESIGNATED_NEEDS_REVIEW,No binary labels and no sufficient trainable asset path identified in this read-only audit.,review_or_exclude_before_training_dataset_manifest
PET_05,petropolis_00397,Petrópolis,NOT_TRAINABLE_NO_LABEL,GEOMETRY_AND_TIF_DESIGNATED_NEEDS_REVIEW,No binary labels and no sufficient trainable asset path identified in this read-only audit.,review_or_exclude_before_training_dataset_manifest
PET_06,petropolis_00398,Petrópolis,BLOCKED_UNRESOLVED_TIF_BINDING,RAW_GEOMETRY_PRESENT_TIF_UNRESOLVED,Patch geometry exists but final TIF/stack binding remains unresolved.,review_or_exclude_before_training_dataset_manifest
PET_07,petropolis_00436,Petrópolis,BLOCKED_UNRESOLVED_TIF_BINDING,RAW_GEOMETRY_PRESENT_TIF_UNRESOLVED,Patch geometry exists but final TIF/stack binding remains unresolved.,review_or_exclude_before_training_dataset_manifest
PET_08,petropolis_00471,Petrópolis,BLOCKED_UNRESOLVED_TIF_BINDING,RAW_GEOMETRY_PRESENT_TIF_UNRESOLVED,Patch geometry exists but final TIF/stack binding remains unresolved.,review_or_exclude_before_training_dataset_manifest
PET_09,petropolis_00504,Petrópolis,BLOCKED_UNRESOLVED_TIF_BINDING,RAW_GEOMETRY_PRESENT_TIF_UNRESOLVED,Patch geometry exists but final TIF/stack binding remains unresolved.,review_or_exclude_before_training_dataset_manifest
PET_10,petropolis_00507,Petrópolis,NOT_TRAINABLE_NO_LABEL,GEOMETRY_AND_TIF_DESIGNATED_NEEDS_REVIEW,No binary labels and no sufficient trainable asset path identified in this read-only audit.,review_or_exclude_before_training_dataset_manifest
PET_11,petropolis_00579,Petrópolis,NOT_TRAINABLE_NO_LABEL,GEOMETRY_AND_TIF_DESIGNATED_NEEDS_REVIEW,No binary labels and no sufficient trainable asset path identified in this read-only audit.,review_or_exclude_before_training_dataset_manifest
PET_12,petropolis_00614,Petrópolis,NOT_TRAINABLE_NO_LABEL,GEOMETRY_AND_TIF_DESIGNATED_NEEDS_REVIEW,No binary labels and no sufficient trainable asset path identified in this read-only audit.,review_or_exclude_before_training_dataset_manifest
PET_13,petropolis_00615,Petrópolis,NOT_TRAINABLE_NO_LABEL,GEOMETRY_AND_TIF_DESIGNATED_NEEDS_REVIEW,No binary labels and no sufficient trainable asset path identified in this read-only audit.,review_or_exclude_before_training_dataset_manifest
PET_14,petropolis_00649,Petrópolis,NOT_TRAINABLE_NO_LABEL,GEOMETRY_AND_TIF_DESIGNATED_NEEDS_REVIEW,No binary labels and no sufficient trainable asset path identified in this read-only audit.,review_or_exclude_before_training_dataset_manifest
PET_15,petropolis_00720,Petrópolis,NOT_TRAINABLE_NO_LABEL,GEOMETRY_AND_TIF_DESIGNATED_NEEDS_REVIEW,No binary labels and no sufficient trainable asset path identified in this read-only audit.,review_or_exclude_before_training_dataset_manifest
PET_16,petropolis_00756,Petrópolis,NOT_TRAINABLE_NO_LABEL,GEOMETRY_AND_TIF_DESIGNATED_NEEDS_REVIEW,No binary labels and no sufficient trainable asset path identified in this read-only audit.,review_or_exclude_before_training_dataset_manifest
PET_17,petropolis_00789,Petrópolis,NOT_TRAINABLE_NO_LABEL,GEOMETRY_AND_TIF_DESIGNATED_NEEDS_REVIEW,No binary labels and no sufficient trainable asset path identified in this read-only audit.,review_or_exclude_before_training_dataset_manifest
PET_18,petropolis_00790,Petrópolis,BLOCKED_UNRESOLVED_TIF_BINDING,RAW_GEOMETRY_PRESENT_TIF_UNRESOLVED,Patch geometry exists but final TIF/stack binding remains unresolved.,review_or_exclude_before_training_dataset_manifest
PET_19,petropolis_00823,Petrópolis,NOT_TRAINABLE_NO_LABEL,GEOMETRY_AND_TIF_DESIGNATED_NEEDS_REVIEW,No binary labels and no sufficient trainable asset path identified in this read-only audit.,review_or_exclude_before_training_dataset_manifest
PET_20,petropolis_00824,Petrópolis,BLOCKED_UNRESOLVED_TIF_BINDING,RAW_GEOMETRY_PRESENT_TIF_UNRESOLVED,Patch geometry exists but final TIF/stack binding remains unresolved.,review_or_exclude_before_training_dataset_manifest
PET_21,petropolis_00825,Petrópolis,NOT_TRAINABLE_NO_LABEL,GEOMETRY_AND_TIF_DESIGNATED_NEEDS_REVIEW,No binary labels and no sufficient trainable asset path identified in this read-only audit.,review_or_exclude_before_training_dataset_manifest
PET_22,petropolis_00860,Petrópolis,NOT_TRAINABLE_NO_LABEL,GEOMETRY_AND_TIF_DESIGNATED_NEEDS_REVIEW,No binary labels and no sufficient trainable asset path identified in this read-only audit.,review_or_exclude_before_training_dataset_manifest
PET_23,petropolis_00863,Petrópolis,NOT_TRAINABLE_NO_LABEL,GEOMETRY_AND_TIF_DESIGNATED_NEEDS_REVIEW,No binary labels and no sufficient trainable asset path identified in this read-only audit.,review_or_exclude_before_training_dataset_manifest
PET_24,petropolis_00986,Petrópolis,NOT_TRAINABLE_NO_LABEL,GEOMETRY_AND_TIF_DESIGNATED_NEEDS_REVIEW,No binary labels and no sufficient trainable asset path identified in this read-only audit.,review_or_exclude_before_training_dataset_manifest
PET_25,petropolis_01109,Petrópolis,BLOCKED_UNRESOLVED_TIF_BINDING,RAW_GEOMETRY_PRESENT_TIF_UNRESOLVED,Patch geometry exists but final TIF/stack binding remains unresolved.,review_or_exclude_before_training_dataset_manifest
PET_26,petropolis_01351,Petrópolis,BLOCKED_UNRESOLVED_TIF_BINDING,RAW_GEOMETRY_PRESENT_TIF_UNRESOLVED,Patch geometry exists but final TIF/stack binding remains unresolved.,review_or_exclude_before_training_dataset_manifest
PET_27,petropolis_01495,Petrópolis,NOT_TRAINABLE_NO_LABEL,GEOMETRY_AND_TIF_DESIGNATED_NEEDS_REVIEW,No binary labels and no sufficient trainable asset path identified in this read-only audit.,review_or_exclude_before_training_dataset_manifest
REC_00019,recife_00019,Recife,SELF_SUPERVISED_CANDIDATE_NEEDS_REVIEW,ASSET_PRESENT_OUTSIDE_CANONICAL_59_REVIEW_REQUIRED,No observed-flood truth or approved weak-label protocol; only review-gated self-supervised/pretext use is plausible.,review_or_exclude_before_training_dataset_manifest
REC_00183,recife_00183,Recife,SELF_SUPERVISED_CANDIDATE_NEEDS_REVIEW,ASSET_PRESENT_OUTSIDE_CANONICAL_59_REVIEW_REQUIRED,No observed-flood truth or approved weak-label protocol; only review-gated self-supervised/pretext use is plausible.,review_or_exclude_before_training_dataset_manifest
REC_00204,recife_00204,Recife,SELF_SUPERVISED_CANDIDATE_NEEDS_REVIEW,ASSET_PRESENT_OUTSIDE_CANONICAL_59_REVIEW_REQUIRED,No observed-flood truth or approved weak-label protocol; only review-gated self-supervised/pretext use is plausible.,review_or_exclude_before_training_dataset_manifest
REC_00205,recife_00205,Recife,SELF_SUPERVISED_CANDIDATE_NEEDS_REVIEW,ASSET_PRESENT_OUTSIDE_CANONICAL_59_REVIEW_REQUIRED,No observed-flood truth or approved weak-label protocol; only review-gated self-supervised/pretext use is plausible.,review_or_exclude_before_training_dataset_manifest
REC_00227,recife_00227,Recife,SELF_SUPERVISED_CANDIDATE_NEEDS_REVIEW,ASSET_PRESENT_OUTSIDE_CANONICAL_59_REVIEW_REQUIRED,No observed-flood truth or approved weak-label protocol; only review-gated self-supervised/pretext use is plausible.,review_or_exclude_before_training_dataset_manifest
REC_00260,recife_00260,Recife,SELF_SUPERVISED_CANDIDATE_NEEDS_REVIEW,ASSET_PRESENT_OUTSIDE_CANONICAL_59_REVIEW_REQUIRED,No observed-flood truth or approved weak-label protocol; only review-gated self-supervised/pretext use is plausible.,review_or_exclude_before_training_dataset_manifest
REC_00276,recife_00276,Recife,SELF_SUPERVISED_CANDIDATE_NEEDS_REVIEW,ASSET_PRESENT_OUTSIDE_CANONICAL_59_REVIEW_REQUIRED,No observed-flood truth or approved weak-label protocol; only review-gated self-supervised/pretext use is plausible.,review_or_exclude_before_training_dataset_manifest
REC_00279,recife_00279,Recife,SELF_SUPERVISED_CANDIDATE_NEEDS_REVIEW,ASSET_PRESENT_OUTSIDE_CANONICAL_59_REVIEW_REQUIRED,No observed-flood truth or approved weak-label protocol; only review-gated self-supervised/pretext use is plausible.,review_or_exclude_before_training_dataset_manifest
REC_00289,recife_00289,Recife,SELF_SUPERVISED_CANDIDATE_NEEDS_REVIEW,ASSET_PRESENT_OUTSIDE_CANONICAL_59_REVIEW_REQUIRED,No observed-flood truth or approved weak-label protocol; only review-gated self-supervised/pretext use is plausible.,review_or_exclude_before_training_dataset_manifest
REC_00290,recife_00290,Recife,SELF_SUPERVISED_CANDIDATE_NEEDS_REVIEW,ASSET_PRESENT_OUTSIDE_CANONICAL_59_REVIEW_REQUIRED,No observed-flood truth or approved weak-label protocol; only review-gated self-supervised/pretext use is plausible.,review_or_exclude_before_training_dataset_manifest
REC_00291,recife_00291,Recife,SELF_SUPERVISED_CANDIDATE_NEEDS_REVIEW,ASSET_PRESENT_OUTSIDE_CANONICAL_59_REVIEW_REQUIRED,No observed-flood truth or approved weak-label protocol; only review-gated self-supervised/pretext use is plausible.,review_or_exclude_before_training_dataset_manifest
REC_00292,recife_00292,Recife,SELF_SUPERVISED_CANDIDATE_NEEDS_REVIEW,ASSET_PRESENT_OUTSIDE_CANONICAL_59_REVIEW_REQUIRED,No observed-flood truth or approved weak-label protocol; only review-gated self-supervised/pretext use is plausible.,review_or_exclude_before_training_dataset_manifest
REC_00294,recife_00294,Recife,SELF_SUPERVISED_CANDIDATE_NEEDS_REVIEW,ASSET_PRESENT_OUTSIDE_CANONICAL_59_REVIEW_REQUIRED,No observed-flood truth or approved weak-label protocol; only review-gated self-supervised/pretext use is plausible.,review_or_exclude_before_training_dataset_manifest
REC_00296,recife_00296,Recife,SELF_SUPERVISED_CANDIDATE_NEEDS_REVIEW,ASSET_PRESENT_OUTSIDE_CANONICAL_59_REVIEW_REQUIRED,No observed-flood truth or approved weak-label protocol; only review-gated self-supervised/pretext use is plausible.,review_or_exclude_before_training_dataset_manifest
REC_00299,recife_00299,Recife,SELF_SUPERVISED_CANDIDATE_NEEDS_REVIEW,ASSET_PRESENT_OUTSIDE_CANONICAL_59_REVIEW_REQUIRED,No observed-flood truth or approved weak-label protocol; only review-gated self-supervised/pretext use is plausible.,review_or_exclude_before_training_dataset_manifest
REC_00302,recife_00302,Recife,SELF_SUPERVISED_CANDIDATE_NEEDS_REVIEW,ASSET_PRESENT_OUTSIDE_CANONICAL_59_REVIEW_REQUIRED,No observed-flood truth or approved weak-label protocol; only review-gated self-supervised/pretext use is plausible.,review_or_exclude_before_training_dataset_manifest
REC_00313,recife_00313,Recife,SELF_SUPERVISED_CANDIDATE_NEEDS_REVIEW,ASSET_PRESENT_OUTSIDE_CANONICAL_59_REVIEW_REQUIRED,No observed-flood truth or approved weak-label protocol; only review-gated self-supervised/pretext use is plausible.,review_or_exclude_before_training_dataset_manifest
REC_00314,recife_00314,Recife,SELF_SUPERVISED_CANDIDATE_NEEDS_REVIEW,ASSET_PRESENT_OUTSIDE_CANONICAL_59_REVIEW_REQUIRED,No observed-flood truth or approved weak-label protocol; only review-gated self-supervised/pretext use is plausible.,review_or_exclude_before_training_dataset_manifest
REC_00354,recife_00354,Recife,SELF_SUPERVISED_CANDIDATE_NEEDS_REVIEW,ASSET_PRESENT_OUTSIDE_CANONICAL_59_REVIEW_REQUIRED,No observed-flood truth or approved weak-label protocol; only review-gated self-supervised/pretext use is plausible.,review_or_exclude_before_training_dataset_manifest
REC_00355,recife_00355,Recife,SELF_SUPERVISED_CANDIDATE_NEEDS_REVIEW,ASSET_PRESENT_OUTSIDE_CANONICAL_59_REVIEW_REQUIRED,No observed-flood truth or approved weak-label protocol; only review-gated self-supervised/pretext use is plausible.,review_or_exclude_before_training_dataset_manifest
REC_00364,recife_00364,Recife,SELF_SUPERVISED_CANDIDATE_NEEDS_REVIEW,ASSET_PRESENT_OUTSIDE_CANONICAL_59_REVIEW_REQUIRED,No observed-flood truth or approved weak-label protocol; only review-gated self-supervised/pretext use is plausible.,review_or_exclude_before_training_dataset_manifest
REC_00388,recife_00388,Recife,SELF_SUPERVISED_CANDIDATE_NEEDS_REVIEW,ASSET_PRESENT_OUTSIDE_CANONICAL_59_REVIEW_REQUIRED,No observed-flood truth or approved weak-label protocol; only review-gated self-supervised/pretext use is plausible.,review_or_exclude_before_training_dataset_manifest
REC_00458,recife_00458,Recife,SELF_SUPERVISED_CANDIDATE_NEEDS_REVIEW,ASSET_PRESENT_OUTSIDE_CANONICAL_59_REVIEW_REQUIRED,No observed-flood truth or approved weak-label protocol; only review-gated self-supervised/pretext use is plausible.,review_or_exclude_before_training_dataset_manifest
REC_00460,recife_00460,Recife,SELF_SUPERVISED_CANDIDATE_NEEDS_REVIEW,ASSET_PRESENT_OUTSIDE_CANONICAL_59_REVIEW_REQUIRED,No observed-flood truth or approved weak-label protocol; only review-gated self-supervised/pretext use is plausible.,review_or_exclude_before_training_dataset_manifest
REC_00481,recife_00481,Recife,SELF_SUPERVISED_CANDIDATE_NEEDS_REVIEW,ASSET_PRESENT_OUTSIDE_CANONICAL_59_REVIEW_REQUIRED,No observed-flood truth or approved weak-label protocol; only review-gated self-supervised/pretext use is plausible.,review_or_exclude_before_training_dataset_manifest
REC_00482,recife_00482,Recife,SELF_SUPERVISED_CANDIDATE_NEEDS_REVIEW,ASSET_PRESENT_OUTSIDE_CANONICAL_59_REVIEW_REQUIRED,No observed-flood truth or approved weak-label protocol; only review-gated self-supervised/pretext use is plausible.,review_or_exclude_before_training_dataset_manifest
REC_00483,recife_00483,Recife,SELF_SUPERVISED_CANDIDATE_NEEDS_REVIEW,ASSET_PRESENT_OUTSIDE_CANONICAL_59_REVIEW_REQUIRED,No observed-flood truth or approved weak-label protocol; only review-gated self-supervised/pretext use is plausible.,review_or_exclude_before_training_dataset_manifest
REC_00501,recife_00501,Recife,SELF_SUPERVISED_CANDIDATE_NEEDS_REVIEW,ASSET_PRESENT_OUTSIDE_CANONICAL_59_REVIEW_REQUIRED,No observed-flood truth or approved weak-label protocol; only review-gated self-supervised/pretext use is plausible.,review_or_exclude_before_training_dataset_manifest
REC_00502,recife_00502,Recife,SELF_SUPERVISED_CANDIDATE_NEEDS_REVIEW,ASSET_PRESENT_OUTSIDE_CANONICAL_59_REVIEW_REQUIRED,No observed-flood truth or approved weak-label protocol; only review-gated self-supervised/pretext use is plausible.,review_or_exclude_before_training_dataset_manifest
REC_00503,recife_00503,Recife,SELF_SUPERVISED_CANDIDATE_NEEDS_REVIEW,ASSET_PRESENT_OUTSIDE_CANONICAL_59_REVIEW_REQUIRED,No observed-flood truth or approved weak-label protocol; only review-gated self-supervised/pretext use is plausible.,review_or_exclude_before_training_dataset_manifest
REC_00505,recife_00505,Recife,SELF_SUPERVISED_CANDIDATE_NEEDS_REVIEW,ASSET_PRESENT_OUTSIDE_CANONICAL_59_REVIEW_REQUIRED,No observed-flood truth or approved weak-label protocol; only review-gated self-supervised/pretext use is plausible.,review_or_exclude_before_training_dataset_manifest
REC_00506,recife_00506,Recife,SELF_SUPERVISED_CANDIDATE_NEEDS_REVIEW,ASSET_PRESENT_OUTSIDE_CANONICAL_59_REVIEW_REQUIRED,No observed-flood truth or approved weak-label protocol; only review-gated self-supervised/pretext use is plausible.,review_or_exclude_before_training_dataset_manifest
REC_00525,recife_00525,Recife,SELF_SUPERVISED_CANDIDATE_NEEDS_REVIEW,ASSET_PRESENT_OUTSIDE_CANONICAL_59_REVIEW_REQUIRED,No observed-flood truth or approved weak-label protocol; only review-gated self-supervised/pretext use is plausible.,review_or_exclude_before_training_dataset_manifest
REC_00526,recife_00526,Recife,SELF_SUPERVISED_CANDIDATE_NEEDS_REVIEW,ASSET_PRESENT_OUTSIDE_CANONICAL_59_REVIEW_REQUIRED,No observed-flood truth or approved weak-label protocol; only review-gated self-supervised/pretext use is plausible.,review_or_exclude_before_training_dataset_manifest
REC_00529,recife_00529,Recife,SELF_SUPERVISED_CANDIDATE_NEEDS_REVIEW,ASSET_PRESENT_OUTSIDE_CANONICAL_59_REVIEW_REQUIRED,No observed-flood truth or approved weak-label protocol; only review-gated self-supervised/pretext use is plausible.,review_or_exclude_before_training_dataset_manifest
REC_00548,recife_00548,Recife,SELF_SUPERVISED_CANDIDATE_NEEDS_REVIEW,ASSET_PRESENT_OUTSIDE_CANONICAL_59_REVIEW_REQUIRED,No observed-flood truth or approved weak-label protocol; only review-gated self-supervised/pretext use is plausible.,review_or_exclude_before_training_dataset_manifest
REC_00550,recife_00550,Recife,SELF_SUPERVISED_CANDIDATE_NEEDS_REVIEW,ASSET_PRESENT_OUTSIDE_CANONICAL_59_REVIEW_REQUIRED,No observed-flood truth or approved weak-label protocol; only review-gated self-supervised/pretext use is plausible.,review_or_exclude_before_training_dataset_manifest
REC_01,recife_ext_0001,Recife,BLOCKED_REC_EXT_BG_NAMING,UNRESOLVED_REC_EXT_BG_NAMING,Recife ext/bg provenance and naming remain unresolved; do not use for dataset creation.,review_or_exclude_before_training_dataset_manifest
REC_02,recife_ext_0002,Recife,BLOCKED_REC_EXT_BG_NAMING,UNRESOLVED_REC_EXT_BG_NAMING,Recife ext/bg provenance and naming remain unresolved; do not use for dataset creation.,review_or_exclude_before_training_dataset_manifest
REC_03,recife_ext_0003,Recife,BLOCKED_REC_EXT_BG_NAMING,UNRESOLVED_REC_EXT_BG_NAMING,Recife ext/bg provenance and naming remain unresolved; do not use for dataset creation.,review_or_exclude_before_training_dataset_manifest
REC_04,recife_ext_0004,Recife,BLOCKED_REC_EXT_BG_NAMING,UNRESOLVED_REC_EXT_BG_NAMING,Recife ext/bg provenance and naming remain unresolved; do not use for dataset creation.,review_or_exclude_before_training_dataset_manifest
REC_05,recife_ext_0005,Recife,BLOCKED_REC_EXT_BG_NAMING,UNRESOLVED_REC_EXT_BG_NAMING,Recife ext/bg provenance and naming remain unresolved; do not use for dataset creation.,review_or_exclude_before_training_dataset_manifest
REC_06,recife_ext_0006,Recife,BLOCKED_REC_EXT_BG_NAMING,UNRESOLVED_REC_EXT_BG_NAMING,Recife ext/bg provenance and naming remain unresolved; do not use for dataset creation.,review_or_exclude_before_training_dataset_manifest
REC_07,recife_bg_0001,Recife,BLOCKED_REC_EXT_BG_NAMING,UNRESOLVED_REC_EXT_BG_NAMING,Recife ext/bg provenance and naming remain unresolved; do not use for dataset creation.,review_or_exclude_before_training_dataset_manifest
REC_08,recife_bg_0002,Recife,BLOCKED_REC_EXT_BG_NAMING,UNRESOLVED_REC_EXT_BG_NAMING,Recife ext/bg provenance and naming remain unresolved; do not use for dataset creation.,review_or_exclude_before_training_dataset_manifest
REC_09,recife_bg_0003,Recife,BLOCKED_REC_EXT_BG_NAMING,UNRESOLVED_REC_EXT_BG_NAMING,Recife ext/bg provenance and naming remain unresolved; do not use for dataset creation.,review_or_exclude_before_training_dataset_manifest
REC_10,recife_bg_0004,Recife,BLOCKED_REC_EXT_BG_NAMING,UNRESOLVED_REC_EXT_BG_NAMING,Recife ext/bg provenance and naming remain unresolved; do not use for dataset creation.,review_or_exclude_before_training_dataset_manifest
REC_11,recife_bg_0005,Recife,BLOCKED_REC_EXT_BG_NAMING,UNRESOLVED_REC_EXT_BG_NAMING,Recife ext/bg provenance and naming remain unresolved; do not use for dataset creation.,review_or_exclude_before_training_dataset_manifest
REC_12,recife_bg_0006,Recife,BLOCKED_REC_EXT_BG_NAMING,UNRESOLVED_REC_EXT_BG_NAMING,Recife ext/bg provenance and naming remain unresolved; do not use for dataset creation.,review_or_exclude_before_training_dataset_manifest
REC_13,recife_bg_0007,Recife,BLOCKED_REC_EXT_BG_NAMING,UNRESOLVED_REC_EXT_BG_NAMING,Recife ext/bg provenance and naming remain unresolved; do not use for dataset creation.,review_or_exclude_before_training_dataset_manifest
REC_14,recife_bg_0008,Recife,BLOCKED_REC_EXT_BG_NAMING,UNRESOLVED_REC_EXT_BG_NAMING,Recife ext/bg provenance and naming remain unresolved; do not use for dataset creation.,review_or_exclude_before_training_dataset_manifest
REC_15,recife_bg_0009,Recife,BLOCKED_REC_EXT_BG_NAMING,UNRESOLVED_REC_EXT_BG_NAMING,Recife ext/bg provenance and naming remain unresolved; do not use for dataset creation.,review_or_exclude_before_training_dataset_manifest
REC_16,recife_bg_0010,Recife,BLOCKED_REC_EXT_BG_NAMING,UNRESOLVED_REC_EXT_BG_NAMING,Recife ext/bg provenance and naming remain unresolved; do not use for dataset creation.,review_or_exclude_before_training_dataset_manifest
REC_17,recife_bg_0011,Recife,BLOCKED_REC_EXT_BG_NAMING,UNRESOLVED_REC_EXT_BG_NAMING,Recife ext/bg provenance and naming remain unresolved; do not use for dataset creation.,review_or_exclude_before_training_dataset_manifest
REC_18,recife_bg_0012,Recife,BLOCKED_REC_EXT_BG_NAMING,UNRESOLVED_REC_EXT_BG_NAMING,Recife ext/bg provenance and naming remain unresolved; do not use for dataset creation.,review_or_exclude_before_training_dataset_manifest
