asset_id,candidate_id,region,modality,asset_path,asset_type,exists,extension,size_bytes,shape_or_dimensions,crs_if_header_available,bounds_if_header_available,split_group,source_family,sha256_small_file,basename,header_status,too_small_flag,leakage_flag,input_preflight_status,blocked_reason_from_v1fr,duplicate_flag
92505e20b69dd028,CUR_00038,Curitiba,sentinel_raster_path_only,data/sentinel/patch_curitiba_00038.tif,SENTINEL_TIF_ASSET,yes,.tif,154791,"95x94x6;dtype=float64,float64,float64,float64,float64,float64",EPSG:32722,"661730.0,7168160.0,662680.0,7169100.0",Curitiba__sentinel_tif__patch_curitiba_00038,sentinel_local_asset,ec8b4cab111f1a5a1bef6a62006116edf30e28378c2020e75bef4cac009faddd,patch_curitiba_00038.tif,TIF_HEADER_ONLY_OK,no,HIGH_SCOPE_AND_SOURCE_REVIEW_REQUIRED,SAFE_FOR_REVIEW_ONLY,,
78ebfa1f1228e4da,CUR_00038,Curitiba,multimodal_stack_path_only,patches/stacks/curitiba/patch_curitiba_00038.npy,MULTIMODAL_STACK_NPY,yes,.npy,163968,10x64x64,,,Curitiba__stack_npy__patch_curitiba_00038,local_multimodal_stack,f85563bd8a57fd69d8ee77db83f8e53cc150470acdd7141dc7bff6e7ea3b9f48,patch_curitiba_00038.npy,NPY_MMAP_HEADER_OK:float32,no,HIGH_SCOPE_AND_SOURCE_REVIEW_REQUIRED,SAFE_FOR_REVIEW_ONLY,,
a876d490e5812896,CUR_00249,Curitiba,sentinel_raster_path_only,data/sentinel/patch_curitiba_00249.tif,SENTINEL_TIF_ASSET,yes,.tif,154455,"95x94x6;dtype=float64,float64,float64,float64,float64,float64",EPSG:32722,"662700.0,7173540.0,663650.0,7174480.0",Curitiba__sentinel_tif__patch_curitiba_00249,sentinel_local_asset,da4a44f7ba3e306e24d129f6f1f8e9817c1d78e09652a0e7b462b52ed107e8d3,patch_curitiba_00249.tif,TIF_HEADER_ONLY_OK,no,HIGH_SCOPE_AND_SOURCE_REVIEW_REQUIRED,SAFE_FOR_REVIEW_ONLY,,
14e1776a573b9218,CUR_00249,Curitiba,multimodal_stack_path_only,patches/stacks/curitiba/patch_curitiba_00249.npy,MULTIMODAL_STACK_NPY,yes,.npy,163968,10x64x64,,,Curitiba__stack_npy__patch_curitiba_00249,local_multimodal_stack,91d2b1b21af8c602c93c3b2139a7a760a38577a0fb5d43b9e259dd6332d4b6a1,patch_curitiba_00249.npy,NPY_MMAP_HEADER_OK:float32,no,HIGH_SCOPE_AND_SOURCE_REVIEW_REQUIRED,SAFE_FOR_REVIEW_ONLY,,
c61f82fb1021cbfb,CUR_00350,Curitiba,sentinel_raster_path_only,data/sentinel/patch_curitiba_00350.tif,SENTINEL_TIF_ASSET,yes,.tif,153638,"95x94x6;dtype=float64,float64,float64,float64,float64,float64",EPSG:32722,"690710.0,7174960.0,691660.0,7175900.0",Curitiba__sentinel_tif__patch_curitiba_00350,sentinel_local_asset,292c2ff22b99c8ae461bc93fc6d0761ed22c1220e5f3750d624829cc05f89200,patch_curitiba_00350.tif,TIF_HEADER_ONLY_OK,no,HIGH_SCOPE_AND_SOURCE_REVIEW_REQUIRED,SAFE_FOR_REVIEW_ONLY,,
af48473f60ec09eb,CUR_00350,Curitiba,multimodal_stack_path_only,patches/stacks/curitiba/patch_curitiba_00350.npy,MULTIMODAL_STACK_NPY,yes,.npy,163968,10x64x64,,,Curitiba__stack_npy__patch_curitiba_00350,local_multimodal_stack,fc6f0787dba02531758c5f0cfcac78b74711be1ceffbf9b9d58853ca7f7b4b1a,patch_curitiba_00350.npy,NPY_MMAP_HEADER_OK:float32,no,HIGH_SCOPE_AND_SOURCE_REVIEW_REQUIRED,SAFE_FOR_REVIEW_ONLY,,
31f6daa6af24b8c6,CUR_00357,Curitiba,sentinel_raster_path_only,data/sentinel/patch_curitiba_00357.tif,SENTINEL_TIF_ASSET,yes,.tif,154209,"95x94x6;dtype=float64,float64,float64,float64,float64,float64",EPSG:32722,"665440.0,7176200.0,666390.0,7177140.0",Curitiba__sentinel_tif__patch_curitiba_00357,sentinel_local_asset,80541fd0997bc6702c2c5fd25ed24e9f3cc07366d860cec2a17c092eb30dd9e9,patch_curitiba_00357.tif,TIF_HEADER_ONLY_OK,no,HIGH_SCOPE_AND_SOURCE_REVIEW_REQUIRED,SAFE_FOR_REVIEW_ONLY,,
14e712c37e980cb4,CUR_00357,Curitiba,multimodal_stack_path_only,patches/stacks/curitiba/patch_curitiba_00357.npy,MULTIMODAL_STACK_NPY,yes,.npy,163968,10x64x64,,,Curitiba__stack_npy__patch_curitiba_00357,local_multimodal_stack,93f492bcccc74267b63c06fc1c24497df8700d8f2071f25d9ff4966dd43b829a,patch_curitiba_00357.npy,NPY_MMAP_HEADER_OK:float32,no,HIGH_SCOPE_AND_SOURCE_REVIEW_REQUIRED,SAFE_FOR_REVIEW_ONLY,,
f3fa8cabe2db7f58,CUR_00367,Curitiba,sentinel_raster_path_only,data/sentinel/patch_curitiba_00367.tif,SENTINEL_TIF_ASSET,yes,.tif,154917,"95x94x6;dtype=float64,float64,float64,float64,float64,float64",EPSG:32722,"674470.0,7176080.0,675420.0,7177020.0",Curitiba__sentinel_tif__patch_curitiba_00367,sentinel_local_asset,dea73c5ad08d6e78877f920f1156238d9f1454280a3761dd46560d148b817f02,patch_curitiba_00367.tif,TIF_HEADER_ONLY_OK,no,HIGH_SCOPE_AND_SOURCE_REVIEW_REQUIRED,SAFE_FOR_REVIEW_ONLY,,
0fcaac5c13de820c,CUR_00367,Curitiba,multimodal_stack_path_only,patches/stacks/curitiba/patch_curitiba_00367.npy,MULTIMODAL_STACK_NPY,yes,.npy,163968,10x64x64,,,Curitiba__stack_npy__patch_curitiba_00367,local_multimodal_stack,2a358c8e6b2d2c94c1b8056a3970a88a17440ecfcd1d7d00976f12a5c4c6d7f3,patch_curitiba_00367.npy,NPY_MMAP_HEADER_OK:float32,no,HIGH_SCOPE_AND_SOURCE_REVIEW_REQUIRED,SAFE_FOR_REVIEW_ONLY,,
72334dc260eeeaf5,CUR_00402,Curitiba,sentinel_raster_path_only,data/sentinel/patch_curitiba_00402.tif,SENTINEL_TIF_ASSET,yes,.tif,151211,"95x94x6;dtype=float64,float64,float64,float64,float64,float64",EPSG:32722,"674480.0,7176980.0,675430.0,7177920.0",Curitiba__sentinel_tif__patch_curitiba_00402,sentinel_local_asset,7be03843037ab8495237443be1ca6885c5801fc29fcb5793cf918ce66fbc951f,patch_curitiba_00402.tif,TIF_HEADER_ONLY_OK,no,HIGH_SCOPE_AND_SOURCE_REVIEW_REQUIRED,SAFE_FOR_REVIEW_ONLY,,
549d07e61bf3be0c,CUR_00402,Curitiba,multimodal_stack_path_only,patches/stacks/curitiba/patch_curitiba_00402.npy,MULTIMODAL_STACK_NPY,yes,.npy,163968,10x64x64,,,Curitiba__stack_npy__patch_curitiba_00402,local_multimodal_stack,71d3046052057c62044893b9e308fc4ea6cbf24a94122ff1677950e0ad219fc9,patch_curitiba_00402.npy,NPY_MMAP_HEADER_OK:float32,no,HIGH_SCOPE_AND_SOURCE_REVIEW_REQUIRED,SAFE_FOR_REVIEW_ONLY,,
b64b02ca9c474f84,CUR_00409,Curitiba,sentinel_raster_path_only,data/sentinel/patch_curitiba_00409.tif,SENTINEL_TIF_ASSET,yes,.tif,151065,"94x94x6;dtype=float64,float64,float64,float64,float64,float64",EPSG:32722,"680810.0,7176900.0,681750.0,7177840.0",Curitiba__sentinel_tif__patch_curitiba_00409,sentinel_local_asset,7c57989330a4650957b72a33c6df882da48051f0e49b30fa4c8161e10338be6c,patch_curitiba_00409.tif,TIF_HEADER_ONLY_OK,no,HIGH_SCOPE_AND_SOURCE_REVIEW_REQUIRED,SAFE_FOR_REVIEW_ONLY,,
0acff52e6b97035c,CUR_00409,Curitiba,multimodal_stack_path_only,patches/stacks/curitiba/patch_curitiba_00409.npy,MULTIMODAL_STACK_NPY,yes,.npy,163968,10x64x64,,,Curitiba__stack_npy__patch_curitiba_00409,local_multimodal_stack,ff9158326046821304744dd3bbbe97df74b3d33e9d3445f22faf9632d8ea9a12,patch_curitiba_00409.npy,NPY_MMAP_HEADER_OK:float32,no,HIGH_SCOPE_AND_SOURCE_REVIEW_REQUIRED,SAFE_FOR_REVIEW_ONLY,,
3d3ea9ef96771937,CUR_00410,Curitiba,sentinel_raster_path_only,data/sentinel/patch_curitiba_00410.tif,SENTINEL_TIF_ASSET,yes,.tif,151818,"94x94x6;dtype=float64,float64,float64,float64,float64,float64",EPSG:32722,"681710.0,7176880.0,682650.0,7177820.0",Curitiba__sentinel_tif__patch_curitiba_00410,sentinel_local_asset,68f8189544bf7e7bceb5cfaf26fddc5d7ef17b6f7e14bb34c431d972c762aa91,patch_curitiba_00410.tif,TIF_HEADER_ONLY_OK,no,HIGH_SCOPE_AND_SOURCE_REVIEW_REQUIRED,SAFE_FOR_REVIEW_ONLY,,
38e9ad53dbf0ecd6,CUR_00410,Curitiba,multimodal_stack_path_only,patches/stacks/curitiba/patch_curitiba_00410.npy,MULTIMODAL_STACK_NPY,yes,.npy,163968,10x64x64,,,Curitiba__stack_npy__patch_curitiba_00410,local_multimodal_stack,d87cdb060af73c4b50d564c0d1309794438798c46f4d01be690ba66da9aea426,patch_curitiba_00410.npy,NPY_MMAP_HEADER_OK:float32,no,HIGH_SCOPE_AND_SOURCE_REVIEW_REQUIRED,SAFE_FOR_REVIEW_ONLY,,
dd1f4a04bb7cb6ed,CUR_00413,Curitiba,sentinel_raster_path_only,data/sentinel/patch_curitiba_00413.tif,SENTINEL_TIF_ASSET,yes,.tif,151563,"94x94x6;dtype=float64,float64,float64,float64,float64,float64",EPSG:32722,"684420.0,7176850.0,685360.0,7177790.0",Curitiba__sentinel_tif__patch_curitiba_00413,sentinel_local_asset,20bd681c03df676ff3cdf09110167453e661272793fd6ad81a1ff3beb9e62351,patch_curitiba_00413.tif,TIF_HEADER_ONLY_OK,no,HIGH_SCOPE_AND_SOURCE_REVIEW_REQUIRED,SAFE_FOR_REVIEW_ONLY,,
68558b05d9af873d,CUR_00413,Curitiba,multimodal_stack_path_only,patches/stacks/curitiba/patch_curitiba_00413.npy,MULTIMODAL_STACK_NPY,yes,.npy,163968,10x64x64,,,Curitiba__stack_npy__patch_curitiba_00413,local_multimodal_stack,16eab7614b9517f307cb4ec5a5973e08cba989752b485bc98d3b73f806295074,patch_curitiba_00413.npy,NPY_MMAP_HEADER_OK:float32,no,HIGH_SCOPE_AND_SOURCE_REVIEW_REQUIRED,SAFE_FOR_REVIEW_ONLY,,
1bc68ee41a5b4b8a,CUR_00416,Curitiba,sentinel_raster_path_only,data/sentinel/patch_curitiba_00416.tif,SENTINEL_TIF_ASSET,yes,.tif,153074,"94x94x6;dtype=float64,float64,float64,float64,float64,float64",EPSG:32722,"687130.0,7176810.0,688070.0,7177750.0",Curitiba__sentinel_tif__patch_curitiba_00416,sentinel_local_asset,d7c820760715044c5c0308128487061e8e3d977f9d5c43f6d75cb254ce57c180,patch_curitiba_00416.tif,TIF_HEADER_ONLY_OK,no,HIGH_SCOPE_AND_SOURCE_REVIEW_REQUIRED,SAFE_FOR_REVIEW_ONLY,,
d948c77ce82d0546,CUR_00416,Curitiba,multimodal_stack_path_only,patches/stacks/curitiba/patch_curitiba_00416.npy,MULTIMODAL_STACK_NPY,yes,.npy,163968,10x64x64,,,Curitiba__stack_npy__patch_curitiba_00416,local_multimodal_stack,2e70c324dbf186a14b63c372efc6d31a7eeaeedb8f8b7c82a33aab5c0c31c201,patch_curitiba_00416.npy,NPY_MMAP_HEADER_OK:float32,no,HIGH_SCOPE_AND_SOURCE_REVIEW_REQUIRED,SAFE_FOR_REVIEW_ONLY,,
3ba34881513bc02a,CUR_00445,Curitiba,sentinel_raster_path_only,data/sentinel/patch_curitiba_00445.tif,SENTINEL_TIF_ASSET,yes,.tif,155139,"95x94x6;dtype=float64,float64,float64,float64,float64,float64",EPSG:32722,"681720.0,7177780.0,682670.0,7178720.0",Curitiba__sentinel_tif__patch_curitiba_00445,sentinel_local_asset,2733a2b66050da1e6334384ed965d6f355b43316b8f6620791666b2b6391db3f,patch_curitiba_00445.tif,TIF_HEADER_ONLY_OK,no,HIGH_SCOPE_AND_SOURCE_REVIEW_REQUIRED,SAFE_FOR_REVIEW_ONLY,,
88e060a7442e37a3,CUR_00445,Curitiba,multimodal_stack_path_only,patches/stacks/curitiba/patch_curitiba_00445.npy,MULTIMODAL_STACK_NPY,yes,.npy,163968,10x64x64,,,Curitiba__stack_npy__patch_curitiba_00445,local_multimodal_stack,4918e3687caecdfa676048dec508160e6aa27c7b898cc3d707de0f3e1623a762,patch_curitiba_00445.npy,NPY_MMAP_HEADER_OK:float32,no,HIGH_SCOPE_AND_SOURCE_REVIEW_REQUIRED,SAFE_FOR_REVIEW_ONLY,,
ed1dff06f1f7dcca,CUR_00446,Curitiba,sentinel_raster_path_only,data/sentinel/patch_curitiba_00446.tif,SENTINEL_TIF_ASSET,yes,.tif,152264,"95x94x6;dtype=float64,float64,float64,float64,float64,float64",EPSG:32722,"682620.0,7177770.0,683570.0,7178710.0",Curitiba__sentinel_tif__patch_curitiba_00446,sentinel_local_asset,a5e78cd277206809d048f84b05057d6c9b781543dae268c063fa0f4feef220bb,patch_curitiba_00446.tif,TIF_HEADER_ONLY_OK,no,HIGH_SCOPE_AND_SOURCE_REVIEW_REQUIRED,SAFE_FOR_REVIEW_ONLY,,
ef40edbc2e5a0a83,CUR_00446,Curitiba,multimodal_stack_path_only,patches/stacks/curitiba/patch_curitiba_00446.npy,MULTIMODAL_STACK_NPY,yes,.npy,163968,10x64x64,,,Curitiba__stack_npy__patch_curitiba_00446,local_multimodal_stack,e2398a48667be38a3fde7b81558cad36a67c60e97824d59783c2649c1a4d1605,patch_curitiba_00446.npy,NPY_MMAP_HEADER_OK:float32,no,HIGH_SCOPE_AND_SOURCE_REVIEW_REQUIRED,SAFE_FOR_REVIEW_ONLY,,
fe8dc079d3e03c27,CUR_00597,Curitiba,sentinel_raster_path_only,data/sentinel/patch_curitiba_00597.tif,SENTINEL_TIF_ASSET,yes,.tif,152019,"94x94x6;dtype=float64,float64,float64,float64,float64,float64",EPSG:32722,"661010.0,7182540.0,661950.0,7183480.0",Curitiba__sentinel_tif__patch_curitiba_00597,sentinel_local_asset,d4b1044fa0eee8592fd7b4d46cedd260f232873989e147a848ae4a6209316a30,patch_curitiba_00597.tif,TIF_HEADER_ONLY_OK,no,HIGH_SCOPE_AND_SOURCE_REVIEW_REQUIRED,SAFE_FOR_REVIEW_ONLY,,
fa025893e5c1b0b4,CUR_00597,Curitiba,multimodal_stack_path_only,patches/stacks/curitiba/patch_curitiba_00597.npy,MULTIMODAL_STACK_NPY,yes,.npy,163968,10x64x64,,,Curitiba__stack_npy__patch_curitiba_00597,local_multimodal_stack,3070f8095c370758ad4639e4797258de50b8d797960e1482b5461e0c4b492fea,patch_curitiba_00597.npy,NPY_MMAP_HEADER_OK:float32,no,HIGH_SCOPE_AND_SOURCE_REVIEW_REQUIRED,SAFE_FOR_REVIEW_ONLY,,
b77321a8607fee0c,CUR_00661,Curitiba,sentinel_raster_path_only,data/sentinel/patch_curitiba_00661.tif,SENTINEL_TIF_ASSET,yes,.tif,152228,"95x94x6;dtype=float64,float64,float64,float64,float64,float64",EPSG:32722,"687210.0,7183100.0,688160.0,7184040.0",Curitiba__sentinel_tif__patch_curitiba_00661,sentinel_local_asset,6a2e9a42a492ed3d879b8a7d26d3a154db6c11dfa0c34eb6ec98a6d6b7f1b860,patch_curitiba_00661.tif,TIF_HEADER_ONLY_OK,no,HIGH_SCOPE_AND_SOURCE_REVIEW_REQUIRED,SAFE_FOR_REVIEW_ONLY,,
b6c8296def0a9833,CUR_00661,Curitiba,multimodal_stack_path_only,patches/stacks/curitiba/patch_curitiba_00661.npy,MULTIMODAL_STACK_NPY,yes,.npy,163968,10x64x64,,,Curitiba__stack_npy__patch_curitiba_00661,local_multimodal_stack,186162b60158fe74a5f3adeffe4f2fb66c00d74ba4e0f67e9359b02401058610,patch_curitiba_00661.npy,NPY_MMAP_HEADER_OK:float32,no,HIGH_SCOPE_AND_SOURCE_REVIEW_REQUIRED,SAFE_FOR_REVIEW_ONLY,,
ad01c98c845da020,CUR_00662,Curitiba,sentinel_raster_path_only,data/sentinel/patch_curitiba_00662.tif,SENTINEL_TIF_ASSET,yes,.tif,151710,"94x94x6;dtype=float64,float64,float64,float64,float64,float64",EPSG:32722,"688120.0,7183080.0,689060.0,7184020.0",Curitiba__sentinel_tif__patch_curitiba_00662,sentinel_local_asset,21d1d1df4dcfa13e259a4b8f7ff6826b019ceefb5f99b2866e47d098e4d355cf,patch_curitiba_00662.tif,TIF_HEADER_ONLY_OK,no,HIGH_SCOPE_AND_SOURCE_REVIEW_REQUIRED,SAFE_FOR_REVIEW_ONLY,,
b5dff92eacc3c845,CUR_00662,Curitiba,multimodal_stack_path_only,patches/stacks/curitiba/patch_curitiba_00662.npy,MULTIMODAL_STACK_NPY,yes,.npy,163968,10x64x64,,,Curitiba__stack_npy__patch_curitiba_00662,local_multimodal_stack,a35b9355394f7adad4677a5a14ab35bb2f72b6da38ff545f385dd02a11261079,patch_curitiba_00662.npy,NPY_MMAP_HEADER_OK:float32,no,HIGH_SCOPE_AND_SOURCE_REVIEW_REQUIRED,SAFE_FOR_REVIEW_ONLY,,
cc77b235c6517621,CUR_00695,Curitiba,sentinel_raster_path_only,data/sentinel/patch_curitiba_00695.tif,SENTINEL_TIF_ASSET,yes,.tif,150068,"95x94x6;dtype=float64,float64,float64,float64,float64,float64",EPSG:32722,"686320.0,7184010.0,687270.0,7184950.0",Curitiba__sentinel_tif__patch_curitiba_00695,sentinel_local_asset,88675390e41773bc355ce39fdcdd90188d760ff99dbcd0ced3d6e92d041395fb,patch_curitiba_00695.tif,TIF_HEADER_ONLY_OK,no,HIGH_SCOPE_AND_SOURCE_REVIEW_REQUIRED,SAFE_FOR_REVIEW_ONLY,,
77fda2884f60a66e,CUR_00695,Curitiba,multimodal_stack_path_only,patches/stacks/curitiba/patch_curitiba_00695.npy,MULTIMODAL_STACK_NPY,yes,.npy,163968,10x64x64,,,Curitiba__stack_npy__patch_curitiba_00695,local_multimodal_stack,6c55136d588fa042e2627828724ee5d35da363fed7d0f0fbce2d750e9535ff29,patch_curitiba_00695.npy,NPY_MMAP_HEADER_OK:float32,no,HIGH_SCOPE_AND_SOURCE_REVIEW_REQUIRED,SAFE_FOR_REVIEW_ONLY,,
f113e6fe68b406c0,CUR_00728,Curitiba,sentinel_raster_path_only,data/sentinel/patch_curitiba_00728.tif,SENTINEL_TIF_ASSET,yes,.tif,144131,"94x94x6;dtype=float64,float64,float64,float64,float64,float64",EPSG:32722,"684530.0,7184930.0,685470.0,7185870.0",Curitiba__sentinel_tif__patch_curitiba_00728,sentinel_local_asset,9fa78b1eec12fad7bc754d7a68d1f28d51b3e56c2488e1594788b08fe9ad992b,patch_curitiba_00728.tif,TIF_HEADER_ONLY_OK,no,HIGH_SCOPE_AND_SOURCE_REVIEW_REQUIRED,SAFE_FOR_REVIEW_ONLY,,
6fffad6d0e50f737,CUR_00728,Curitiba,multimodal_stack_path_only,patches/stacks/curitiba/patch_curitiba_00728.npy,MULTIMODAL_STACK_NPY,yes,.npy,163968,10x64x64,,,Curitiba__stack_npy__patch_curitiba_00728,local_multimodal_stack,686e198f330177f977daf4e9526ad09ed4f74dc0d9ff3d75d36a1c4559328ca5,patch_curitiba_00728.npy,NPY_MMAP_HEADER_OK:float32,no,HIGH_SCOPE_AND_SOURCE_REVIEW_REQUIRED,SAFE_FOR_REVIEW_ONLY,,
04699a60c3c5ea19,CUR_00740,Curitiba,sentinel_raster_path_only,data/sentinel/patch_curitiba_00740.tif,SENTINEL_TIF_ASSET,yes,.tif,152277,"94x94x6;dtype=float64,float64,float64,float64,float64,float64",EPSG:32722,"663760.0,7186100.0,664700.0,7187040.0",Curitiba__sentinel_tif__patch_curitiba_00740,sentinel_local_asset,0d5fc057b11697a44097366c88514819e6581212be434abd46cd607ca3f0d45f,patch_curitiba_00740.tif,TIF_HEADER_ONLY_OK,no,HIGH_SCOPE_AND_SOURCE_REVIEW_REQUIRED,SAFE_FOR_REVIEW_ONLY,,
e868adc5bd3b9685,CUR_00740,Curitiba,multimodal_stack_path_only,patches/stacks/curitiba/patch_curitiba_00740.npy,MULTIMODAL_STACK_NPY,yes,.npy,163968,10x64x64,,,Curitiba__stack_npy__patch_curitiba_00740,local_multimodal_stack,9bb67bae46cc673e1e3cc9e152fa067f3f692a711b818721e78995c7e3c3c585,patch_curitiba_00740.npy,NPY_MMAP_HEADER_OK:float32,no,HIGH_SCOPE_AND_SOURCE_REVIEW_REQUIRED,SAFE_FOR_REVIEW_ONLY,,
74cebd56446bc3f7,CUR_00887,Curitiba,sentinel_raster_path_only,data/sentinel/patch_curitiba_00887.tif,SENTINEL_TIF_ASSET,yes,.tif,151794,"94x94x6;dtype=float64,float64,float64,float64,float64,float64",EPSG:32722,"670130.0,7189620.0,671070.0,7190560.0",Curitiba__sentinel_tif__patch_curitiba_00887,sentinel_local_asset,bbf35639067782657c1c44409db18fcdf32e571d664a382aad0e1c2b2599e242,patch_curitiba_00887.tif,TIF_HEADER_ONLY_OK,no,HIGH_SCOPE_AND_SOURCE_REVIEW_REQUIRED,SAFE_FOR_REVIEW_ONLY,,
afc05b92bda4040b,CUR_00887,Curitiba,multimodal_stack_path_only,patches/stacks/curitiba/patch_curitiba_00887.npy,MULTIMODAL_STACK_NPY,yes,.npy,163968,10x64x64,,,Curitiba__stack_npy__patch_curitiba_00887,local_multimodal_stack,0696dbe90ccd9003b64d86c8ae5f5a3aee77ddb4303ed11f038847ae2a32dae1,patch_curitiba_00887.npy,NPY_MMAP_HEADER_OK:float32,no,HIGH_SCOPE_AND_SOURCE_REVIEW_REQUIRED,SAFE_FOR_REVIEW_ONLY,,
fb3267d46f56a3b7,CUR_00888,Curitiba,sentinel_raster_path_only,data/sentinel/patch_curitiba_00888.tif,SENTINEL_TIF_ASSET,yes,.tif,156616,"95x95x6;dtype=float64,float64,float64,float64,float64,float64",EPSG:32722,"671030.0,7189600.0,671980.0,7190550.0",Curitiba__sentinel_tif__patch_curitiba_00888,sentinel_local_asset,ea27cd9bf5bccd824640cde93db5062915e59f1d818c1089a4db567c1b127efd,patch_curitiba_00888.tif,TIF_HEADER_ONLY_OK,no,HIGH_SCOPE_AND_SOURCE_REVIEW_REQUIRED,SAFE_FOR_REVIEW_ONLY,,
e0038383f498ef31,CUR_00888,Curitiba,multimodal_stack_path_only,patches/stacks/curitiba/patch_curitiba_00888.npy,MULTIMODAL_STACK_NPY,yes,.npy,163968,10x64x64,,,Curitiba__stack_npy__patch_curitiba_00888,local_multimodal_stack,5a65e299d9f6a4342601e8e822b03462b457a98a5fa7ef01953e3412e546ba91,patch_curitiba_00888.npy,NPY_MMAP_HEADER_OK:float32,no,HIGH_SCOPE_AND_SOURCE_REVIEW_REQUIRED,SAFE_FOR_REVIEW_ONLY,,
d6514d06a2e91620,CUR_00889,Curitiba,sentinel_raster_path_only,data/sentinel/patch_curitiba_00889.tif,SENTINEL_TIF_ASSET,yes,.tif,152061,"94x94x6;dtype=float64,float64,float64,float64,float64,float64",EPSG:32722,"671940.0,7189590.0,672880.0,7190530.0",Curitiba__sentinel_tif__patch_curitiba_00889,sentinel_local_asset,ffcdb6b7ed890b7f394859e1c632757eb89211db2ff2bf94dea410f8e17e9c7b,patch_curitiba_00889.tif,TIF_HEADER_ONLY_OK,no,HIGH_SCOPE_AND_SOURCE_REVIEW_REQUIRED,SAFE_FOR_REVIEW_ONLY,,
5c444ed7bc093037,CUR_00889,Curitiba,multimodal_stack_path_only,patches/stacks/curitiba/patch_curitiba_00889.npy,MULTIMODAL_STACK_NPY,yes,.npy,163968,10x64x64,,,Curitiba__stack_npy__patch_curitiba_00889,local_multimodal_stack,e3708102374acaee231c59372d7063f46ad31916873856e3b2fde053ed7a3a89,patch_curitiba_00889.npy,NPY_MMAP_HEADER_OK:float32,no,HIGH_SCOPE_AND_SOURCE_REVIEW_REQUIRED,SAFE_FOR_REVIEW_ONLY,,
d1929aba4c1b7fca,CUR_00895,Curitiba,sentinel_raster_path_only,data/sentinel/patch_curitiba_00895.tif,SENTINEL_TIF_ASSET,yes,.tif,151965,"95x94x6;dtype=float64,float64,float64,float64,float64,float64",EPSG:32722,"677360.0,7189520.0,678310.0,7190460.0",Curitiba__sentinel_tif__patch_curitiba_00895,sentinel_local_asset,b8148a54bbab7715b215e46d551c804cb55521d04a959425c8d437ddccfe4488,patch_curitiba_00895.tif,TIF_HEADER_ONLY_OK,no,HIGH_SCOPE_AND_SOURCE_REVIEW_REQUIRED,SAFE_FOR_REVIEW_ONLY,,
5e9a948e3926b741,CUR_00895,Curitiba,multimodal_stack_path_only,patches/stacks/curitiba/patch_curitiba_00895.npy,MULTIMODAL_STACK_NPY,yes,.npy,163968,10x64x64,,,Curitiba__stack_npy__patch_curitiba_00895,local_multimodal_stack,555a63c1514b6843b7cec5d77a8da4ed70565f5c32bbf2bf82bf58dfbe809382,patch_curitiba_00895.npy,NPY_MMAP_HEADER_OK:float32,no,HIGH_SCOPE_AND_SOURCE_REVIEW_REQUIRED,SAFE_FOR_REVIEW_ONLY,,
4098e7fc76c48766,CUR_00899,Curitiba,sentinel_raster_path_only,data/sentinel/patch_curitiba_00899.tif,SENTINEL_TIF_ASSET,yes,.tif,154731,"94x94x6;dtype=float64,float64,float64,float64,float64,float64",EPSG:32722,"680980.0,7189470.0,681920.0,7190410.0",Curitiba__sentinel_tif__patch_curitiba_00899,sentinel_local_asset,56b487d11311e62e104f18931b637c6d07d5d75ab4951bc3f2a080e039c79ae0,patch_curitiba_00899.tif,TIF_HEADER_ONLY_OK,no,HIGH_SCOPE_AND_SOURCE_REVIEW_REQUIRED,SAFE_FOR_REVIEW_ONLY,,
ef849edcbd719162,CUR_00899,Curitiba,multimodal_stack_path_only,patches/stacks/curitiba/patch_curitiba_00899.npy,MULTIMODAL_STACK_NPY,yes,.npy,163968,10x64x64,,,Curitiba__stack_npy__patch_curitiba_00899,local_multimodal_stack,e4c8da56e3a998e5aa808082299f5af9d61c5f03bf4b6d997bed02c94063c617,patch_curitiba_00899.npy,NPY_MMAP_HEADER_OK:float32,no,HIGH_SCOPE_AND_SOURCE_REVIEW_REQUIRED,SAFE_FOR_REVIEW_ONLY,,
9ba4c962d7863d69,CUR_00924,Curitiba,sentinel_raster_path_only,data/sentinel/patch_curitiba_00924.tif,SENTINEL_TIF_ASSET,yes,.tif,153675,"94x94x6;dtype=float64,float64,float64,float64,float64,float64",EPSG:32722,"671950.0,7190490.0,672890.0,7191430.0",Curitiba__sentinel_tif__patch_curitiba_00924,sentinel_local_asset,5ac820b1bb002e1bfba09b793e2374a773e2c3bbbd6702244c00359629323908,patch_curitiba_00924.tif,TIF_HEADER_ONLY_OK,no,HIGH_SCOPE_AND_SOURCE_REVIEW_REQUIRED,SAFE_FOR_REVIEW_ONLY,,
d76bde0e49a89b43,CUR_00924,Curitiba,multimodal_stack_path_only,patches/stacks/curitiba/patch_curitiba_00924.npy,MULTIMODAL_STACK_NPY,yes,.npy,163968,10x64x64,,,Curitiba__stack_npy__patch_curitiba_00924,local_multimodal_stack,abc44143f7bbc92bd4a330fa03fcd07acf4c0f1680ed64caf4fd2cfbe3049a85,patch_curitiba_00924.npy,NPY_MMAP_HEADER_OK:float32,no,HIGH_SCOPE_AND_SOURCE_REVIEW_REQUIRED,SAFE_FOR_REVIEW_ONLY,,
75a8816b70da1445,CUR_00930,Curitiba,sentinel_raster_path_only,data/sentinel/patch_curitiba_00930.tif,SENTINEL_TIF_ASSET,yes,.tif,158359,"95x94x6;dtype=float64,float64,float64,float64,float64,float64",EPSG:32722,"677370.0,7190420.0,678320.0,7191360.0",Curitiba__sentinel_tif__patch_curitiba_00930,sentinel_local_asset,d06b718fc3b87e5d73ed61248b1b7768d7ba8c42bfce9bc88004b3befe912b9b,patch_curitiba_00930.tif,TIF_HEADER_ONLY_OK,no,HIGH_SCOPE_AND_SOURCE_REVIEW_REQUIRED,SAFE_FOR_REVIEW_ONLY,,
3c0c15dbc0484b4f,CUR_00930,Curitiba,multimodal_stack_path_only,patches/stacks/curitiba/patch_curitiba_00930.npy,MULTIMODAL_STACK_NPY,yes,.npy,163968,10x64x64,,,Curitiba__stack_npy__patch_curitiba_00930,local_multimodal_stack,81d33e86c452ca14457722292b9a753fd6f7df80df3b1d94da910095130e8af7,patch_curitiba_00930.npy,NPY_MMAP_HEADER_OK:float32,no,HIGH_SCOPE_AND_SOURCE_REVIEW_REQUIRED,SAFE_FOR_REVIEW_ONLY,,
5f50d84e63437d66,CUR_00934,Curitiba,sentinel_raster_path_only,data/sentinel/patch_curitiba_00934.tif,SENTINEL_TIF_ASSET,yes,.tif,152159,"94x94x6;dtype=float64,float64,float64,float64,float64,float64",EPSG:32722,"680990.0,7190370.0,681930.0,7191310.0",Curitiba__sentinel_tif__patch_curitiba_00934,sentinel_local_asset,0f97823a5a95a2def089bcc6d02b8fefb499eeb62fc17770d0cfb680c6bf12d5,patch_curitiba_00934.tif,TIF_HEADER_ONLY_OK,no,HIGH_SCOPE_AND_SOURCE_REVIEW_REQUIRED,SAFE_FOR_REVIEW_ONLY,,
0357589a6fd5f59d,CUR_00934,Curitiba,multimodal_stack_path_only,patches/stacks/curitiba/patch_curitiba_00934.npy,MULTIMODAL_STACK_NPY,yes,.npy,163968,10x64x64,,,Curitiba__stack_npy__patch_curitiba_00934,local_multimodal_stack,ff64799dfca9e4e8dcb6d77587c1b24f4654e5296dd57707f7399939cad43727,patch_curitiba_00934.npy,NPY_MMAP_HEADER_OK:float32,no,HIGH_SCOPE_AND_SOURCE_REVIEW_REQUIRED,SAFE_FOR_REVIEW_ONLY,,
6abc615bcecac30e,CUR_00936,Curitiba,sentinel_raster_path_only,data/sentinel/patch_curitiba_00936.tif,SENTINEL_TIF_ASSET,yes,.tif,154008,"94x94x6;dtype=float64,float64,float64,float64,float64,float64",EPSG:32722,"682800.0,7190350.0,683740.0,7191290.0",Curitiba__sentinel_tif__patch_curitiba_00936,sentinel_local_asset,4df4de36e23ce41cae8269b9c7e6f9fdeb94b396250b8e82c94962cf4f0b9714,patch_curitiba_00936.tif,TIF_HEADER_ONLY_OK,no,HIGH_SCOPE_AND_SOURCE_REVIEW_REQUIRED,SAFE_FOR_REVIEW_ONLY,,
9db6a6d6ca5e52b4,CUR_00936,Curitiba,multimodal_stack_path_only,patches/stacks/curitiba/patch_curitiba_00936.npy,MULTIMODAL_STACK_NPY,yes,.npy,163968,10x64x64,,,Curitiba__stack_npy__patch_curitiba_00936,local_multimodal_stack,6fef611c3559f802d511d22a14f2a66c726fe50bced7e1447e8598b423128f18,patch_curitiba_00936.npy,NPY_MMAP_HEADER_OK:float32,no,HIGH_SCOPE_AND_SOURCE_REVIEW_REQUIRED,SAFE_FOR_REVIEW_ONLY,,
09c4d1b2076c1959,CUR_00960,Curitiba,sentinel_raster_path_only,data/sentinel/patch_curitiba_00960.tif,SENTINEL_TIF_ASSET,yes,.tif,154843,"95x94x6;dtype=float64,float64,float64,float64,float64,float64",EPSG:32722,"672860.0,7191380.0,673810.0,7192320.0",Curitiba__sentinel_tif__patch_curitiba_00960,sentinel_local_asset,0241ef9b881d6f45ea8a30817ea24ac2e85f91f6d859d459aececa6c98f61768,patch_curitiba_00960.tif,TIF_HEADER_ONLY_OK,no,HIGH_SCOPE_AND_SOURCE_REVIEW_REQUIRED,SAFE_FOR_REVIEW_ONLY,,
9c94ab8b6ad7b2a9,CUR_00960,Curitiba,multimodal_stack_path_only,patches/stacks/curitiba/patch_curitiba_00960.npy,MULTIMODAL_STACK_NPY,yes,.npy,163968,10x64x64,,,Curitiba__stack_npy__patch_curitiba_00960,local_multimodal_stack,d445d728e0f91e7890752a9039cd42bbe38d8e21f6fafced2d46b4140c9d593d,patch_curitiba_00960.npy,NPY_MMAP_HEADER_OK:float32,no,HIGH_SCOPE_AND_SOURCE_REVIEW_REQUIRED,SAFE_FOR_REVIEW_ONLY,,
d31ee952037b771c,CUR_00969,Curitiba,sentinel_raster_path_only,data/sentinel/patch_curitiba_00969.tif,SENTINEL_TIF_ASSET,yes,.tif,156085,"95x94x6;dtype=float64,float64,float64,float64,float64,float64",EPSG:32722,"681000.0,7191270.0,681950.0,7192210.0",Curitiba__sentinel_tif__patch_curitiba_00969,sentinel_local_asset,1ed5e37e303de6d6af689bf13e100fed89d3158265bc8bac0c1093432843a43d,patch_curitiba_00969.tif,TIF_HEADER_ONLY_OK,no,HIGH_SCOPE_AND_SOURCE_REVIEW_REQUIRED,SAFE_FOR_REVIEW_ONLY,,
66f090fbed756012,CUR_00969,Curitiba,multimodal_stack_path_only,patches/stacks/curitiba/patch_curitiba_00969.npy,MULTIMODAL_STACK_NPY,yes,.npy,163968,10x64x64,,,Curitiba__stack_npy__patch_curitiba_00969,local_multimodal_stack,e8b5bf5275b540ad4d8e0b912ef1db9b59c7d80958f921ae27c50a4e9d73dc40,patch_curitiba_00969.npy,NPY_MMAP_HEADER_OK:float32,no,HIGH_SCOPE_AND_SOURCE_REVIEW_REQUIRED,SAFE_FOR_REVIEW_ONLY,,
309e7b4655f3ca3e,CUR_00977,Curitiba,sentinel_raster_path_only,data/sentinel/patch_curitiba_00977.tif,SENTINEL_TIF_ASSET,yes,.tif,154873,"95x94x6;dtype=float64,float64,float64,float64,float64,float64",EPSG:32722,"688230.0,7191170.0,689180.0,7192110.0",Curitiba__sentinel_tif__patch_curitiba_00977,sentinel_local_asset,98750f4d2dc1ef8dd04504ff9fd43ba30a349f5407ca815aa89d6255bcc7202c,patch_curitiba_00977.tif,TIF_HEADER_ONLY_OK,no,HIGH_SCOPE_AND_SOURCE_REVIEW_REQUIRED,SAFE_FOR_REVIEW_ONLY,,
cc7399568b5c2c28,CUR_00977,Curitiba,multimodal_stack_path_only,patches/stacks/curitiba/patch_curitiba_00977.npy,MULTIMODAL_STACK_NPY,yes,.npy,163968,10x64x64,,,Curitiba__stack_npy__patch_curitiba_00977,local_multimodal_stack,5adc25f1ab22683bc34802df7e1ba6e6c5ce2597ae83204f2fc98d6937c54f3e,patch_curitiba_00977.npy,NPY_MMAP_HEADER_OK:float32,no,HIGH_SCOPE_AND_SOURCE_REVIEW_REQUIRED,SAFE_FOR_REVIEW_ONLY,,
cd154fb67a6825ed,CUR_00992,Curitiba,sentinel_raster_path_only,data/sentinel/patch_curitiba_00992.tif,SENTINEL_TIF_ASSET,yes,.tif,155014,"95x94x6;dtype=float64,float64,float64,float64,float64,float64",EPSG:32722,"670160.0,7192310.0,671110.0,7193250.0",Curitiba__sentinel_tif__patch_curitiba_00992,sentinel_local_asset,69ea6f033bcc0e8f171681b89eb01799e8649e598231118d711e75ab6009353a,patch_curitiba_00992.tif,TIF_HEADER_ONLY_OK,no,HIGH_SCOPE_AND_SOURCE_REVIEW_REQUIRED,SAFE_FOR_REVIEW_ONLY,,
c54be0a765047228,CUR_00992,Curitiba,multimodal_stack_path_only,patches/stacks/curitiba/patch_curitiba_00992.npy,MULTIMODAL_STACK_NPY,yes,.npy,163968,10x64x64,,,Curitiba__stack_npy__patch_curitiba_00992,local_multimodal_stack,846d0282750d171493c33935d03d22495dc04a8593b8b6190cf3eef116984b75,patch_curitiba_00992.npy,NPY_MMAP_HEADER_OK:float32,no,HIGH_SCOPE_AND_SOURCE_REVIEW_REQUIRED,SAFE_FOR_REVIEW_ONLY,,
356c75935611425c,CUR_00995,Curitiba,sentinel_raster_path_only,data/sentinel/patch_curitiba_00995.tif,SENTINEL_TIF_ASSET,yes,.tif,153901,"94x94x6;dtype=float64,float64,float64,float64,float64,float64",EPSG:32722,"672880.0,7192280.0,673820.0,7193220.0",Curitiba__sentinel_tif__patch_curitiba_00995,sentinel_local_asset,e4fdb1b31519551f76a52eeebf421b9bb8ff4712138fcb0b4ad4444f4f19f383,patch_curitiba_00995.tif,TIF_HEADER_ONLY_OK,no,HIGH_SCOPE_AND_SOURCE_REVIEW_REQUIRED,SAFE_FOR_REVIEW_ONLY,,
02bb1430064c9070,CUR_00995,Curitiba,multimodal_stack_path_only,patches/stacks/curitiba/patch_curitiba_00995.npy,MULTIMODAL_STACK_NPY,yes,.npy,163968,10x64x64,,,Curitiba__stack_npy__patch_curitiba_00995,local_multimodal_stack,4c6de1ad0ed06bb6d4449a1834d7ec33723886693c7d79a07c4c654f5bef92a6,patch_curitiba_00995.npy,NPY_MMAP_HEADER_OK:float32,no,HIGH_SCOPE_AND_SOURCE_REVIEW_REQUIRED,SAFE_FOR_REVIEW_ONLY,,
ee9bd026175fc384,CUR_01012,Curitiba,sentinel_raster_path_only,data/sentinel/patch_curitiba_01012.tif,SENTINEL_TIF_ASSET,yes,.tif,154037,"95x94x6;dtype=float64,float64,float64,float64,float64,float64",EPSG:32722,"688240.0,7192070.0,689190.0,7193010.0",Curitiba__sentinel_tif__patch_curitiba_01012,sentinel_local_asset,6ef9933e211eb91a4e480a2dd3acd930d95d5f4ff8dd547064125e00e2241d64,patch_curitiba_01012.tif,TIF_HEADER_ONLY_OK,no,HIGH_SCOPE_AND_SOURCE_REVIEW_REQUIRED,SAFE_FOR_REVIEW_ONLY,,
f071065e57fc84b2,CUR_01012,Curitiba,multimodal_stack_path_only,patches/stacks/curitiba/patch_curitiba_01012.npy,MULTIMODAL_STACK_NPY,yes,.npy,163968,10x64x64,,,Curitiba__stack_npy__patch_curitiba_01012,local_multimodal_stack,0f4adb41589d556aa0301e8eaf464a5d7291434a983578135448a0f63594f677,patch_curitiba_01012.npy,NPY_MMAP_HEADER_OK:float32,no,HIGH_SCOPE_AND_SOURCE_REVIEW_REQUIRED,SAFE_FOR_REVIEW_ONLY,,
5779125b6a8d65f7,CUR_01015,Curitiba,sentinel_raster_path_only,data/sentinel/patch_curitiba_01015.tif,SENTINEL_TIF_ASSET,yes,.tif,153173,"94x94x6;dtype=float64,float64,float64,float64,float64,float64",EPSG:32722,"690960.0,7192030.0,691900.0,7192970.0",Curitiba__sentinel_tif__patch_curitiba_01015,sentinel_local_asset,9158b9d45625179173fe625bb4302914d3eabadeeb49c9ba2fdd5a6b67d8b05a,patch_curitiba_01015.tif,TIF_HEADER_ONLY_OK,no,HIGH_SCOPE_AND_SOURCE_REVIEW_REQUIRED,SAFE_FOR_REVIEW_ONLY,,
500a38437e2fee3c,CUR_01015,Curitiba,multimodal_stack_path_only,patches/stacks/curitiba/patch_curitiba_01015.npy,MULTIMODAL_STACK_NPY,yes,.npy,163968,10x64x64,,,Curitiba__stack_npy__patch_curitiba_01015,local_multimodal_stack,b621f29ab22eeb17b7290bd787c4a8926e38731c96fc1044eaffc74ebffa8158,patch_curitiba_01015.npy,NPY_MMAP_HEADER_OK:float32,no,HIGH_SCOPE_AND_SOURCE_REVIEW_REQUIRED,SAFE_FOR_REVIEW_ONLY,,
00f9e03d195e8104,CUR_01030,Curitiba,sentinel_raster_path_only,data/sentinel/patch_curitiba_01030.tif,SENTINEL_TIF_ASSET,yes,.tif,153594,"94x94x6;dtype=float64,float64,float64,float64,float64,float64",EPSG:32722,"672890.0,7193180.0,673830.0,7194120.0",Curitiba__sentinel_tif__patch_curitiba_01030,sentinel_local_asset,c7cebdb5fcc1286f11c7508ac705dac7177ee5711f68c532581d5cdb1d72191e,patch_curitiba_01030.tif,TIF_HEADER_ONLY_OK,no,HIGH_SCOPE_AND_SOURCE_REVIEW_REQUIRED,SAFE_FOR_REVIEW_ONLY,,
4ae095e09cac00fc,CUR_01030,Curitiba,multimodal_stack_path_only,patches/stacks/curitiba/patch_curitiba_01030.npy,MULTIMODAL_STACK_NPY,yes,.npy,163968,10x64x64,,,Curitiba__stack_npy__patch_curitiba_01030,local_multimodal_stack,69ab373f2c94f5de15b432095bd677fc39a25bb4cd8d150fa76f22bc0a862c70,patch_curitiba_01030.npy,NPY_MMAP_HEADER_OK:float32,no,HIGH_SCOPE_AND_SOURCE_REVIEW_REQUIRED,SAFE_FOR_REVIEW_ONLY,,
839167711b4e872b,CUR_01040,Curitiba,sentinel_raster_path_only,data/sentinel/patch_curitiba_01040.tif,SENTINEL_TIF_ASSET,yes,.tif,151862,"94x94x6;dtype=float64,float64,float64,float64,float64,float64",EPSG:32722,"681930.0,7193060.0,682870.0,7194000.0",Curitiba__sentinel_tif__patch_curitiba_01040,sentinel_local_asset,995358afb8bd44e83ac53459f0590fa01942e9aa581c026ec6672bed6bfbe59a,patch_curitiba_01040.tif,TIF_HEADER_ONLY_OK,no,HIGH_SCOPE_AND_SOURCE_REVIEW_REQUIRED,SAFE_FOR_REVIEW_ONLY,,
fc19270bccc6160e,CUR_01040,Curitiba,multimodal_stack_path_only,patches/stacks/curitiba/patch_curitiba_01040.npy,MULTIMODAL_STACK_NPY,yes,.npy,163968,10x64x64,,,Curitiba__stack_npy__patch_curitiba_01040,local_multimodal_stack,2860156d174826f5a155b1db2c88fafa5e20615e8080159e84908f9e65bce06a,patch_curitiba_01040.npy,NPY_MMAP_HEADER_OK:float32,no,HIGH_SCOPE_AND_SOURCE_REVIEW_REQUIRED,SAFE_FOR_REVIEW_ONLY,,
3209e4e9c5397f1c,CUR_01050,Curitiba,sentinel_raster_path_only,data/sentinel/patch_curitiba_01050.tif,SENTINEL_TIF_ASSET,yes,.tif,149561,"95x94x6;dtype=float64,float64,float64,float64,float64,float64",EPSG:32722,"690970.0,7192930.0,691920.0,7193870.0",Curitiba__sentinel_tif__patch_curitiba_01050,sentinel_local_asset,2cf0c2e1e566ea269a5b299c7a32de67fced4ebea4818e9d35e1fffc8401a2a7,patch_curitiba_01050.tif,TIF_HEADER_ONLY_OK,no,HIGH_SCOPE_AND_SOURCE_REVIEW_REQUIRED,SAFE_FOR_REVIEW_ONLY,,
727d7768386871c1,CUR_01050,Curitiba,multimodal_stack_path_only,patches/stacks/curitiba/patch_curitiba_01050.npy,MULTIMODAL_STACK_NPY,yes,.npy,163968,10x64x64,,,Curitiba__stack_npy__patch_curitiba_01050,local_multimodal_stack,5b37544d5e7954aff7ccd70c04b3cf3324ed3b936e3305bcf39b31f63ddab8cc,patch_curitiba_01050.npy,NPY_MMAP_HEADER_OK:float32,no,HIGH_SCOPE_AND_SOURCE_REVIEW_REQUIRED,SAFE_FOR_REVIEW_ONLY,,
0edffece4cccc865,CUR_01059,Curitiba,sentinel_raster_path_only,data/sentinel/patch_curitiba_01059.tif,SENTINEL_TIF_ASSET,yes,.tif,150992,"95x94x6;dtype=float64,float64,float64,float64,float64,float64",EPSG:32722,"667470.0,7194150.0,668420.0,7195090.0",Curitiba__sentinel_tif__patch_curitiba_01059,sentinel_local_asset,f335ee6e5f87565949d22f4c977b75727e61bef62d6d0989643c45554edff47b,patch_curitiba_01059.tif,TIF_HEADER_ONLY_OK,no,HIGH_SCOPE_AND_SOURCE_REVIEW_REQUIRED,SAFE_FOR_REVIEW_ONLY,,
b1f7f9ab81aaa12c,CUR_01059,Curitiba,multimodal_stack_path_only,patches/stacks/curitiba/patch_curitiba_01059.npy,MULTIMODAL_STACK_NPY,yes,.npy,163968,10x64x64,,,Curitiba__stack_npy__patch_curitiba_01059,local_multimodal_stack,aefbe7803093c06f0fa5377cef2c9288e099aa7c9c775935f886d51d7619d1f1,patch_curitiba_01059.npy,NPY_MMAP_HEADER_OK:float32,no,HIGH_SCOPE_AND_SOURCE_REVIEW_REQUIRED,SAFE_FOR_REVIEW_ONLY,,
3920489d27973c77,CUR_01065,Curitiba,sentinel_raster_path_only,data/sentinel/patch_curitiba_01065.tif,SENTINEL_TIF_ASSET,yes,.tif,153523,"94x94x6;dtype=float64,float64,float64,float64,float64,float64",EPSG:32722,"672900.0,7194080.0,673840.0,7195020.0",Curitiba__sentinel_tif__patch_curitiba_01065,sentinel_local_asset,7c4b667eddeb1fb1ff38c33a3980cb8af78d80f6527c539db7e68bc18a49f072,patch_curitiba_01065.tif,TIF_HEADER_ONLY_OK,no,HIGH_SCOPE_AND_SOURCE_REVIEW_REQUIRED,SAFE_FOR_REVIEW_ONLY,,
46bfe50f22da886d,CUR_01065,Curitiba,multimodal_stack_path_only,patches/stacks/curitiba/patch_curitiba_01065.npy,MULTIMODAL_STACK_NPY,yes,.npy,163968,10x64x64,,,Curitiba__stack_npy__patch_curitiba_01065,local_multimodal_stack,42da5183d965e052d2d6e992701a8de6e7be3d3237d75d259ad21abd4aab419b,patch_curitiba_01065.npy,NPY_MMAP_HEADER_OK:float32,no,HIGH_SCOPE_AND_SOURCE_REVIEW_REQUIRED,SAFE_FOR_REVIEW_ONLY,,
ccf3d26904581bfb,CUR_01075,Curitiba,sentinel_raster_path_only,data/sentinel/patch_curitiba_01075.tif,SENTINEL_TIF_ASSET,yes,.tif,151841,"95x94x6;dtype=float64,float64,float64,float64,float64,float64",EPSG:32722,"681940.0,7193960.0,682890.0,7194900.0",Curitiba__sentinel_tif__patch_curitiba_01075,sentinel_local_asset,bddf2dae85f797de632171e7b925bcc659441082853f7ce17591e62b901e2b0c,patch_curitiba_01075.tif,TIF_HEADER_ONLY_OK,no,HIGH_SCOPE_AND_SOURCE_REVIEW_REQUIRED,SAFE_FOR_REVIEW_ONLY,,
5355c046bb3e963b,CUR_01075,Curitiba,multimodal_stack_path_only,patches/stacks/curitiba/patch_curitiba_01075.npy,MULTIMODAL_STACK_NPY,yes,.npy,163968,10x64x64,,,Curitiba__stack_npy__patch_curitiba_01075,local_multimodal_stack,cb330f3cb861224f8047c603d149f4c95e028ae404253d2ced3f06dfcec8279f,patch_curitiba_01075.npy,NPY_MMAP_HEADER_OK:float32,no,HIGH_SCOPE_AND_SOURCE_REVIEW_REQUIRED,SAFE_FOR_REVIEW_ONLY,,
c2c0aa29a7982673,CUR_01101,Curitiba,sentinel_raster_path_only,data/sentinel/patch_curitiba_01101.tif,SENTINEL_TIF_ASSET,yes,.tif,154437,"95x94x6;dtype=float64,float64,float64,float64,float64,float64",EPSG:32722,"673810.0,7194960.0,674760.0,7195900.0",Curitiba__sentinel_tif__patch_curitiba_01101,sentinel_local_asset,e1c22d1ed237e5d5085833b6682670486eadcfa1200372708370291bb7d5b72c,patch_curitiba_01101.tif,TIF_HEADER_ONLY_OK,no,HIGH_SCOPE_AND_SOURCE_REVIEW_REQUIRED,SAFE_FOR_REVIEW_ONLY,,
33a1db108f98cffb,CUR_01101,Curitiba,multimodal_stack_path_only,patches/stacks/curitiba/patch_curitiba_01101.npy,MULTIMODAL_STACK_NPY,yes,.npy,163968,10x64x64,,,Curitiba__stack_npy__patch_curitiba_01101,local_multimodal_stack,49ace2dbf8125d39555202d482effe3abe63ef1f8fe7fc0e2497996320429adc,patch_curitiba_01101.npy,NPY_MMAP_HEADER_OK:float32,no,HIGH_SCOPE_AND_SOURCE_REVIEW_REQUIRED,SAFE_FOR_REVIEW_ONLY,,
39f1df386114a8f8,CUR_01145,Curitiba,sentinel_raster_path_only,data/sentinel/patch_curitiba_01145.tif,SENTINEL_TIF_ASSET,yes,.tif,154591,"95x94x6;dtype=float64,float64,float64,float64,float64,float64",EPSG:32722,"681960.0,7195760.0,682910.0,7196700.0",Curitiba__sentinel_tif__patch_curitiba_01145,sentinel_local_asset,b3c1715e5d1a245b614350560408ca2154e79174d42397b310f1ea33b89022d1,patch_curitiba_01145.tif,TIF_HEADER_ONLY_OK,no,HIGH_SCOPE_AND_SOURCE_REVIEW_REQUIRED,SAFE_FOR_REVIEW_ONLY,,
b7ebeeb26f9fa071,CUR_01145,Curitiba,multimodal_stack_path_only,patches/stacks/curitiba/patch_curitiba_01145.npy,MULTIMODAL_STACK_NPY,yes,.npy,163968,10x64x64,,,Curitiba__stack_npy__patch_curitiba_01145,local_multimodal_stack,72b9ed703dd7408bad7390a9f5354722026b86bcb340374e118c1b009b8e8980,patch_curitiba_01145.npy,NPY_MMAP_HEADER_OK:float32,no,HIGH_SCOPE_AND_SOURCE_REVIEW_REQUIRED,SAFE_FOR_REVIEW_ONLY,,
11032e4a427cf611,CUR_01324,Curitiba,sentinel_raster_path_only,data/sentinel/patch_curitiba_01324.tif,SENTINEL_TIF_ASSET,yes,.tif,148426,"95x94x6;dtype=float64,float64,float64,float64,float64,float64",EPSG:32722,"685640.0,7200200.0,686590.0,7201140.0",Curitiba__sentinel_tif__patch_curitiba_01324,sentinel_local_asset,7af099367aade253c75e109a2c195fce87c46c6beb969a692bfedf78aea16326,patch_curitiba_01324.tif,TIF_HEADER_ONLY_OK,no,HIGH_SCOPE_AND_SOURCE_REVIEW_REQUIRED,SAFE_FOR_REVIEW_ONLY,,
239402a73620c2cb,CUR_01324,Curitiba,multimodal_stack_path_only,patches/stacks/curitiba/patch_curitiba_01324.npy,MULTIMODAL_STACK_NPY,yes,.npy,163968,10x64x64,,,Curitiba__stack_npy__patch_curitiba_01324,local_multimodal_stack,fcb269993107a85075e2f9b733c3d5e7377e483c615153d575838c77d8552937,patch_curitiba_01324.npy,NPY_MMAP_HEADER_OK:float32,no,HIGH_SCOPE_AND_SOURCE_REVIEW_REQUIRED,SAFE_FOR_REVIEW_ONLY,,
19a5de5df7bd0cf8,PET_00016,Petrópolis,sentinel_raster_path_only,data/sentinel/patch_petropolis_00016.tif,SENTINEL_TIF_ASSET,yes,.tif,163977,"97x96x6;dtype=float64,float64,float64,float64,float64,float64",EPSG:32723,"687780.0,7499320.0,688750.0,7500280.0",Petrópolis__sentinel_tif__patch_petropolis_00016,sentinel_local_asset,8155726f29d18ad23d63c3bff228777f82c31b2faed4a0a17ef604e7cc29f720,patch_petropolis_00016.tif,TIF_HEADER_ONLY_OK,no,HIGH_SCOPE_AND_SOURCE_REVIEW_REQUIRED,SAFE_FOR_REVIEW_ONLY,,
77c452cdbaef403b,PET_00016,Petrópolis,multimodal_stack_path_only,patches/stacks/petropolis/patch_petropolis_00016.npy,MULTIMODAL_STACK_NPY,yes,.npy,163968,10x64x64,,,Petrópolis__stack_npy__patch_petropolis_00016,local_multimodal_stack,10cd71ac979458218cf7edd47d15b2202c1365488720835861b2be022c88cd4f,patch_petropolis_00016.npy,NPY_MMAP_HEADER_OK:float32,no,HIGH_SCOPE_AND_SOURCE_REVIEW_REQUIRED,SAFE_FOR_REVIEW_ONLY,,
6641fb7c86ae0cbc,PET_00104,Petrópolis,sentinel_raster_path_only,data/sentinel/patch_petropolis_00104.tif,SENTINEL_TIF_ASSET,yes,.tif,162547,"97x97x6;dtype=float64,float64,float64,float64,float64,float64",EPSG:32723,"704430.0,7500940.0,705400.0,7501910.0",Petrópolis__sentinel_tif__patch_petropolis_00104,sentinel_local_asset,4e9affa6bcbe92c975d8b03f67495ef1d7846900704b3e580e7467d88bfe5f1c,patch_petropolis_00104.tif,TIF_HEADER_ONLY_OK,no,HIGH_SCOPE_AND_SOURCE_REVIEW_REQUIRED,SAFE_FOR_REVIEW_ONLY,,
ce90e51223b4a835,PET_00104,Petrópolis,multimodal_stack_path_only,patches/stacks/petropolis/patch_petropolis_00104.npy,MULTIMODAL_STACK_NPY,yes,.npy,163968,10x64x64,,,Petrópolis__stack_npy__patch_petropolis_00104,local_multimodal_stack,ea97cdb4098b68914b94e9650ff9563e1b213dd1c8cab10e3a36279239389159,patch_petropolis_00104.npy,NPY_MMAP_HEADER_OK:float32,no,HIGH_SCOPE_AND_SOURCE_REVIEW_REQUIRED,SAFE_FOR_REVIEW_ONLY,,
b041e9a668bd0924,PET_00119,Petrópolis,sentinel_raster_path_only,data/sentinel/patch_petropolis_00119.tif,SENTINEL_TIF_ASSET,yes,.tif,154349,"96x96x6;dtype=float64,float64,float64,float64,float64,float64",EPSG:32723,"685970.0,7502100.0,686930.0,7503060.0",Petrópolis__sentinel_tif__patch_petropolis_00119,sentinel_local_asset,d4d870615c28d18e7b1b208bbcee5c11e058b0b81cab0b8b2a2abceda7be4c85,patch_petropolis_00119.tif,TIF_HEADER_ONLY_OK,no,HIGH_SCOPE_AND_SOURCE_REVIEW_REQUIRED,SAFE_FOR_REVIEW_ONLY,,
0e48288ff44594e1,PET_00140,Petrópolis,sentinel_raster_path_only,data/sentinel/patch_petropolis_00140.tif,SENTINEL_TIF_ASSET,yes,.tif,160351,"96x96x6;dtype=float64,float64,float64,float64,float64,float64",EPSG:32723,"705370.0,7501850.0,706330.0,7502810.0",Petrópolis__sentinel_tif__patch_petropolis_00140,sentinel_local_asset,f78edec78d9e4461656b27f4ee29812440e66f77c820812563824cf030ac1baf,patch_petropolis_00140.tif,TIF_HEADER_ONLY_OK,no,HIGH_SCOPE_AND_SOURCE_REVIEW_REQUIRED,SAFE_FOR_REVIEW_ONLY,,
bca9b9d7ed441b9f,PET_00140,Petrópolis,multimodal_stack_path_only,patches/stacks/petropolis/patch_petropolis_00140.npy,MULTIMODAL_STACK_NPY,yes,.npy,163968,10x64x64,,,Petrópolis__stack_npy__patch_petropolis_00140,local_multimodal_stack,b15569f9dc427c41c58569fb58c048858f02ae7179aae94a28862e1d5f940381,patch_petropolis_00140.npy,NPY_MMAP_HEADER_OK:float32,no,HIGH_SCOPE_AND_SOURCE_REVIEW_REQUIRED,SAFE_FOR_REVIEW_ONLY,,
97982ae9e9aa55b2,PET_00240,Petrópolis,sentinel_raster_path_only,data/sentinel/patch_petropolis_00240.tif,SENTINEL_TIF_ASSET,yes,.tif,160369,"97x96x6;dtype=float64,float64,float64,float64,float64,float64",EPSG:32723,"700780.0,7504670.0,701750.0,7505630.0",Petrópolis__sentinel_tif__patch_petropolis_00240,sentinel_local_asset,5772ba6d8b6532447702e35bf7ee6fad337726af4aac52740bb8ce5cd16be46b,patch_petropolis_00240.tif,TIF_HEADER_ONLY_OK,no,HIGH_SCOPE_AND_SOURCE_REVIEW_REQUIRED,SAFE_FOR_REVIEW_ONLY,,
80f17dcf7c144c24,PET_00257,Petrópolis,sentinel_raster_path_only,data/sentinel/patch_petropolis_00257.tif,SENTINEL_TIF_ASSET,yes,.tif,160228,"97x96x6;dtype=float64,float64,float64,float64,float64,float64",EPSG:32723,"684160.0,7505800.0,685130.0,7506760.0",Petrópolis__sentinel_tif__patch_petropolis_00257,sentinel_local_asset,7cc58c2330e7f20e06c594620d15808846be2d481c6b9b5d48856691958698c6,patch_petropolis_00257.tif,TIF_HEADER_ONLY_OK,no,HIGH_SCOPE_AND_SOURCE_REVIEW_REQUIRED,SAFE_FOR_REVIEW_ONLY,,
f1a6a2c79c3f2c38,PET_00257,Petrópolis,multimodal_stack_path_only,patches/stacks/petropolis/patch_petropolis_00257.npy,MULTIMODAL_STACK_NPY,yes,.npy,163968,10x64x64,,,Petrópolis__stack_npy__patch_petropolis_00257,local_multimodal_stack,d9829dfa816b6bef421a065be5ee9f18e8da763efbb0abcff2be3d7f6fbe7c04,patch_petropolis_00257.npy,NPY_MMAP_HEADER_OK:float32,no,HIGH_SCOPE_AND_SOURCE_REVIEW_REQUIRED,SAFE_FOR_REVIEW_ONLY,,
baad6378db108ac5,PET_00275,Petrópolis,sentinel_raster_path_only,data/sentinel/patch_petropolis_00275.tif,SENTINEL_TIF_ASSET,yes,.tif,155758,"96x96x6;dtype=float64,float64,float64,float64,float64,float64",EPSG:32723,"700800.0,7505590.0,701760.0,7506550.0",Petrópolis__sentinel_tif__patch_petropolis_00275,sentinel_local_asset,a8662721ac0030f5c9ba25af3705532b89d5e1f8d98d8fa793958f5114163a6d,patch_petropolis_00275.tif,TIF_HEADER_ONLY_OK,no,HIGH_SCOPE_AND_SOURCE_REVIEW_REQUIRED,SAFE_FOR_REVIEW_ONLY,,
d7a11b32933e3837,PET_00291,Petrópolis,sentinel_raster_path_only,data/sentinel/patch_petropolis_00291.tif,SENTINEL_TIF_ASSET,yes,.tif,157449,"97x96x6;dtype=float64,float64,float64,float64,float64,float64",EPSG:32723,"683250.0,7506730.0,684220.0,7507690.0",Petrópolis__sentinel_tif__patch_petropolis_00291,sentinel_local_asset,63764c3b93a84721a289a32c4fea900ca62640731c5c1a42c01dbf7a8a055092,patch_petropolis_00291.tif,TIF_HEADER_ONLY_OK,no,HIGH_SCOPE_AND_SOURCE_REVIEW_REQUIRED,SAFE_FOR_REVIEW_ONLY,,
21f7d7a428e56975,PET_00291,Petrópolis,multimodal_stack_path_only,patches/stacks/petropolis/patch_petropolis_00291.npy,MULTIMODAL_STACK_NPY,yes,.npy,163968,10x64x64,,,Petrópolis__stack_npy__patch_petropolis_00291,local_multimodal_stack,4894cdcea49651ca529f1efb1a735cb8eb3394ab587bf9c75cdd7e85d882a659,patch_petropolis_00291.npy,NPY_MMAP_HEADER_OK:float32,no,HIGH_SCOPE_AND_SOURCE_REVIEW_REQUIRED,SAFE_FOR_REVIEW_ONLY,,
361ec9d9f687e27b,PET_00315,Petrópolis,sentinel_raster_path_only,data/sentinel/patch_petropolis_00315.tif,SENTINEL_TIF_ASSET,yes,.tif,160014,"97x97x6;dtype=float64,float64,float64,float64,float64,float64",EPSG:32723,"705430.0,7506440.0,706400.0,7507410.0",Petrópolis__sentinel_tif__patch_petropolis_00315,sentinel_local_asset,3819be66d6b228993e5c9dfec5148e4e4ade4236c9b22b7ab9859e666d7361c3,patch_petropolis_00315.tif,TIF_HEADER_ONLY_OK,no,HIGH_SCOPE_AND_SOURCE_REVIEW_REQUIRED,SAFE_FOR_REVIEW_ONLY,,
33f29ae6cc1c10c0,PET_00360,Petrópolis,sentinel_raster_path_only,data/sentinel/patch_petropolis_00360.tif,SENTINEL_TIF_ASSET,yes,.tif,155197,"96x96x6;dtype=float64,float64,float64,float64,float64,float64",EPSG:32723,"682350.0,7508570.0,683310.0,7509530.0",Petrópolis__sentinel_tif__patch_petropolis_00360,sentinel_local_asset,d9c5122241cba1e2287ee147cdac0876feb329a555959ff71cb6976b86928bcb,patch_petropolis_00360.tif,TIF_HEADER_ONLY_OK,no,HIGH_SCOPE_AND_SOURCE_REVIEW_REQUIRED,SAFE_FOR_REVIEW_ONLY,,
e9f2052abdb3c2a0,PET_00360,Petrópolis,multimodal_stack_path_only,patches/stacks/petropolis/patch_petropolis_00360.npy,MULTIMODAL_STACK_NPY,yes,.npy,163968,10x64x64,,,Petrópolis__stack_npy__patch_petropolis_00360,local_multimodal_stack,2646741e92c79c0b178be43a56cdefa1274da0c640b0d47747c2860c110a6a31,patch_petropolis_00360.npy,NPY_MMAP_HEADER_OK:float32,no,HIGH_SCOPE_AND_SOURCE_REVIEW_REQUIRED,SAFE_FOR_REVIEW_ONLY,,
1be2a37d636a3954,PET_00362,Petrópolis,sentinel_raster_path_only,data/sentinel/patch_petropolis_00362.tif,SENTINEL_TIF_ASSET,yes,.tif,158112,"96x96x6;dtype=float64,float64,float64,float64,float64,float64",EPSG:32723,"684200.0,7508550.0,685160.0,7509510.0",Petrópolis__sentinel_tif__patch_petropolis_00362,sentinel_local_asset,3eabdbce48b113b4064de32edc4363f185b085e7536711b98cc7d7a8b5046a74,patch_petropolis_00362.tif,TIF_HEADER_ONLY_OK,no,HIGH_SCOPE_AND_SOURCE_REVIEW_REQUIRED,SAFE_FOR_REVIEW_ONLY,,
87d84ee64acb964b,PET_00396,Petrópolis,sentinel_raster_path_only,data/sentinel/patch_petropolis_00396.tif,SENTINEL_TIF_ASSET,yes,.tif,154962,"97x96x6;dtype=float64,float64,float64,float64,float64,float64",EPSG:32723,"683280.0,7509480.0,684250.0,7510440.0",Petrópolis__sentinel_tif__patch_petropolis_00396,sentinel_local_asset,cca45c806e1dde58d6e9d15598694f51af91417baf7508c4ed441f2a8ab9c8c0,patch_petropolis_00396.tif,TIF_HEADER_ONLY_OK,no,HIGH_SCOPE_AND_SOURCE_REVIEW_REQUIRED,SAFE_FOR_REVIEW_ONLY,,
f186d9f304d28bb6,PET_00396,Petrópolis,multimodal_stack_path_only,patches/stacks/petropolis/patch_petropolis_00396.npy,MULTIMODAL_STACK_NPY,yes,.npy,163968,10x64x64,,,Petrópolis__stack_npy__patch_petropolis_00396,local_multimodal_stack,89340157b5dd1edb30e2d4222ee616d63182c1720ecb874ccb976e09386177dd,patch_petropolis_00396.npy,NPY_MMAP_HEADER_OK:float32,no,HIGH_SCOPE_AND_SOURCE_REVIEW_REQUIRED,SAFE_FOR_REVIEW_ONLY,,
1a9455936145ff92,PET_00397,Petrópolis,sentinel_raster_path_only,data/sentinel/patch_petropolis_00397.tif,SENTINEL_TIF_ASSET,yes,.tif,160176,"96x96x6;dtype=float64,float64,float64,float64,float64,float64",EPSG:32723,"684210.0,7509470.0,685170.0,7510430.0",Petrópolis__sentinel_tif__patch_petropolis_00397,sentinel_local_asset,6e62665a67490803c68a7e7d889229b7ad991166dd6af996b5dd67d30bc78b79,patch_petropolis_00397.tif,TIF_HEADER_ONLY_OK,no,HIGH_SCOPE_AND_SOURCE_REVIEW_REQUIRED,SAFE_FOR_REVIEW_ONLY,,
69f7805cccc8c9fe,PET_00397,Petrópolis,multimodal_stack_path_only,patches/stacks/petropolis/patch_petropolis_00397.npy,MULTIMODAL_STACK_NPY,yes,.npy,163968,10x64x64,,,Petrópolis__stack_npy__patch_petropolis_00397,local_multimodal_stack,94d4df3c000eef56375b9cbfda57f89c74c12d748d69fa33a558c06e8e7743cb,patch_petropolis_00397.npy,NPY_MMAP_HEADER_OK:float32,no,HIGH_SCOPE_AND_SOURCE_REVIEW_REQUIRED,SAFE_FOR_REVIEW_ONLY,,
1bb850c957f0a7d5,PET_00404,Petrópolis,sentinel_raster_path_only,data/sentinel/patch_petropolis_00404.tif,SENTINEL_TIF_ASSET,yes,.tif,159724,"96x96x6;dtype=float64,float64,float64,float64,float64,float64",EPSG:32723,"690680.0,7509390.0,691640.0,7510350.0",Petrópolis__sentinel_tif__patch_petropolis_00404,sentinel_local_asset,12972156b21011a65b8a414febd78e0d613e1c10e523ac11ea8693b4f5038461,patch_petropolis_00404.tif,TIF_HEADER_ONLY_OK,no,HIGH_SCOPE_AND_SOURCE_REVIEW_REQUIRED,SAFE_FOR_REVIEW_ONLY,,
731a5ef4b3edbf77,PET_00404,Petrópolis,multimodal_stack_path_only,patches/stacks/petropolis/patch_petropolis_00404.npy,MULTIMODAL_STACK_NPY,yes,.npy,163968,10x64x64,,,Petrópolis__stack_npy__patch_petropolis_00404,local_multimodal_stack,05d5b64f114c89326578673fa0fcae679db64469b19994367cb9b8e46571a177,patch_petropolis_00404.npy,NPY_MMAP_HEADER_OK:float32,no,HIGH_SCOPE_AND_SOURCE_REVIEW_REQUIRED,SAFE_FOR_REVIEW_ONLY,,
07c4658a94924698,PET_00431,Petrópolis,sentinel_raster_path_only,data/sentinel/patch_petropolis_00431.tif,SENTINEL_TIF_ASSET,yes,.tif,154063,"96x96x6;dtype=float64,float64,float64,float64,float64,float64",EPSG:32723,"683300.0,7510400.0,684260.0,7511360.0",Petrópolis__sentinel_tif__patch_petropolis_00431,sentinel_local_asset,521095c02483e73bfa37f295b60a6dd4547458146c3033c08129a3e5a4791858,patch_petropolis_00431.tif,TIF_HEADER_ONLY_OK,no,HIGH_SCOPE_AND_SOURCE_REVIEW_REQUIRED,SAFE_FOR_REVIEW_ONLY,,
15021a8707c0cfa1,PET_00467,Petrópolis,sentinel_raster_path_only,data/sentinel/patch_petropolis_00467.tif,SENTINEL_TIF_ASSET,yes,.tif,162229,"97x96x6;dtype=float64,float64,float64,float64,float64,float64",EPSG:32723,"684230.0,7511310.0,685200.0,7512270.0",Petrópolis__sentinel_tif__patch_petropolis_00467,sentinel_local_asset,8e6ceec2b51b731a6dd1e125fad3bfcd014254093dd8f786f1fc9ac32a01106d,patch_petropolis_00467.tif,TIF_HEADER_ONLY_OK,no,HIGH_SCOPE_AND_SOURCE_REVIEW_REQUIRED,SAFE_FOR_REVIEW_ONLY,,
962c071f0544cea5,PET_00467,Petrópolis,multimodal_stack_path_only,patches/stacks/petropolis/patch_petropolis_00467.npy,MULTIMODAL_STACK_NPY,yes,.npy,163968,10x64x64,,,Petrópolis__stack_npy__patch_petropolis_00467,local_multimodal_stack,7a7c1f7174d2aee4bcc7e874fa7ae74454ce4eb9fcb623a68c7e63f4c37e044b,patch_petropolis_00467.npy,NPY_MMAP_HEADER_OK:float32,no,HIGH_SCOPE_AND_SOURCE_REVIEW_REQUIRED,SAFE_FOR_REVIEW_ONLY,,
37ac86244a5242d6,PET_00506,Petrópolis,sentinel_raster_path_only,data/sentinel/patch_petropolis_00506.tif,SENTINEL_TIF_ASSET,yes,.tif,156354,"96x96x6;dtype=float64,float64,float64,float64,float64,float64",EPSG:32723,"687940.0,7512180.0,688900.0,7513140.0",Petrópolis__sentinel_tif__patch_petropolis_00506,sentinel_local_asset,44718dfa15e86693e7dd70db602c7ccadc1a805808c6f6a37b1baa329e73e895,patch_petropolis_00506.tif,TIF_HEADER_ONLY_OK,no,HIGH_SCOPE_AND_SOURCE_REVIEW_REQUIRED,SAFE_FOR_REVIEW_ONLY,,
40142fde4c718c0d,PET_00506,Petrópolis,multimodal_stack_path_only,patches/stacks/petropolis/patch_petropolis_00506.npy,MULTIMODAL_STACK_NPY,yes,.npy,163968,10x64x64,,,Petrópolis__stack_npy__patch_petropolis_00506,local_multimodal_stack,9c0d034055a0e1b9844907725c2279f4a2d2d9f16b750bebf075b50b0ba6e8c4,patch_petropolis_00506.npy,NPY_MMAP_HEADER_OK:float32,no,HIGH_SCOPE_AND_SOURCE_REVIEW_REQUIRED,SAFE_FOR_REVIEW_ONLY,,
6ebb72ad84d6e0dc,PET_00507,Petrópolis,sentinel_raster_path_only,data/sentinel/patch_petropolis_00507.tif,SENTINEL_TIF_ASSET,yes,.tif,160369,"97x96x6;dtype=float64,float64,float64,float64,float64,float64",EPSG:32723,"688860.0,7512170.0,689830.0,7513130.0",Petrópolis__sentinel_tif__patch_petropolis_00507,sentinel_local_asset,feed8a07f83ee2eeb923f459bc14bcc49854d834730f4a9588dc62933f347161,patch_petropolis_00507.tif,TIF_HEADER_ONLY_OK,no,HIGH_SCOPE_AND_SOURCE_REVIEW_REQUIRED,SAFE_FOR_REVIEW_ONLY,,
78fedab33054ea32,PET_00507,Petrópolis,multimodal_stack_path_only,patches/stacks/petropolis/patch_petropolis_00507.npy,MULTIMODAL_STACK_NPY,yes,.npy,163968,10x64x64,,,Petrópolis__stack_npy__patch_petropolis_00507,local_multimodal_stack,b124f53b52b9afe1a56b046ca165d6bc9830bdaee0549c3ceb7d55d9d297d6dd,patch_petropolis_00507.npy,NPY_MMAP_HEADER_OK:float32,no,HIGH_SCOPE_AND_SOURCE_REVIEW_REQUIRED,SAFE_FOR_REVIEW_ONLY,,
40a3ed7aa615d3eb,PET_00579,Petrópolis,sentinel_raster_path_only,data/sentinel/patch_petropolis_00579.tif,SENTINEL_TIF_ASSET,yes,.tif,163690,"96x96x6;dtype=float64,float64,float64,float64,float64,float64",EPSG:32723,"690740.0,7513990.0,691700.0,7514950.0",Petrópolis__sentinel_tif__patch_petropolis_00579,sentinel_local_asset,25ab68155815329ab7164bd7b050b4bd61946634ac3067a2e5cac26bb8fe4a26,patch_petropolis_00579.tif,TIF_HEADER_ONLY_OK,no,HIGH_SCOPE_AND_SOURCE_REVIEW_REQUIRED,SAFE_FOR_REVIEW_ONLY,,
75c311e5de99b17e,PET_00579,Petrópolis,multimodal_stack_path_only,patches/stacks/petropolis/patch_petropolis_00579.npy,MULTIMODAL_STACK_NPY,yes,.npy,163968,10x64x64,,,Petrópolis__stack_npy__patch_petropolis_00579,local_multimodal_stack,d1bace2299e03ccfe40673e261ad62ef72049ecd8c05607d144d2397be8ee80a,patch_petropolis_00579.npy,NPY_MMAP_HEADER_OK:float32,no,HIGH_SCOPE_AND_SOURCE_REVIEW_REQUIRED,SAFE_FOR_REVIEW_ONLY,,
684f4b3d08f97e07,PET_00614,Petrópolis,sentinel_raster_path_only,data/sentinel/patch_petropolis_00614.tif,SENTINEL_TIF_ASSET,yes,.tif,165796,"96x96x6;dtype=float64,float64,float64,float64,float64,float64",EPSG:32723,"690750.0,7514910.0,691710.0,7515870.0",Petrópolis__sentinel_tif__patch_petropolis_00614,sentinel_local_asset,34297ca697be5bd1d704c746326db5eb191a9287ab7f432c0400a7767d82be2e,patch_petropolis_00614.tif,TIF_HEADER_ONLY_OK,no,HIGH_SCOPE_AND_SOURCE_REVIEW_REQUIRED,SAFE_FOR_REVIEW_ONLY,,
4afc209893ce3ba5,PET_00614,Petrópolis,multimodal_stack_path_only,patches/stacks/petropolis/patch_petropolis_00614.npy,MULTIMODAL_STACK_NPY,yes,.npy,163968,10x64x64,,,Petrópolis__stack_npy__patch_petropolis_00614,local_multimodal_stack,784335977ec1ef0ce5a29bc79af0320f812978bf810b2e1f59f1b0cc74397212,patch_petropolis_00614.npy,NPY_MMAP_HEADER_OK:float32,no,HIGH_SCOPE_AND_SOURCE_REVIEW_REQUIRED,SAFE_FOR_REVIEW_ONLY,,
afbf0118fb8dec3e,PET_00615,Petrópolis,sentinel_raster_path_only,data/sentinel/patch_petropolis_00615.tif,SENTINEL_TIF_ASSET,yes,.tif,160929,"97x96x6;dtype=float64,float64,float64,float64,float64,float64",EPSG:32723,"691670.0,7514900.0,692640.0,7515860.0",Petrópolis__sentinel_tif__patch_petropolis_00615,sentinel_local_asset,7cbd4a38f07f6543c6fda766710d203abe82f97923771a64ab9181fd031e2b3b,patch_petropolis_00615.tif,TIF_HEADER_ONLY_OK,no,HIGH_SCOPE_AND_SOURCE_REVIEW_REQUIRED,SAFE_FOR_REVIEW_ONLY,,
84fb4b7fa0cae177,PET_00615,Petrópolis,multimodal_stack_path_only,patches/stacks/petropolis/patch_petropolis_00615.npy,MULTIMODAL_STACK_NPY,yes,.npy,163968,10x64x64,,,Petrópolis__stack_npy__patch_petropolis_00615,local_multimodal_stack,9ffbafeaee43bafccbbd6af6970b74130c4733bfa5a3775ae6ed7103f322b646,patch_petropolis_00615.npy,NPY_MMAP_HEADER_OK:float32,no,HIGH_SCOPE_AND_SOURCE_REVIEW_REQUIRED,SAFE_FOR_REVIEW_ONLY,,
1fc1c5737fd1a195,PET_00617,Petrópolis,sentinel_raster_path_only,data/sentinel/patch_petropolis_00617.tif,SENTINEL_TIF_ASSET,yes,.tif,157482,"97x96x6;dtype=float64,float64,float64,float64,float64,float64",EPSG:32723,"693520.0,7514870.0,694490.0,7515830.0",Petrópolis__sentinel_tif__patch_petropolis_00617,sentinel_local_asset,387006daa1ee799a74ea52dfc22dffa2cd82e9a6cc113e23c9da166e2ae5874c,patch_petropolis_00617.tif,TIF_HEADER_ONLY_OK,no,HIGH_SCOPE_AND_SOURCE_REVIEW_REQUIRED,SAFE_FOR_REVIEW_ONLY,,
b8cf750b991675ee,PET_00617,Petrópolis,multimodal_stack_path_only,patches/stacks/petropolis/patch_petropolis_00617.npy,MULTIMODAL_STACK_NPY,yes,.npy,163968,10x64x64,,,Petrópolis__stack_npy__patch_petropolis_00617,local_multimodal_stack,e502bf8e0b3cef0bf2a6a17e070a1a40db5df1023667534837b897b1f23e3242,patch_petropolis_00617.npy,NPY_MMAP_HEADER_OK:float32,no,HIGH_SCOPE_AND_SOURCE_REVIEW_REQUIRED,SAFE_FOR_REVIEW_ONLY,,
888d1f22b626ce64,PET_00618,Petrópolis,sentinel_raster_path_only,data/sentinel/patch_petropolis_00618.tif,SENTINEL_TIF_ASSET,yes,.tif,160236,"97x96x6;dtype=float64,float64,float64,float64,float64,float64",EPSG:32723,"694440.0,7514860.0,695410.0,7515820.0",Petrópolis__sentinel_tif__patch_petropolis_00618,sentinel_local_asset,73e7bb66b7304bdd62a8f7ec675158f765c1a44365225d93f6ff4577f1ccf003,patch_petropolis_00618.tif,TIF_HEADER_ONLY_OK,no,HIGH_SCOPE_AND_SOURCE_REVIEW_REQUIRED,SAFE_FOR_REVIEW_ONLY,,
066dd7b9be4d1b65,PET_00618,Petrópolis,multimodal_stack_path_only,patches/stacks/petropolis/patch_petropolis_00618.npy,MULTIMODAL_STACK_NPY,yes,.npy,163968,10x64x64,,,Petrópolis__stack_npy__patch_petropolis_00618,local_multimodal_stack,3068014ecd1b2150d1ec8f5abca080ce44980920a52e0b7e433da7f4851b681f,patch_petropolis_00618.npy,NPY_MMAP_HEADER_OK:float32,no,HIGH_SCOPE_AND_SOURCE_REVIEW_REQUIRED,SAFE_FOR_REVIEW_ONLY,,
d66aede60a7f2241,PET_00641,Petrópolis,sentinel_raster_path_only,data/sentinel/patch_petropolis_00641.tif,SENTINEL_TIF_ASSET,yes,.tif,155089,"97x96x6;dtype=float64,float64,float64,float64,float64,float64",EPSG:32723,"683360.0,7515920.0,684330.0,7516880.0",Petrópolis__sentinel_tif__patch_petropolis_00641,sentinel_local_asset,c33420300a413663c23e47192946c2bd400f48c3487d9a8d7891792728e2134b,patch_petropolis_00641.tif,TIF_HEADER_ONLY_OK,no,HIGH_SCOPE_AND_SOURCE_REVIEW_REQUIRED,SAFE_FOR_REVIEW_ONLY,,
a53706bdc1758c19,PET_00641,Petrópolis,multimodal_stack_path_only,patches/stacks/petropolis/patch_petropolis_00641.npy,MULTIMODAL_STACK_NPY,yes,.npy,163968,10x64x64,,,Petrópolis__stack_npy__patch_petropolis_00641,local_multimodal_stack,451b5133c609cb162c8602665313f7cb79c88994c34fb7520e35d547a9e624d8,patch_petropolis_00641.npy,NPY_MMAP_HEADER_OK:float32,no,HIGH_SCOPE_AND_SOURCE_REVIEW_REQUIRED,SAFE_FOR_REVIEW_ONLY,,
f429d09b1de1d57e,PET_00649,Petrópolis,sentinel_raster_path_only,data/sentinel/patch_petropolis_00649.tif,SENTINEL_TIF_ASSET,yes,.tif,165659,"96x96x6;dtype=float64,float64,float64,float64,float64,float64",EPSG:32723,"690760.0,7515830.0,691720.0,7516790.0",Petrópolis__sentinel_tif__patch_petropolis_00649,sentinel_local_asset,fa99240efb6f03dde00e05dbc735d9a862660c1061136603b5c301e69c560212,patch_petropolis_00649.tif,TIF_HEADER_ONLY_OK,no,HIGH_SCOPE_AND_SOURCE_REVIEW_REQUIRED,SAFE_FOR_REVIEW_ONLY,,
4140bd077edfc250,PET_00649,Petrópolis,multimodal_stack_path_only,patches/stacks/petropolis/patch_petropolis_00649.npy,MULTIMODAL_STACK_NPY,yes,.npy,163968,10x64x64,,,Petrópolis__stack_npy__patch_petropolis_00649,local_multimodal_stack,d2d9a606c2a7472fe99d3a9885b9b11bd1ad39f5f0f61584bbe7d80eb2a0b451,patch_petropolis_00649.npy,NPY_MMAP_HEADER_OK:float32,no,HIGH_SCOPE_AND_SOURCE_REVIEW_REQUIRED,SAFE_FOR_REVIEW_ONLY,,
226c3fd13153c2b3,PET_00652,Petrópolis,sentinel_raster_path_only,data/sentinel/patch_petropolis_00652.tif,SENTINEL_TIF_ASSET,yes,.tif,160063,"97x96x6;dtype=float64,float64,float64,float64,float64,float64",EPSG:32723,"693530.0,7515790.0,694500.0,7516750.0",Petrópolis__sentinel_tif__patch_petropolis_00652,sentinel_local_asset,e42b2800a9f8dc5df5ca02d8f8d7d641c4f08dbcdaf05d143497fb26ba136267,patch_petropolis_00652.tif,TIF_HEADER_ONLY_OK,no,HIGH_SCOPE_AND_SOURCE_REVIEW_REQUIRED,SAFE_FOR_REVIEW_ONLY,,
1879c29dbf5e63aa,PET_00652,Petrópolis,multimodal_stack_path_only,patches/stacks/petropolis/patch_petropolis_00652.npy,MULTIMODAL_STACK_NPY,yes,.npy,163968,10x64x64,,,Petrópolis__stack_npy__patch_petropolis_00652,local_multimodal_stack,f95d1e9dfdac4d68aca4831d1ea6f549bbfd0096bfa495f9986eeac534ff82ce,patch_petropolis_00652.npy,NPY_MMAP_HEADER_OK:float32,no,HIGH_SCOPE_AND_SOURCE_REVIEW_REQUIRED,SAFE_FOR_REVIEW_ONLY,,
4d6f549efadcc8f1,PET_00720,Petrópolis,sentinel_raster_path_only,data/sentinel/patch_petropolis_00720.tif,SENTINEL_TIF_ASSET,yes,.tif,160999,"96x96x6;dtype=float64,float64,float64,float64,float64,float64",EPSG:32723,"691710.0,7517650.0,692670.0,7518610.0",Petrópolis__sentinel_tif__patch_petropolis_00720,sentinel_local_asset,d8f089d2bd41c3e758f284d29d59d40bcb0c7b619c8bef4bea4c7996b68ce7cf,patch_petropolis_00720.tif,TIF_HEADER_ONLY_OK,no,HIGH_SCOPE_AND_SOURCE_REVIEW_REQUIRED,SAFE_FOR_REVIEW_ONLY,,
700aa612e06fd91c,PET_00720,Petrópolis,multimodal_stack_path_only,patches/stacks/petropolis/patch_petropolis_00720.npy,MULTIMODAL_STACK_NPY,yes,.npy,163968,10x64x64,,,Petrópolis__stack_npy__patch_petropolis_00720,local_multimodal_stack,0b29407f8d704bbe102f1954d5a576e8ee863adf079fb487058c2eadffd6dffa,patch_petropolis_00720.npy,NPY_MMAP_HEADER_OK:float32,no,HIGH_SCOPE_AND_SOURCE_REVIEW_REQUIRED,SAFE_FOR_REVIEW_ONLY,,
b99dad3da2e06df0,PET_00756,Petrópolis,sentinel_raster_path_only,data/sentinel/patch_petropolis_00756.tif,SENTINEL_TIF_ASSET,yes,.tif,164753,"97x96x6;dtype=float64,float64,float64,float64,float64,float64",EPSG:32723,"692640.0,7518560.0,693610.0,7519520.0",Petrópolis__sentinel_tif__patch_petropolis_00756,sentinel_local_asset,c38a41c362b2a2cff0e1c61bd79b1f88e451a7127ad5ffcd5f614fbe171cb4a7,patch_petropolis_00756.tif,TIF_HEADER_ONLY_OK,no,HIGH_SCOPE_AND_SOURCE_REVIEW_REQUIRED,SAFE_FOR_REVIEW_ONLY,,
e75bfa5ed2e50c09,PET_00756,Petrópolis,multimodal_stack_path_only,patches/stacks/petropolis/patch_petropolis_00756.npy,MULTIMODAL_STACK_NPY,yes,.npy,163968,10x64x64,,,Petrópolis__stack_npy__patch_petropolis_00756,local_multimodal_stack,700fcb68f7415a349f632005b83ced2d36a255c0c789da31426bff83e28c34b5,patch_petropolis_00756.npy,NPY_MMAP_HEADER_OK:float32,no,HIGH_SCOPE_AND_SOURCE_REVIEW_REQUIRED,SAFE_FOR_REVIEW_ONLY,,
ca3e86c4b23c78e2,PET_00789,Petrópolis,sentinel_raster_path_only,data/sentinel/patch_petropolis_00789.tif,SENTINEL_TIF_ASSET,yes,.tif,154885,"97x96x6;dtype=float64,float64,float64,float64,float64,float64",EPSG:32723,"690800.0,7519500.0,691770.0,7520460.0",Petrópolis__sentinel_tif__patch_petropolis_00789,sentinel_local_asset,d5459329f91b4191e5ac2f3f474e9dd2b18527e908f8f7d4f4b28355cd1aa800,patch_petropolis_00789.tif,TIF_HEADER_ONLY_OK,no,HIGH_SCOPE_AND_SOURCE_REVIEW_REQUIRED,SAFE_FOR_REVIEW_ONLY,,
c010331bd182f93d,PET_00789,Petrópolis,multimodal_stack_path_only,patches/stacks/petropolis/patch_petropolis_00789.npy,MULTIMODAL_STACK_NPY,yes,.npy,163968,10x64x64,,,Petrópolis__stack_npy__patch_petropolis_00789,local_multimodal_stack,73905312b06e9a332000fc770463404c5ba84c1db6265df07cbb0678b611f3c5,patch_petropolis_00789.npy,NPY_MMAP_HEADER_OK:float32,no,HIGH_SCOPE_AND_SOURCE_REVIEW_REQUIRED,SAFE_FOR_REVIEW_ONLY,,
f77370131f6af6f4,PET_00823,Petrópolis,sentinel_raster_path_only,data/sentinel/patch_petropolis_00823.tif,SENTINEL_TIF_ASSET,yes,.tif,160927,"97x96x6;dtype=float64,float64,float64,float64,float64,float64",EPSG:32723,"689890.0,7520440.0,690860.0,7521400.0",Petrópolis__sentinel_tif__patch_petropolis_00823,sentinel_local_asset,db26f84558eb658136cc3b85c002c2daca53407bb38933a197ad17a48d1bf579,patch_petropolis_00823.tif,TIF_HEADER_ONLY_OK,no,HIGH_SCOPE_AND_SOURCE_REVIEW_REQUIRED,SAFE_FOR_REVIEW_ONLY,,
be2337f943078080,PET_00823,Petrópolis,multimodal_stack_path_only,patches/stacks/petropolis/patch_petropolis_00823.npy,MULTIMODAL_STACK_NPY,yes,.npy,163968,10x64x64,,,Petrópolis__stack_npy__patch_petropolis_00823,local_multimodal_stack,e74dbd75a38161a87d32340c4283a3e8e12389c916f99bb2db76ab9ab0522b54,patch_petropolis_00823.npy,NPY_MMAP_HEADER_OK:float32,no,HIGH_SCOPE_AND_SOURCE_REVIEW_REQUIRED,SAFE_FOR_REVIEW_ONLY,,
2b163dd443cf8359,PET_00825,Petrópolis,sentinel_raster_path_only,data/sentinel/patch_petropolis_00825.tif,SENTINEL_TIF_ASSET,yes,.tif,154888,"97x96x6;dtype=float64,float64,float64,float64,float64,float64",EPSG:32723,"691740.0,7520410.0,692710.0,7521370.0",Petrópolis__sentinel_tif__patch_petropolis_00825,sentinel_local_asset,1a7a57701dbcfbc1405663207d186c19f8fd3e13a92b0923a6bf7e885857dc75,patch_petropolis_00825.tif,TIF_HEADER_ONLY_OK,no,HIGH_SCOPE_AND_SOURCE_REVIEW_REQUIRED,SAFE_FOR_REVIEW_ONLY,,
938eb220455de1d1,PET_00825,Petrópolis,multimodal_stack_path_only,patches/stacks/petropolis/patch_petropolis_00825.npy,MULTIMODAL_STACK_NPY,yes,.npy,163968,10x64x64,,,Petrópolis__stack_npy__patch_petropolis_00825,local_multimodal_stack,ee67e341273c5ceaaf04def0d918663602b168a9d780f9024e267038c90f7b13,patch_petropolis_00825.npy,NPY_MMAP_HEADER_OK:float32,no,HIGH_SCOPE_AND_SOURCE_REVIEW_REQUIRED,SAFE_FOR_REVIEW_ONLY,,
d7675b83c6896d34,PET_00829,Petrópolis,sentinel_raster_path_only,data/sentinel/patch_petropolis_00829.tif,SENTINEL_TIF_ASSET,yes,.tif,154950,"97x96x6;dtype=float64,float64,float64,float64,float64,float64",EPSG:32723,"695440.0,7520370.0,696410.0,7521330.0",Petrópolis__sentinel_tif__patch_petropolis_00829,sentinel_local_asset,3249404d860078b8f72be865f752d1615fb61b3683125c9ee45de07fd3ad34ba,patch_petropolis_00829.tif,TIF_HEADER_ONLY_OK,no,HIGH_SCOPE_AND_SOURCE_REVIEW_REQUIRED,SAFE_FOR_REVIEW_ONLY,,
e5f616ce747658ec,PET_00829,Petrópolis,multimodal_stack_path_only,patches/stacks/petropolis/patch_petropolis_00829.npy,MULTIMODAL_STACK_NPY,yes,.npy,163968,10x64x64,,,Petrópolis__stack_npy__patch_petropolis_00829,local_multimodal_stack,465eac6e4876b36bb533976bb83d1b67cd0a116d2d0cb4383343596e478725ba,patch_petropolis_00829.npy,NPY_MMAP_HEADER_OK:float32,no,HIGH_SCOPE_AND_SOURCE_REVIEW_REQUIRED,SAFE_FOR_REVIEW_ONLY,,
a31c4a8fea21648e,PET_00860,Petrópolis,sentinel_raster_path_only,data/sentinel/patch_petropolis_00860.tif,SENTINEL_TIF_ASSET,yes,.tif,161676,"97x96x6;dtype=float64,float64,float64,float64,float64,float64",EPSG:32723,"691750.0,7521330.0,692720.0,7522290.0",Petrópolis__sentinel_tif__patch_petropolis_00860,sentinel_local_asset,bdc4241f1ed802af8a01e338d5ac14eb01f59ef7b8a24a201d8055ebea6dc036,patch_petropolis_00860.tif,TIF_HEADER_ONLY_OK,no,HIGH_SCOPE_AND_SOURCE_REVIEW_REQUIRED,SAFE_FOR_REVIEW_ONLY,,
a3b8b6e98aaaf09f,PET_00860,Petrópolis,multimodal_stack_path_only,patches/stacks/petropolis/patch_petropolis_00860.npy,MULTIMODAL_STACK_NPY,yes,.npy,163968,10x64x64,,,Petrópolis__stack_npy__patch_petropolis_00860,local_multimodal_stack,835f106c9478e94ebed92b36853a0fd73219f519f8766da61ef408ecf017ecaf,patch_petropolis_00860.npy,NPY_MMAP_HEADER_OK:float32,no,HIGH_SCOPE_AND_SOURCE_REVIEW_REQUIRED,SAFE_FOR_REVIEW_ONLY,,
333f55b3867faa8f,PET_00863,Petrópolis,sentinel_raster_path_only,data/sentinel/patch_petropolis_00863.tif,SENTINEL_TIF_ASSET,yes,.tif,162037,"96x96x6;dtype=float64,float64,float64,float64,float64,float64",EPSG:32723,"694530.0,7521300.0,695490.0,7522260.0",Petrópolis__sentinel_tif__patch_petropolis_00863,sentinel_local_asset,58a63607dcaaabf1fc7d5fe2909af89edd22280fae124fba577cb048af0f5f1c,patch_petropolis_00863.tif,TIF_HEADER_ONLY_OK,no,HIGH_SCOPE_AND_SOURCE_REVIEW_REQUIRED,SAFE_FOR_REVIEW_ONLY,,
c5dc5f937605dde8,PET_00863,Petrópolis,multimodal_stack_path_only,patches/stacks/petropolis/patch_petropolis_00863.npy,MULTIMODAL_STACK_NPY,yes,.npy,163968,10x64x64,,,Petrópolis__stack_npy__patch_petropolis_00863,local_multimodal_stack,c317890d4ff6ee582fcf7dd5f9f9cd9f33341a4ac6b0bca109868ec70f09d7a5,patch_petropolis_00863.npy,NPY_MMAP_HEADER_OK:float32,no,HIGH_SCOPE_AND_SOURCE_REVIEW_REQUIRED,SAFE_FOR_REVIEW_ONLY,,
bbd2f3f516a9d03f,PET_00865,Petrópolis,sentinel_raster_path_only,data/sentinel/patch_petropolis_00865.tif,SENTINEL_TIF_ASSET,yes,.tif,159140,"96x96x6;dtype=float64,float64,float64,float64,float64,float64",EPSG:32723,"696380.0,7521270.0,697340.0,7522230.0",Petrópolis__sentinel_tif__patch_petropolis_00865,sentinel_local_asset,2ca632cc2b0f758950bb57f6a7c543198d302f32859b4a793e0082d098d7341f,patch_petropolis_00865.tif,TIF_HEADER_ONLY_OK,no,HIGH_SCOPE_AND_SOURCE_REVIEW_REQUIRED,SAFE_FOR_REVIEW_ONLY,,
b46da44035ce87bd,PET_00865,Petrópolis,multimodal_stack_path_only,patches/stacks/petropolis/patch_petropolis_00865.npy,MULTIMODAL_STACK_NPY,yes,.npy,163968,10x64x64,,,Petrópolis__stack_npy__patch_petropolis_00865,local_multimodal_stack,8e5ce5fdef2f01236f504ae5227f1b524432dbefb312d1d4b92adf40fce4e18e,patch_petropolis_00865.npy,NPY_MMAP_HEADER_OK:float32,no,HIGH_SCOPE_AND_SOURCE_REVIEW_REQUIRED,SAFE_FOR_REVIEW_ONLY,,
71c19bc87a195428,PET_00916,Petrópolis,sentinel_raster_path_only,data/sentinel/patch_petropolis_00916.tif,SENTINEL_TIF_ASSET,yes,.tif,160254,"97x96x6;dtype=float64,float64,float64,float64,float64,float64",EPSG:32723,"678820.0,7523330.0,679790.0,7524290.0",Petrópolis__sentinel_tif__patch_petropolis_00916,sentinel_local_asset,7d8835f7ad853d5bb534a04eb5e98b9ddd9f7128a56c596e2034f05bf00332e1,patch_petropolis_00916.tif,TIF_HEADER_ONLY_OK,no,HIGH_SCOPE_AND_SOURCE_REVIEW_REQUIRED,SAFE_FOR_REVIEW_ONLY,,
6db3cef24ccef3b3,PET_00916,Petrópolis,multimodal_stack_path_only,patches/stacks/petropolis/patch_petropolis_00916.npy,MULTIMODAL_STACK_NPY,yes,.npy,163968,10x64x64,,,Petrópolis__stack_npy__patch_petropolis_00916,local_multimodal_stack,e92dc91fb41c785826495b8a29387558714ba3648ec344f76ebaee4ac2c0b336,patch_petropolis_00916.npy,NPY_MMAP_HEADER_OK:float32,no,HIGH_SCOPE_AND_SOURCE_REVIEW_REQUIRED,SAFE_FOR_REVIEW_ONLY,,
0cde77e9c1575840,PET_00986,Petrópolis,sentinel_raster_path_only,data/sentinel/patch_petropolis_00986.tif,SENTINEL_TIF_ASSET,yes,.tif,154966,"97x96x6;dtype=float64,float64,float64,float64,float64,float64",EPSG:32723,"678840.0,7525170.0,679810.0,7526130.0",Petrópolis__sentinel_tif__patch_petropolis_00986,sentinel_local_asset,01ff795bc094d93688029846fc0358e6f8f11129e618ebfe0160186e9f3dff53,patch_petropolis_00986.tif,TIF_HEADER_ONLY_OK,no,HIGH_SCOPE_AND_SOURCE_REVIEW_REQUIRED,SAFE_FOR_REVIEW_ONLY,,
ce5262503cdedf6a,PET_00986,Petrópolis,multimodal_stack_path_only,patches/stacks/petropolis/patch_petropolis_00986.npy,MULTIMODAL_STACK_NPY,yes,.npy,163968,10x64x64,,,Petrópolis__stack_npy__patch_petropolis_00986,local_multimodal_stack,3f5bd89885e2880f7dbb474ce8881fe4ec0e4bf1a17dd998f16208a6cf3f2c55,patch_petropolis_00986.npy,NPY_MMAP_HEADER_OK:float32,no,HIGH_SCOPE_AND_SOURCE_REVIEW_REQUIRED,SAFE_FOR_REVIEW_ONLY,,
e05df0f62e418ae5,PET_01307,Petrópolis,sentinel_raster_path_only,data/sentinel/patch_petropolis_01307.tif,SENTINEL_TIF_ASSET,yes,.tif,155571,"97x96x6;dtype=float64,float64,float64,float64,float64,float64",EPSG:32723,"684490.0,7533380.0,685460.0,7534340.0",Petrópolis__sentinel_tif__patch_petropolis_01307,sentinel_local_asset,d8bf9027dd8107fc30e19c1c4b7bdd884dcd3bc0f7e93864420572c1d95ee97f,patch_petropolis_01307.tif,TIF_HEADER_ONLY_OK,no,HIGH_SCOPE_AND_SOURCE_REVIEW_REQUIRED,SAFE_FOR_REVIEW_ONLY,,
dda66e54fa7c5b51,PET_01307,Petrópolis,multimodal_stack_path_only,patches/stacks/petropolis/patch_petropolis_01307.npy,MULTIMODAL_STACK_NPY,yes,.npy,163968,10x64x64,,,Petrópolis__stack_npy__patch_petropolis_01307,local_multimodal_stack,9e8c833d9055acb38f6f978d41416e2c9290a82fb56b9d5284c44b33419dc208,patch_petropolis_01307.npy,NPY_MMAP_HEADER_OK:float32,no,HIGH_SCOPE_AND_SOURCE_REVIEW_REQUIRED,SAFE_FOR_REVIEW_ONLY,,
b03e03c6228a12e0,PET_01323,Petrópolis,sentinel_raster_path_only,data/sentinel/patch_petropolis_01323.tif,SENTINEL_TIF_ASSET,yes,.tif,156507,"97x96x6;dtype=float64,float64,float64,float64,float64,float64",EPSG:32723,"699300.0,7533200.0,700270.0,7534160.0",Petrópolis__sentinel_tif__patch_petropolis_01323,sentinel_local_asset,6fade8fea573033767879090489bc952752758c78fb721be0fce148e171b932b,patch_petropolis_01323.tif,TIF_HEADER_ONLY_OK,no,HIGH_SCOPE_AND_SOURCE_REVIEW_REQUIRED,SAFE_FOR_REVIEW_ONLY,,
aa701551528b3c38,PET_01323,Petrópolis,multimodal_stack_path_only,patches/stacks/petropolis/patch_petropolis_01323.npy,MULTIMODAL_STACK_NPY,yes,.npy,163968,10x64x64,,,Petrópolis__stack_npy__patch_petropolis_01323,local_multimodal_stack,c87b6e70788e82881c715fda31c3c477aeb54c2faac269e24d248f1458de386c,patch_petropolis_01323.npy,NPY_MMAP_HEADER_OK:float32,no,HIGH_SCOPE_AND_SOURCE_REVIEW_REQUIRED,SAFE_FOR_REVIEW_ONLY,,
2f83811f9a21917a,PET_01349,Petrópolis,sentinel_raster_path_only,data/sentinel/patch_petropolis_01349.tif,SENTINEL_TIF_ASSET,yes,.tif,153957,"97x97x6;dtype=float64,float64,float64,float64,float64,float64",EPSG:32723,"690980.0,7534220.0,691950.0,7535190.0",Petrópolis__sentinel_tif__patch_petropolis_01349,sentinel_local_asset,933c8e5ea5c5b99b6be5190dd6390c450fb88ae2e6005e4e948b55c7849394b4,patch_petropolis_01349.tif,TIF_HEADER_ONLY_OK,no,HIGH_SCOPE_AND_SOURCE_REVIEW_REQUIRED,SAFE_FOR_REVIEW_ONLY,,
7a612be3a61d97c7,PET_01352,Petrópolis,sentinel_raster_path_only,data/sentinel/patch_petropolis_01352.tif,SENTINEL_TIF_ASSET,yes,.tif,160429,"97x96x6;dtype=float64,float64,float64,float64,float64,float64",EPSG:32723,"693760.0,7534190.0,694730.0,7535150.0",Petrópolis__sentinel_tif__patch_petropolis_01352,sentinel_local_asset,1a8ebe75168b41a38bf45545e916a8d45b903dd9fc5b39e28632d7a69e69192f,patch_petropolis_01352.tif,TIF_HEADER_ONLY_OK,no,HIGH_SCOPE_AND_SOURCE_REVIEW_REQUIRED,SAFE_FOR_REVIEW_ONLY,,
ee9b793a371b36a8,PET_01352,Petrópolis,multimodal_stack_path_only,patches/stacks/petropolis/patch_petropolis_01352.npy,MULTIMODAL_STACK_NPY,yes,.npy,163968,10x64x64,,,Petrópolis__stack_npy__patch_petropolis_01352,local_multimodal_stack,30e557f421a6bf81cf168b06e97f4f49179ffb3dbd28e5ed8a38fe6bc5d4374c,patch_petropolis_01352.npy,NPY_MMAP_HEADER_OK:float32,no,HIGH_SCOPE_AND_SOURCE_REVIEW_REQUIRED,SAFE_FOR_REVIEW_ONLY,,
95b5532160a129aa,PET_01386,Petrópolis,sentinel_raster_path_only,data/sentinel/patch_petropolis_01386.tif,SENTINEL_TIF_ASSET,yes,.tif,156510,"96x96x6;dtype=float64,float64,float64,float64,float64,float64",EPSG:32723,"692850.0,7535120.0,693810.0,7536080.0",Petrópolis__sentinel_tif__patch_petropolis_01386,sentinel_local_asset,dc93180de368c26327f03e9cfa594433446b358139da855a0a255c05bea7abbd,patch_petropolis_01386.tif,TIF_HEADER_ONLY_OK,no,HIGH_SCOPE_AND_SOURCE_REVIEW_REQUIRED,SAFE_FOR_REVIEW_ONLY,,
ca9d897d63a7c853,PET_01386,Petrópolis,multimodal_stack_path_only,patches/stacks/petropolis/patch_petropolis_01386.npy,MULTIMODAL_STACK_NPY,yes,.npy,163968,10x64x64,,,Petrópolis__stack_npy__patch_petropolis_01386,local_multimodal_stack,7cdeeb248da786dd118a04098171e186093537bbbd3bc3c5af6393440f388ad8,patch_petropolis_01386.npy,NPY_MMAP_HEADER_OK:float32,no,HIGH_SCOPE_AND_SOURCE_REVIEW_REQUIRED,SAFE_FOR_REVIEW_ONLY,,
5152bf2f6bf19eaf,PET_01403,Petrópolis,sentinel_raster_path_only,data/sentinel/patch_petropolis_01403.tif,SENTINEL_TIF_ASSET,yes,.tif,155547,"97x96x6;dtype=float64,float64,float64,float64,float64,float64",EPSG:32723,"676190.0,7536240.0,677160.0,7537200.0",Petrópolis__sentinel_tif__patch_petropolis_01403,sentinel_local_asset,557f474783edb9ac72a76c9634612c9e91c8f998e853300808a73e88015e3364,patch_petropolis_01403.tif,TIF_HEADER_ONLY_OK,no,HIGH_SCOPE_AND_SOURCE_REVIEW_REQUIRED,SAFE_FOR_REVIEW_ONLY,,
08ab825222c438bb,PET_01403,Petrópolis,multimodal_stack_path_only,patches/stacks/petropolis/patch_petropolis_01403.npy,MULTIMODAL_STACK_NPY,yes,.npy,163968,10x64x64,,,Petrópolis__stack_npy__patch_petropolis_01403,local_multimodal_stack,8a43b09bcffe0e4dee055bdfc6112b58bc02643deb07778dd586f59f615cb727,patch_petropolis_01403.npy,NPY_MMAP_HEADER_OK:float32,no,HIGH_SCOPE_AND_SOURCE_REVIEW_REQUIRED,SAFE_FOR_REVIEW_ONLY,,
11466fcdfb772b83,PET_01458,Petrópolis,sentinel_raster_path_only,data/sentinel/patch_petropolis_01458.tif,SENTINEL_TIF_ASSET,yes,.tif,160173,"97x96x6;dtype=float64,float64,float64,float64,float64,float64",EPSG:32723,"694720.0,7536940.0,695690.0,7537900.0",Petrópolis__sentinel_tif__patch_petropolis_01458,sentinel_local_asset,9947c8c1b768a8dfa5c5bef21239efac88a31936c2f332e3808506c7ffc196cc,patch_petropolis_01458.tif,TIF_HEADER_ONLY_OK,no,HIGH_SCOPE_AND_SOURCE_REVIEW_REQUIRED,SAFE_FOR_REVIEW_ONLY,,
8b9063a5efff7477,PET_01458,Petrópolis,multimodal_stack_path_only,patches/stacks/petropolis/patch_petropolis_01458.npy,MULTIMODAL_STACK_NPY,yes,.npy,163968,10x64x64,,,Petrópolis__stack_npy__patch_petropolis_01458,local_multimodal_stack,7fae7623c657f5dd3b54cc9a61f4bacc21ff3ec5e0d5deb1b066c1c51aecdcc4,patch_petropolis_01458.npy,NPY_MMAP_HEADER_OK:float32,no,HIGH_SCOPE_AND_SOURCE_REVIEW_REQUIRED,SAFE_FOR_REVIEW_ONLY,,
eb11663726bba27f,PET_01478,Petrópolis,sentinel_raster_path_only,data/sentinel/patch_petropolis_01478.tif,SENTINEL_TIF_ASSET,yes,.tif,157063,"97x96x6;dtype=float64,float64,float64,float64,float64,float64",EPSG:32723,"680840.0,7538030.0,681810.0,7538990.0",Petrópolis__sentinel_tif__patch_petropolis_01478,sentinel_local_asset,133dfd656c35d12e5d8cc53c5e18324b42a1c6ba9b1987e412f6935e4c4f8753,patch_petropolis_01478.tif,TIF_HEADER_ONLY_OK,no,HIGH_SCOPE_AND_SOURCE_REVIEW_REQUIRED,SAFE_FOR_REVIEW_ONLY,,
e0e0b321be14838c,PET_01483,Petrópolis,sentinel_raster_path_only,data/sentinel/patch_petropolis_01483.tif,SENTINEL_TIF_ASSET,yes,.tif,159858,"97x96x6;dtype=float64,float64,float64,float64,float64,float64",EPSG:32723,"685470.0,7537970.0,686440.0,7538930.0",Petrópolis__sentinel_tif__patch_petropolis_01483,sentinel_local_asset,a03544f4613b3c56ee04eadcb2da8954f96cc30019a48fbf50ad8b70c7331740,patch_petropolis_01483.tif,TIF_HEADER_ONLY_OK,no,HIGH_SCOPE_AND_SOURCE_REVIEW_REQUIRED,SAFE_FOR_REVIEW_ONLY,,
f2ad03e08db0ccb4,PET_01488,Petrópolis,sentinel_raster_path_only,data/sentinel/patch_petropolis_01488.tif,SENTINEL_TIF_ASSET,yes,.tif,157062,"97x96x6;dtype=float64,float64,float64,float64,float64,float64",EPSG:32723,"690100.0,7537920.0,691070.0,7538880.0",Petrópolis__sentinel_tif__patch_petropolis_01488,sentinel_local_asset,3698bbca5cebf5c1ac67cbdba3af54752699906096dd0333b3cc174f344517e3,patch_petropolis_01488.tif,TIF_HEADER_ONLY_OK,no,HIGH_SCOPE_AND_SOURCE_REVIEW_REQUIRED,SAFE_FOR_REVIEW_ONLY,,
d4cd1ba331568a0d,PET_01488,Petrópolis,multimodal_stack_path_only,patches/stacks/petropolis/patch_petropolis_01488.npy,MULTIMODAL_STACK_NPY,yes,.npy,163968,10x64x64,,,Petrópolis__stack_npy__patch_petropolis_01488,local_multimodal_stack,e30b77dd2cfb524fc7b56dbd459e5883746c1f3587104f142874de6d9a853c13,patch_petropolis_01488.npy,NPY_MMAP_HEADER_OK:float32,no,HIGH_SCOPE_AND_SOURCE_REVIEW_REQUIRED,SAFE_FOR_REVIEW_ONLY,,
d3d5ed24b1446e38,PET_01495,Petrópolis,sentinel_raster_path_only,data/sentinel/patch_petropolis_01495.tif,SENTINEL_TIF_ASSET,yes,.tif,157278,"96x96x6;dtype=float64,float64,float64,float64,float64,float64",EPSG:32723,"696590.0,7537840.0,697550.0,7538800.0",Petrópolis__sentinel_tif__patch_petropolis_01495,sentinel_local_asset,17df0bfd778657999c8eecaec63f2bd22f7e8195a8470f433d380c125c4bf0d8,patch_petropolis_01495.tif,TIF_HEADER_ONLY_OK,no,HIGH_SCOPE_AND_SOURCE_REVIEW_REQUIRED,SAFE_FOR_REVIEW_ONLY,,
58bb3c7c7bf6561d,PET_01495,Petrópolis,multimodal_stack_path_only,patches/stacks/petropolis/patch_petropolis_01495.npy,MULTIMODAL_STACK_NPY,yes,.npy,163968,10x64x64,,,Petrópolis__stack_npy__patch_petropolis_01495,local_multimodal_stack,4b99cc32d951cfb24752aa94c6c3ca2c7868179e032e639901a099bcda984b4b,patch_petropolis_01495.npy,NPY_MMAP_HEADER_OK:float32,no,HIGH_SCOPE_AND_SOURCE_REVIEW_REQUIRED,SAFE_FOR_REVIEW_ONLY,,
e07eacbc8a366650,REC_00019,Recife,sentinel_raster_path_only,data/sentinel/patch_recife_00019.tif,SENTINEL_TIF_ASSET,yes,.tif,167590,"103x101x6;dtype=float64,float64,float64,float64,float64,float64",EPSG:32725,"280830.0,9090040.0,281860.0,9091050.0",Recife__sentinel_tif__patch_recife_00019,sentinel_local_asset,edb27d26929fdd644875a8c86a882884c16c68b477f954fbd07a15d6edb0bd02,patch_recife_00019.tif,TIF_HEADER_ONLY_OK,no,HIGH_SCOPE_AND_SOURCE_REVIEW_REQUIRED,SAFE_FOR_REVIEW_ONLY,,
37c34f5a6f1e21e2,REC_00183,Recife,sentinel_raster_path_only,data/sentinel/patch_recife_00183.tif,SENTINEL_TIF_ASSET,yes,.tif,178659,"102x101x6;dtype=float64,float64,float64,float64,float64,float64",EPSG:32725,"283770.0,9096940.0,284790.0,9097950.0",Recife__sentinel_tif__patch_recife_00183,sentinel_local_asset,9627cd55e1eff92f7a08a36ff589431847829200f7d0502c53191403d0135c2e,patch_recife_00183.tif,TIF_HEADER_ONLY_OK,no,HIGH_SCOPE_AND_SOURCE_REVIEW_REQUIRED,SAFE_FOR_REVIEW_ONLY,,
f7d34b2045dd441d,REC_00204,Recife,sentinel_raster_path_only,data/sentinel/patch_recife_00204.tif,SENTINEL_TIF_ASSET,yes,.tif,180707,"103x102x6;dtype=float64,float64,float64,float64,float64,float64",EPSG:32725,"281780.0,9097910.0,282810.0,9098930.0",Recife__sentinel_tif__patch_recife_00204,sentinel_local_asset,07fbff35f5432f46c7abdc5b9f8401fb4546eec6a22914bed09b28944a5e205e,patch_recife_00204.tif,TIF_HEADER_ONLY_OK,no,HIGH_SCOPE_AND_SOURCE_REVIEW_REQUIRED,SAFE_FOR_REVIEW_ONLY,,
bc6e6d18b88e7293,REC_00205,Recife,sentinel_raster_path_only,data/sentinel/patch_recife_00205.tif,SENTINEL_TIF_ASSET,yes,.tif,181541,"103x102x6;dtype=float64,float64,float64,float64,float64,float64",EPSG:32725,"282770.0,9097910.0,283800.0,9098930.0",Recife__sentinel_tif__patch_recife_00205,sentinel_local_asset,473dc5643c0b8f6f2ff1bf1216c6f9ae580a874ed9c2ef51f569f3acbccac813,patch_recife_00205.tif,TIF_HEADER_ONLY_OK,no,HIGH_SCOPE_AND_SOURCE_REVIEW_REQUIRED,SAFE_FOR_REVIEW_ONLY,,
7e4673aa5e1b50e0,REC_00227,Recife,sentinel_raster_path_only,data/sentinel/patch_recife_00227.tif,SENTINEL_TIF_ASSET,yes,.tif,177803,"102x102x6;dtype=float64,float64,float64,float64,float64,float64",EPSG:32725,"281780.0,9098890.0,282800.0,9099910.0",Recife__sentinel_tif__patch_recife_00227,sentinel_local_asset,25bd055a2ee972ac539a82f0ab1c25253dd2d44ca547446d9cee7f5cada9f523,patch_recife_00227.tif,TIF_HEADER_ONLY_OK,no,HIGH_SCOPE_AND_SOURCE_REVIEW_REQUIRED,SAFE_FOR_REVIEW_ONLY,,
a7a9a0ba42013fd4,REC_00260,Recife,sentinel_raster_path_only,data/sentinel/patch_recife_00260.tif,SENTINEL_TIF_ASSET,yes,.tif,175932,"102x101x6;dtype=float64,float64,float64,float64,float64,float64",EPSG:32725,"268900.0,9100800.0,269920.0,9101810.0",Recife__sentinel_tif__patch_recife_00260,sentinel_local_asset,c86016118f93ce593f450b97ce6a14da4c985794e0c051859a46b585a0e70c2a,patch_recife_00260.tif,TIF_HEADER_ONLY_OK,no,HIGH_SCOPE_AND_SOURCE_REVIEW_REQUIRED,SAFE_FOR_REVIEW_ONLY,,
025caa85963a0770,REC_00276,Recife,sentinel_raster_path_only,data/sentinel/patch_recife_00276.tif,SENTINEL_TIF_ASSET,yes,.tif,174724,"102x102x6;dtype=float64,float64,float64,float64,float64,float64",EPSG:32725,"284740.0,9100870.0,285760.0,9101890.0",Recife__sentinel_tif__patch_recife_00276,sentinel_local_asset,0db34e789daaba08183d8076eb8407653da7d2718a653761ab0911142d834fdd,patch_recife_00276.tif,TIF_HEADER_ONLY_OK,no,HIGH_SCOPE_AND_SOURCE_REVIEW_REQUIRED,SAFE_FOR_REVIEW_ONLY,,
5b00df799cfcdb0b,REC_00279,Recife,sentinel_raster_path_only,data/sentinel/patch_recife_00279.tif,SENTINEL_TIF_ASSET,yes,.tif,172492,"103x102x6;dtype=float64,float64,float64,float64,float64,float64",EPSG:32725,"264930.0,9101760.0,265960.0,9102780.0",Recife__sentinel_tif__patch_recife_00279,sentinel_local_asset,5f64c7e6e996e51e28495c0eb742f6d3a61db7ff93b831e93abae9d9d386f930,patch_recife_00279.tif,TIF_HEADER_ONLY_OK,no,HIGH_SCOPE_AND_SOURCE_REVIEW_REQUIRED,SAFE_FOR_REVIEW_ONLY,,
4df01ab3609f3bea,REC_00289,Recife,sentinel_raster_path_only,data/sentinel/patch_recife_00289.tif,SENTINEL_TIF_ASSET,yes,.tif,176478,"103x102x6;dtype=float64,float64,float64,float64,float64,float64",EPSG:32725,"274830.0,9101810.0,275860.0,9102830.0",Recife__sentinel_tif__patch_recife_00289,sentinel_local_asset,6c2f2fdc70500026aec6858dc284fe4348975e9095f5d053b90bce0d3a321296,patch_recife_00289.tif,TIF_HEADER_ONLY_OK,no,HIGH_SCOPE_AND_SOURCE_REVIEW_REQUIRED,SAFE_FOR_REVIEW_ONLY,,
e98c2a534409dc27,REC_00289,Recife,multimodal_stack_path_only,patches/stacks/recife/patch_recife_00289.npy,MULTIMODAL_STACK_NPY,yes,.npy,163968,10x64x64,,,Recife__stack_npy__patch_recife_00289,local_multimodal_stack,d1e743748684dae32b85fbf436d6b00f2e937728dfc978ec66bcfd47a7033c16,patch_recife_00289.npy,NPY_MMAP_HEADER_OK:float32,no,HIGH_SCOPE_AND_SOURCE_REVIEW_REQUIRED,SAFE_FOR_REVIEW_ONLY,,
96d7799feeeed728,REC_00290,Recife,sentinel_raster_path_only,data/sentinel/patch_recife_00290.tif,SENTINEL_TIF_ASSET,yes,.tif,181090,"103x102x6;dtype=float64,float64,float64,float64,float64,float64",EPSG:32725,"275820.0,9101810.0,276850.0,9102830.0",Recife__sentinel_tif__patch_recife_00290,sentinel_local_asset,5a9d0397b6e6f7355beedcd70df2852217c27b01e29a73ab3fc88cd2f4043cec,patch_recife_00290.tif,TIF_HEADER_ONLY_OK,no,HIGH_SCOPE_AND_SOURCE_REVIEW_REQUIRED,SAFE_FOR_REVIEW_ONLY,,
e07439dd6ca21f1a,REC_00291,Recife,sentinel_raster_path_only,data/sentinel/patch_recife_00291.tif,SENTINEL_TIF_ASSET,yes,.tif,175768,"103x102x6;dtype=float64,float64,float64,float64,float64,float64",EPSG:32725,"276810.0,9101820.0,277840.0,9102840.0",Recife__sentinel_tif__patch_recife_00291,sentinel_local_asset,9b6c1fc73bb72b1990c510dbae78b3dcb461ed097b874caa80813f3bea91d77f,patch_recife_00291.tif,TIF_HEADER_ONLY_OK,no,HIGH_SCOPE_AND_SOURCE_REVIEW_REQUIRED,SAFE_FOR_REVIEW_ONLY,,
4533208693183fd6,REC_00292,Recife,sentinel_raster_path_only,data/sentinel/patch_recife_00292.tif,SENTINEL_TIF_ASSET,yes,.tif,181099,"103x102x6;dtype=float64,float64,float64,float64,float64,float64",EPSG:32725,"277800.0,9101820.0,278830.0,9102840.0",Recife__sentinel_tif__patch_recife_00292,sentinel_local_asset,e9bf95ff92e486e544e40dbd6582e8022b6ae7292b629a162be5a5e46c1e9cf2,patch_recife_00292.tif,TIF_HEADER_ONLY_OK,no,HIGH_SCOPE_AND_SOURCE_REVIEW_REQUIRED,SAFE_FOR_REVIEW_ONLY,,
d04f3b60f00dfa1f,REC_00294,Recife,sentinel_raster_path_only,data/sentinel/patch_recife_00294.tif,SENTINEL_TIF_ASSET,yes,.tif,180531,"103x102x6;dtype=float64,float64,float64,float64,float64,float64",EPSG:32725,"279780.0,9101830.0,280810.0,9102850.0",Recife__sentinel_tif__patch_recife_00294,sentinel_local_asset,586d2229a72af97faee5936da28ba13ba670e649d7670fc5c0aa2ee754b65370,patch_recife_00294.tif,TIF_HEADER_ONLY_OK,no,HIGH_SCOPE_AND_SOURCE_REVIEW_REQUIRED,SAFE_FOR_REVIEW_ONLY,,
ef25187838e6b508,REC_00296,Recife,sentinel_raster_path_only,data/sentinel/patch_recife_00296.tif,SENTINEL_TIF_ASSET,yes,.tif,176340,"103x102x6;dtype=float64,float64,float64,float64,float64,float64",EPSG:32725,"281760.0,9101840.0,282790.0,9102860.0",Recife__sentinel_tif__patch_recife_00296,sentinel_local_asset,8f2ab684824017ffc867b5d0d3ed8f37bc8036bca87bdf99619d9247b23941fa,patch_recife_00296.tif,TIF_HEADER_ONLY_OK,no,HIGH_SCOPE_AND_SOURCE_REVIEW_REQUIRED,SAFE_FOR_REVIEW_ONLY,,
71294b6a2a591acf,REC_00299,Recife,sentinel_raster_path_only,data/sentinel/patch_recife_00299.tif,SENTINEL_TIF_ASSET,yes,.tif,172993,"102x102x6;dtype=float64,float64,float64,float64,float64,float64",EPSG:32725,"284740.0,9101860.0,285760.0,9102880.0",Recife__sentinel_tif__patch_recife_00299,sentinel_local_asset,7a99deec832d88ee8db72d2566c6dde5e2c6e5126820ec3c04149ea9547e9d52,patch_recife_00299.tif,TIF_HEADER_ONLY_OK,no,HIGH_SCOPE_AND_SOURCE_REVIEW_REQUIRED,SAFE_FOR_REVIEW_ONLY,,
529562b8928a0c77,REC_00302,Recife,sentinel_raster_path_only,data/sentinel/patch_recife_00302.tif,SENTINEL_TIF_ASSET,yes,.tif,176021,"103x102x6;dtype=float64,float64,float64,float64,float64,float64",EPSG:32725,"264920.0,9102740.0,265950.0,9103760.0",Recife__sentinel_tif__patch_recife_00302,sentinel_local_asset,7a5686c02807ffc5e0e73ee035bb7595fd43c1df74b469ed09d36b0c40a75eb0,patch_recife_00302.tif,TIF_HEADER_ONLY_OK,no,HIGH_SCOPE_AND_SOURCE_REVIEW_REQUIRED,SAFE_FOR_REVIEW_ONLY,,
90a8891c5876e143,REC_00313,Recife,sentinel_raster_path_only,data/sentinel/patch_recife_00313.tif,SENTINEL_TIF_ASSET,yes,.tif,172897,"102x102x6;dtype=float64,float64,float64,float64,float64,float64",EPSG:32725,"275820.0,9102800.0,276840.0,9103820.0",Recife__sentinel_tif__patch_recife_00313,sentinel_local_asset,4303598b8c3dbf7011790b3b3a2977451f0d8478aaab12f99ee61fa1e32c83ed,patch_recife_00313.tif,TIF_HEADER_ONLY_OK,no,HIGH_SCOPE_AND_SOURCE_REVIEW_REQUIRED,SAFE_FOR_REVIEW_ONLY,,
dde62e484b858d75,REC_00314,Recife,sentinel_raster_path_only,data/sentinel/patch_recife_00314.tif,SENTINEL_TIF_ASSET,yes,.tif,172751,"102x102x6;dtype=float64,float64,float64,float64,float64,float64",EPSG:32725,"276810.0,9102800.0,277830.0,9103820.0",Recife__sentinel_tif__patch_recife_00314,sentinel_local_asset,decf7de05049da7b82f74253c86a9ed5105de083875c910f0256a26ebecfdc3a,patch_recife_00314.tif,TIF_HEADER_ONLY_OK,no,HIGH_SCOPE_AND_SOURCE_REVIEW_REQUIRED,SAFE_FOR_REVIEW_ONLY,,
915fb2786ece3538,REC_00354,Recife,sentinel_raster_path_only,data/sentinel/patch_recife_00354.tif,SENTINEL_TIF_ASSET,yes,.tif,170930,"102x102x6;dtype=float64,float64,float64,float64,float64,float64",EPSG:32725,"270860.0,9104740.0,271880.0,9105760.0",Recife__sentinel_tif__patch_recife_00354,sentinel_local_asset,8fec202c09ebd7ed8b231e525bb613afa718a1795c3eb66c736066b253185b14,patch_recife_00354.tif,TIF_HEADER_ONLY_OK,no,HIGH_SCOPE_AND_SOURCE_REVIEW_REQUIRED,SAFE_FOR_REVIEW_ONLY,,
67bb88f906913200,REC_00355,Recife,sentinel_raster_path_only,data/sentinel/patch_recife_00355.tif,SENTINEL_TIF_ASSET,yes,.tif,165661,"102x101x6;dtype=float64,float64,float64,float64,float64,float64",EPSG:32725,"271850.0,9104750.0,272870.0,9105760.0",Recife__sentinel_tif__patch_recife_00355,sentinel_local_asset,3f83ff82d73fcabaeb5984665e954a9db348886b1c66f23ae9f0623a4152ded5,patch_recife_00355.tif,TIF_HEADER_ONLY_OK,no,HIGH_SCOPE_AND_SOURCE_REVIEW_REQUIRED,SAFE_FOR_REVIEW_ONLY,,
5ba50ec9a949eb00,REC_00364,Recife,sentinel_raster_path_only,data/sentinel/patch_recife_00364.tif,SENTINEL_TIF_ASSET,yes,.tif,173512,"102x102x6;dtype=float64,float64,float64,float64,float64,float64",EPSG:32725,"280760.0,9104790.0,281780.0,9105810.0",Recife__sentinel_tif__patch_recife_00364,sentinel_local_asset,aa58278dfa2c604a6d6666f51bf47e202637ce4b052ffce2baa42a5c318d15ff,patch_recife_00364.tif,TIF_HEADER_ONLY_OK,no,HIGH_SCOPE_AND_SOURCE_REVIEW_REQUIRED,SAFE_FOR_REVIEW_ONLY,,
e52c3555a905d99c,REC_00388,Recife,sentinel_raster_path_only,data/sentinel/patch_recife_00388.tif,SENTINEL_TIF_ASSET,yes,.tif,178052,"102x102x6;dtype=float64,float64,float64,float64,float64,float64",EPSG:32725,"281750.0,9105780.0,282770.0,9106800.0",Recife__sentinel_tif__patch_recife_00388,sentinel_local_asset,f450be891a40ca5d42434db5aad93e76aabc66bb1e18f55eae92dc594cc73db4,patch_recife_00388.tif,TIF_HEADER_ONLY_OK,no,HIGH_SCOPE_AND_SOURCE_REVIEW_REQUIRED,SAFE_FOR_REVIEW_ONLY,,
41a529bc87c11fdc,REC_00458,Recife,sentinel_raster_path_only,data/sentinel/patch_recife_00458.tif,SENTINEL_TIF_ASSET,yes,.tif,172865,"103x101x6;dtype=float64,float64,float64,float64,float64,float64",EPSG:32725,"282720.0,9108740.0,283750.0,9109750.0",Recife__sentinel_tif__patch_recife_00458,sentinel_local_asset,a77e39ba883e3514a4f6cb0d2b3d6e4e9c24106bf748f794226e930bb4dd1165,patch_recife_00458.tif,TIF_HEADER_ONLY_OK,no,HIGH_SCOPE_AND_SOURCE_REVIEW_REQUIRED,SAFE_FOR_REVIEW_ONLY,,
fdb61fdcfde4bc2e,REC_00460,Recife,sentinel_raster_path_only,data/sentinel/patch_recife_00460.tif,SENTINEL_TIF_ASSET,yes,.tif,171604,"103x101x6;dtype=float64,float64,float64,float64,float64,float64",EPSG:32725,"284700.0,9108750.0,285730.0,9109760.0",Recife__sentinel_tif__patch_recife_00460,sentinel_local_asset,a0633d16f0d3b42df7c3a2f952233840bae70e2a2fba2d26cdd7433cae0ef3b3,patch_recife_00460.tif,TIF_HEADER_ONLY_OK,no,HIGH_SCOPE_AND_SOURCE_REVIEW_REQUIRED,SAFE_FOR_REVIEW_ONLY,,
a79efe7351aa4752,REC_00481,Recife,sentinel_raster_path_only,data/sentinel/patch_recife_00481.tif,SENTINEL_TIF_ASSET,yes,.tif,165492,"102x102x6;dtype=float64,float64,float64,float64,float64,float64",EPSG:32725,"282720.0,9109720.0,283740.0,9110740.0",Recife__sentinel_tif__patch_recife_00481,sentinel_local_asset,c3247ef3dadce7fcf69ee5f5aa3657230b350ea78ffcbe206a452cdd72f3514d,patch_recife_00481.tif,TIF_HEADER_ONLY_OK,no,HIGH_SCOPE_AND_SOURCE_REVIEW_REQUIRED,SAFE_FOR_REVIEW_ONLY,,
c03d1988bd9bb68e,REC_00482,Recife,sentinel_raster_path_only,data/sentinel/patch_recife_00482.tif,SENTINEL_TIF_ASSET,yes,.tif,178088,"102x102x6;dtype=float64,float64,float64,float64,float64,float64",EPSG:32725,"283710.0,9109720.0,284730.0,9110740.0",Recife__sentinel_tif__patch_recife_00482,sentinel_local_asset,171cf4ee85c8dd31304725374e8cc6827d79baf371ca704a9877bb32d1c3ac7e,patch_recife_00482.tif,TIF_HEADER_ONLY_OK,no,HIGH_SCOPE_AND_SOURCE_REVIEW_REQUIRED,SAFE_FOR_REVIEW_ONLY,,
90d4c51a5b642169,REC_00483,Recife,sentinel_raster_path_only,data/sentinel/patch_recife_00483.tif,SENTINEL_TIF_ASSET,yes,.tif,176445,"102x102x6;dtype=float64,float64,float64,float64,float64,float64",EPSG:32725,"284700.0,9109730.0,285720.0,9110750.0",Recife__sentinel_tif__patch_recife_00483,sentinel_local_asset,cf3970f85b6090652272da11021a2a1884bd02736a2e89d54164c46bc8a82561,patch_recife_00483.tif,TIF_HEADER_ONLY_OK,no,HIGH_SCOPE_AND_SOURCE_REVIEW_REQUIRED,SAFE_FOR_REVIEW_ONLY,,
afbd733bbdabee02,REC_00501,Recife,sentinel_raster_path_only,data/sentinel/patch_recife_00501.tif,SENTINEL_TIF_ASSET,yes,.tif,181932,"103x102x6;dtype=float64,float64,float64,float64,float64,float64",EPSG:32725,"279740.0,9110690.0,280770.0,9111710.0",Recife__sentinel_tif__patch_recife_00501,sentinel_local_asset,8815500a824ddbdf6353c88b63bf905b8aa2ff17b3dbf599a6ca59bf9f383ca7,patch_recife_00501.tif,TIF_HEADER_ONLY_OK,no,HIGH_SCOPE_AND_SOURCE_REVIEW_REQUIRED,SAFE_FOR_REVIEW_ONLY,,
68c3546f05cc023c,REC_00502,Recife,sentinel_raster_path_only,data/sentinel/patch_recife_00502.tif,SENTINEL_TIF_ASSET,yes,.tif,181013,"103x102x6;dtype=float64,float64,float64,float64,float64,float64",EPSG:32725,"280730.0,9110690.0,281760.0,9111710.0",Recife__sentinel_tif__patch_recife_00502,sentinel_local_asset,5f7a01f2d136e03a447fc464f2538b6985024f92e2ea087603c797fcdff83b28,patch_recife_00502.tif,TIF_HEADER_ONLY_OK,no,HIGH_SCOPE_AND_SOURCE_REVIEW_REQUIRED,SAFE_FOR_REVIEW_ONLY,,
59f4370d80a27e1d,REC_00503,Recife,sentinel_raster_path_only,data/sentinel/patch_recife_00503.tif,SENTINEL_TIF_ASSET,yes,.tif,176757,"103x102x6;dtype=float64,float64,float64,float64,float64,float64",EPSG:32725,"281720.0,9110700.0,282750.0,9111720.0",Recife__sentinel_tif__patch_recife_00503,sentinel_local_asset,301d492c741bbf6010f519a379243c01ecc82b6f1dc70cc31cf82a93707fd1ad,patch_recife_00503.tif,TIF_HEADER_ONLY_OK,no,HIGH_SCOPE_AND_SOURCE_REVIEW_REQUIRED,SAFE_FOR_REVIEW_ONLY,,
d2283f0776744467,REC_00505,Recife,sentinel_raster_path_only,data/sentinel/patch_recife_00505.tif,SENTINEL_TIF_ASSET,yes,.tif,176311,"103x102x6;dtype=float64,float64,float64,float64,float64,float64",EPSG:32725,"283700.0,9110710.0,284730.0,9111730.0",Recife__sentinel_tif__patch_recife_00505,sentinel_local_asset,ad7564f5917ed1ab55973ebb71d91187188cc26ee21ad26b9d5a942bf787fe93,patch_recife_00505.tif,TIF_HEADER_ONLY_OK,no,HIGH_SCOPE_AND_SOURCE_REVIEW_REQUIRED,SAFE_FOR_REVIEW_ONLY,,
e0d7e9d725b97524,REC_00506,Recife,sentinel_raster_path_only,data/sentinel/patch_recife_00506.tif,SENTINEL_TIF_ASSET,yes,.tif,180783,"103x102x6;dtype=float64,float64,float64,float64,float64,float64",EPSG:32725,"284690.0,9110710.0,285720.0,9111730.0",Recife__sentinel_tif__patch_recife_00506,sentinel_local_asset,df8e8d28d98f39c7e10ac9c7c0d23f4f88e9e46722fbfd13d47fad22c69f4224,patch_recife_00506.tif,TIF_HEADER_ONLY_OK,no,HIGH_SCOPE_AND_SOURCE_REVIEW_REQUIRED,SAFE_FOR_REVIEW_ONLY,,
7b3eb11def97a0c1,REC_00525,Recife,sentinel_raster_path_only,data/sentinel/patch_recife_00525.tif,SENTINEL_TIF_ASSET,yes,.tif,176481,"102x102x6;dtype=float64,float64,float64,float64,float64,float64",EPSG:32725,"280730.0,9111680.0,281750.0,9112700.0",Recife__sentinel_tif__patch_recife_00525,sentinel_local_asset,ef009f898b2313ca3a27fd3c155202d29754135d9d8b55ba0c71691ccdf08ace,patch_recife_00525.tif,TIF_HEADER_ONLY_OK,no,HIGH_SCOPE_AND_SOURCE_REVIEW_REQUIRED,SAFE_FOR_REVIEW_ONLY,,
dc6523c4350741c4,REC_00526,Recife,sentinel_raster_path_only,data/sentinel/patch_recife_00526.tif,SENTINEL_TIF_ASSET,yes,.tif,178593,"102x102x6;dtype=float64,float64,float64,float64,float64,float64",EPSG:32725,"281720.0,9111680.0,282740.0,9112700.0",Recife__sentinel_tif__patch_recife_00526,sentinel_local_asset,71b757aafaa3d035778f480f0e5d3080f68540a0be35a2758ee976d10d687805,patch_recife_00526.tif,TIF_HEADER_ONLY_OK,no,HIGH_SCOPE_AND_SOURCE_REVIEW_REQUIRED,SAFE_FOR_REVIEW_ONLY,,
3ddcf1ea1e54b391,REC_00529,Recife,sentinel_raster_path_only,data/sentinel/patch_recife_00529.tif,SENTINEL_TIF_ASSET,yes,.tif,176457,"102x102x6;dtype=float64,float64,float64,float64,float64,float64",EPSG:32725,"284690.0,9111700.0,285710.0,9112720.0",Recife__sentinel_tif__patch_recife_00529,sentinel_local_asset,95be3c88557d9cfc4f55f33e567985bef134656ee079201ef0ed972c8435280a,patch_recife_00529.tif,TIF_HEADER_ONLY_OK,no,HIGH_SCOPE_AND_SOURCE_REVIEW_REQUIRED,SAFE_FOR_REVIEW_ONLY,,
8f32b58bbce97cd4,REC_00548,Recife,sentinel_raster_path_only,data/sentinel/patch_recife_00548.tif,SENTINEL_TIF_ASSET,yes,.tif,176448,"103x102x6;dtype=float64,float64,float64,float64,float64,float64",EPSG:32725,"280720.0,9112660.0,281750.0,9113680.0",Recife__sentinel_tif__patch_recife_00548,sentinel_local_asset,d0c5197271a6408fc7e65c09148e09641d1e6f20744ff167e873d340bb314a59,patch_recife_00548.tif,TIF_HEADER_ONLY_OK,no,HIGH_SCOPE_AND_SOURCE_REVIEW_REQUIRED,SAFE_FOR_REVIEW_ONLY,,
4425022e71699b1d,REC_00550,Recife,sentinel_raster_path_only,data/sentinel/patch_recife_00550.tif,SENTINEL_TIF_ASSET,yes,.tif,177209,"103x102x6;dtype=float64,float64,float64,float64,float64,float64",EPSG:32725,"282700.0,9112670.0,283730.0,9113690.0",Recife__sentinel_tif__patch_recife_00550,sentinel_local_asset,d2ae8bc141dec0742e4b8ab5b8ee4dc6fc26bcbf27ec69de0b573407ede38fdd,patch_recife_00550.tif,TIF_HEADER_ONLY_OK,no,HIGH_SCOPE_AND_SOURCE_REVIEW_REQUIRED,SAFE_FOR_REVIEW_ONLY,,
