asset_id,candidate_id,region,modality,asset_path,exists,size_bytes,shape_or_dimensions,crs_if_header_available,split_group,duplicate_flag,leakage_flag,readiness_status,allowed_next_step,blocking_reason,notes
92505e20b69dd028,CUR_00038,Curitiba,sentinel_raster_path_only,data/sentinel/patch_curitiba_00038.tif,yes,154791,"95x94x6;dtype=float64,float64,float64,float64,float64,float64",EPSG:32722,Curitiba__sentinel_tif__patch_curitiba_00038,,HIGH_SCOPE_AND_SOURCE_REVIEW_REQUIRED,EMBEDDING_REVIEW_ONLY_READY,future_embedding_extraction_after_reviewer_approval,,"TIF_HEADER_ONLY_OK; bounds=661730.0,7168160.0,662680.0,7169100.0"
78ebfa1f1228e4da,CUR_00038,Curitiba,multimodal_stack_path_only,patches/stacks/curitiba/patch_curitiba_00038.npy,yes,163968,10x64x64,,Curitiba__stack_npy__patch_curitiba_00038,,HIGH_SCOPE_AND_SOURCE_REVIEW_REQUIRED,EMBEDDING_REVIEW_ONLY_READY,future_embedding_extraction_after_reviewer_approval,,NPY_MMAP_HEADER_OK:float32
a876d490e5812896,CUR_00249,Curitiba,sentinel_raster_path_only,data/sentinel/patch_curitiba_00249.tif,yes,154455,"95x94x6;dtype=float64,float64,float64,float64,float64,float64",EPSG:32722,Curitiba__sentinel_tif__patch_curitiba_00249,,HIGH_SCOPE_AND_SOURCE_REVIEW_REQUIRED,EMBEDDING_REVIEW_ONLY_READY,future_embedding_extraction_after_reviewer_approval,,"TIF_HEADER_ONLY_OK; bounds=662700.0,7173540.0,663650.0,7174480.0"
14e1776a573b9218,CUR_00249,Curitiba,multimodal_stack_path_only,patches/stacks/curitiba/patch_curitiba_00249.npy,yes,163968,10x64x64,,Curitiba__stack_npy__patch_curitiba_00249,,HIGH_SCOPE_AND_SOURCE_REVIEW_REQUIRED,EMBEDDING_REVIEW_ONLY_READY,future_embedding_extraction_after_reviewer_approval,,NPY_MMAP_HEADER_OK:float32
c61f82fb1021cbfb,CUR_00350,Curitiba,sentinel_raster_path_only,data/sentinel/patch_curitiba_00350.tif,yes,153638,"95x94x6;dtype=float64,float64,float64,float64,float64,float64",EPSG:32722,Curitiba__sentinel_tif__patch_curitiba_00350,,HIGH_SCOPE_AND_SOURCE_REVIEW_REQUIRED,EMBEDDING_REVIEW_ONLY_READY,future_embedding_extraction_after_reviewer_approval,,"TIF_HEADER_ONLY_OK; bounds=690710.0,7174960.0,691660.0,7175900.0"
af48473f60ec09eb,CUR_00350,Curitiba,multimodal_stack_path_only,patches/stacks/curitiba/patch_curitiba_00350.npy,yes,163968,10x64x64,,Curitiba__stack_npy__patch_curitiba_00350,,HIGH_SCOPE_AND_SOURCE_REVIEW_REQUIRED,EMBEDDING_REVIEW_ONLY_READY,future_embedding_extraction_after_reviewer_approval,,NPY_MMAP_HEADER_OK:float32
31f6daa6af24b8c6,CUR_00357,Curitiba,sentinel_raster_path_only,data/sentinel/patch_curitiba_00357.tif,yes,154209,"95x94x6;dtype=float64,float64,float64,float64,float64,float64",EPSG:32722,Curitiba__sentinel_tif__patch_curitiba_00357,,HIGH_SCOPE_AND_SOURCE_REVIEW_REQUIRED,EMBEDDING_REVIEW_ONLY_READY,future_embedding_extraction_after_reviewer_approval,,"TIF_HEADER_ONLY_OK; bounds=665440.0,7176200.0,666390.0,7177140.0"
14e712c37e980cb4,CUR_00357,Curitiba,multimodal_stack_path_only,patches/stacks/curitiba/patch_curitiba_00357.npy,yes,163968,10x64x64,,Curitiba__stack_npy__patch_curitiba_00357,,HIGH_SCOPE_AND_SOURCE_REVIEW_REQUIRED,EMBEDDING_REVIEW_ONLY_READY,future_embedding_extraction_after_reviewer_approval,,NPY_MMAP_HEADER_OK:float32
f3fa8cabe2db7f58,CUR_00367,Curitiba,sentinel_raster_path_only,data/sentinel/patch_curitiba_00367.tif,yes,154917,"95x94x6;dtype=float64,float64,float64,float64,float64,float64",EPSG:32722,Curitiba__sentinel_tif__patch_curitiba_00367,,HIGH_SCOPE_AND_SOURCE_REVIEW_REQUIRED,EMBEDDING_REVIEW_ONLY_READY,future_embedding_extraction_after_reviewer_approval,,"TIF_HEADER_ONLY_OK; bounds=674470.0,7176080.0,675420.0,7177020.0"
0fcaac5c13de820c,CUR_00367,Curitiba,multimodal_stack_path_only,patches/stacks/curitiba/patch_curitiba_00367.npy,yes,163968,10x64x64,,Curitiba__stack_npy__patch_curitiba_00367,,HIGH_SCOPE_AND_SOURCE_REVIEW_REQUIRED,EMBEDDING_REVIEW_ONLY_READY,future_embedding_extraction_after_reviewer_approval,,NPY_MMAP_HEADER_OK:float32
72334dc260eeeaf5,CUR_00402,Curitiba,sentinel_raster_path_only,data/sentinel/patch_curitiba_00402.tif,yes,151211,"95x94x6;dtype=float64,float64,float64,float64,float64,float64",EPSG:32722,Curitiba__sentinel_tif__patch_curitiba_00402,,HIGH_SCOPE_AND_SOURCE_REVIEW_REQUIRED,EMBEDDING_REVIEW_ONLY_READY,future_embedding_extraction_after_reviewer_approval,,"TIF_HEADER_ONLY_OK; bounds=674480.0,7176980.0,675430.0,7177920.0"
549d07e61bf3be0c,CUR_00402,Curitiba,multimodal_stack_path_only,patches/stacks/curitiba/patch_curitiba_00402.npy,yes,163968,10x64x64,,Curitiba__stack_npy__patch_curitiba_00402,,HIGH_SCOPE_AND_SOURCE_REVIEW_REQUIRED,EMBEDDING_REVIEW_ONLY_READY,future_embedding_extraction_after_reviewer_approval,,NPY_MMAP_HEADER_OK:float32
b64b02ca9c474f84,CUR_00409,Curitiba,sentinel_raster_path_only,data/sentinel/patch_curitiba_00409.tif,yes,151065,"94x94x6;dtype=float64,float64,float64,float64,float64,float64",EPSG:32722,Curitiba__sentinel_tif__patch_curitiba_00409,,HIGH_SCOPE_AND_SOURCE_REVIEW_REQUIRED,EMBEDDING_REVIEW_ONLY_READY,future_embedding_extraction_after_reviewer_approval,,"TIF_HEADER_ONLY_OK; bounds=680810.0,7176900.0,681750.0,7177840.0"
0acff52e6b97035c,CUR_00409,Curitiba,multimodal_stack_path_only,patches/stacks/curitiba/patch_curitiba_00409.npy,yes,163968,10x64x64,,Curitiba__stack_npy__patch_curitiba_00409,,HIGH_SCOPE_AND_SOURCE_REVIEW_REQUIRED,EMBEDDING_REVIEW_ONLY_READY,future_embedding_extraction_after_reviewer_approval,,NPY_MMAP_HEADER_OK:float32
3d3ea9ef96771937,CUR_00410,Curitiba,sentinel_raster_path_only,data/sentinel/patch_curitiba_00410.tif,yes,151818,"94x94x6;dtype=float64,float64,float64,float64,float64,float64",EPSG:32722,Curitiba__sentinel_tif__patch_curitiba_00410,,HIGH_SCOPE_AND_SOURCE_REVIEW_REQUIRED,EMBEDDING_REVIEW_ONLY_READY,future_embedding_extraction_after_reviewer_approval,,"TIF_HEADER_ONLY_OK; bounds=681710.0,7176880.0,682650.0,7177820.0"
38e9ad53dbf0ecd6,CUR_00410,Curitiba,multimodal_stack_path_only,patches/stacks/curitiba/patch_curitiba_00410.npy,yes,163968,10x64x64,,Curitiba__stack_npy__patch_curitiba_00410,,HIGH_SCOPE_AND_SOURCE_REVIEW_REQUIRED,EMBEDDING_REVIEW_ONLY_READY,future_embedding_extraction_after_reviewer_approval,,NPY_MMAP_HEADER_OK:float32
dd1f4a04bb7cb6ed,CUR_00413,Curitiba,sentinel_raster_path_only,data/sentinel/patch_curitiba_00413.tif,yes,151563,"94x94x6;dtype=float64,float64,float64,float64,float64,float64",EPSG:32722,Curitiba__sentinel_tif__patch_curitiba_00413,,HIGH_SCOPE_AND_SOURCE_REVIEW_REQUIRED,EMBEDDING_REVIEW_ONLY_READY,future_embedding_extraction_after_reviewer_approval,,"TIF_HEADER_ONLY_OK; bounds=684420.0,7176850.0,685360.0,7177790.0"
68558b05d9af873d,CUR_00413,Curitiba,multimodal_stack_path_only,patches/stacks/curitiba/patch_curitiba_00413.npy,yes,163968,10x64x64,,Curitiba__stack_npy__patch_curitiba_00413,,HIGH_SCOPE_AND_SOURCE_REVIEW_REQUIRED,EMBEDDING_REVIEW_ONLY_READY,future_embedding_extraction_after_reviewer_approval,,NPY_MMAP_HEADER_OK:float32
1bc68ee41a5b4b8a,CUR_00416,Curitiba,sentinel_raster_path_only,data/sentinel/patch_curitiba_00416.tif,yes,153074,"94x94x6;dtype=float64,float64,float64,float64,float64,float64",EPSG:32722,Curitiba__sentinel_tif__patch_curitiba_00416,,HIGH_SCOPE_AND_SOURCE_REVIEW_REQUIRED,EMBEDDING_REVIEW_ONLY_READY,future_embedding_extraction_after_reviewer_approval,,"TIF_HEADER_ONLY_OK; bounds=687130.0,7176810.0,688070.0,7177750.0"
d948c77ce82d0546,CUR_00416,Curitiba,multimodal_stack_path_only,patches/stacks/curitiba/patch_curitiba_00416.npy,yes,163968,10x64x64,,Curitiba__stack_npy__patch_curitiba_00416,,HIGH_SCOPE_AND_SOURCE_REVIEW_REQUIRED,EMBEDDING_REVIEW_ONLY_READY,future_embedding_extraction_after_reviewer_approval,,NPY_MMAP_HEADER_OK:float32
3ba34881513bc02a,CUR_00445,Curitiba,sentinel_raster_path_only,data/sentinel/patch_curitiba_00445.tif,yes,155139,"95x94x6;dtype=float64,float64,float64,float64,float64,float64",EPSG:32722,Curitiba__sentinel_tif__patch_curitiba_00445,,HIGH_SCOPE_AND_SOURCE_REVIEW_REQUIRED,EMBEDDING_REVIEW_ONLY_READY,future_embedding_extraction_after_reviewer_approval,,"TIF_HEADER_ONLY_OK; bounds=681720.0,7177780.0,682670.0,7178720.0"
88e060a7442e37a3,CUR_00445,Curitiba,multimodal_stack_path_only,patches/stacks/curitiba/patch_curitiba_00445.npy,yes,163968,10x64x64,,Curitiba__stack_npy__patch_curitiba_00445,,HIGH_SCOPE_AND_SOURCE_REVIEW_REQUIRED,EMBEDDING_REVIEW_ONLY_READY,future_embedding_extraction_after_reviewer_approval,,NPY_MMAP_HEADER_OK:float32
ed1dff06f1f7dcca,CUR_00446,Curitiba,sentinel_raster_path_only,data/sentinel/patch_curitiba_00446.tif,yes,152264,"95x94x6;dtype=float64,float64,float64,float64,float64,float64",EPSG:32722,Curitiba__sentinel_tif__patch_curitiba_00446,,HIGH_SCOPE_AND_SOURCE_REVIEW_REQUIRED,EMBEDDING_REVIEW_ONLY_READY,future_embedding_extraction_after_reviewer_approval,,"TIF_HEADER_ONLY_OK; bounds=682620.0,7177770.0,683570.0,7178710.0"
ef40edbc2e5a0a83,CUR_00446,Curitiba,multimodal_stack_path_only,patches/stacks/curitiba/patch_curitiba_00446.npy,yes,163968,10x64x64,,Curitiba__stack_npy__patch_curitiba_00446,,HIGH_SCOPE_AND_SOURCE_REVIEW_REQUIRED,EMBEDDING_REVIEW_ONLY_READY,future_embedding_extraction_after_reviewer_approval,,NPY_MMAP_HEADER_OK:float32
fe8dc079d3e03c27,CUR_00597,Curitiba,sentinel_raster_path_only,data/sentinel/patch_curitiba_00597.tif,yes,152019,"94x94x6;dtype=float64,float64,float64,float64,float64,float64",EPSG:32722,Curitiba__sentinel_tif__patch_curitiba_00597,,HIGH_SCOPE_AND_SOURCE_REVIEW_REQUIRED,EMBEDDING_REVIEW_ONLY_READY,future_embedding_extraction_after_reviewer_approval,,"TIF_HEADER_ONLY_OK; bounds=661010.0,7182540.0,661950.0,7183480.0"
fa025893e5c1b0b4,CUR_00597,Curitiba,multimodal_stack_path_only,patches/stacks/curitiba/patch_curitiba_00597.npy,yes,163968,10x64x64,,Curitiba__stack_npy__patch_curitiba_00597,,HIGH_SCOPE_AND_SOURCE_REVIEW_REQUIRED,EMBEDDING_REVIEW_ONLY_READY,future_embedding_extraction_after_reviewer_approval,,NPY_MMAP_HEADER_OK:float32
b77321a8607fee0c,CUR_00661,Curitiba,sentinel_raster_path_only,data/sentinel/patch_curitiba_00661.tif,yes,152228,"95x94x6;dtype=float64,float64,float64,float64,float64,float64",EPSG:32722,Curitiba__sentinel_tif__patch_curitiba_00661,,HIGH_SCOPE_AND_SOURCE_REVIEW_REQUIRED,EMBEDDING_REVIEW_ONLY_READY,future_embedding_extraction_after_reviewer_approval,,"TIF_HEADER_ONLY_OK; bounds=687210.0,7183100.0,688160.0,7184040.0"
b6c8296def0a9833,CUR_00661,Curitiba,multimodal_stack_path_only,patches/stacks/curitiba/patch_curitiba_00661.npy,yes,163968,10x64x64,,Curitiba__stack_npy__patch_curitiba_00661,,HIGH_SCOPE_AND_SOURCE_REVIEW_REQUIRED,EMBEDDING_REVIEW_ONLY_READY,future_embedding_extraction_after_reviewer_approval,,NPY_MMAP_HEADER_OK:float32
ad01c98c845da020,CUR_00662,Curitiba,sentinel_raster_path_only,data/sentinel/patch_curitiba_00662.tif,yes,151710,"94x94x6;dtype=float64,float64,float64,float64,float64,float64",EPSG:32722,Curitiba__sentinel_tif__patch_curitiba_00662,,HIGH_SCOPE_AND_SOURCE_REVIEW_REQUIRED,EMBEDDING_REVIEW_ONLY_READY,future_embedding_extraction_after_reviewer_approval,,"TIF_HEADER_ONLY_OK; bounds=688120.0,7183080.0,689060.0,7184020.0"
b5dff92eacc3c845,CUR_00662,Curitiba,multimodal_stack_path_only,patches/stacks/curitiba/patch_curitiba_00662.npy,yes,163968,10x64x64,,Curitiba__stack_npy__patch_curitiba_00662,,HIGH_SCOPE_AND_SOURCE_REVIEW_REQUIRED,EMBEDDING_REVIEW_ONLY_READY,future_embedding_extraction_after_reviewer_approval,,NPY_MMAP_HEADER_OK:float32
cc77b235c6517621,CUR_00695,Curitiba,sentinel_raster_path_only,data/sentinel/patch_curitiba_00695.tif,yes,150068,"95x94x6;dtype=float64,float64,float64,float64,float64,float64",EPSG:32722,Curitiba__sentinel_tif__patch_curitiba_00695,,HIGH_SCOPE_AND_SOURCE_REVIEW_REQUIRED,EMBEDDING_REVIEW_ONLY_READY,future_embedding_extraction_after_reviewer_approval,,"TIF_HEADER_ONLY_OK; bounds=686320.0,7184010.0,687270.0,7184950.0"
77fda2884f60a66e,CUR_00695,Curitiba,multimodal_stack_path_only,patches/stacks/curitiba/patch_curitiba_00695.npy,yes,163968,10x64x64,,Curitiba__stack_npy__patch_curitiba_00695,,HIGH_SCOPE_AND_SOURCE_REVIEW_REQUIRED,EMBEDDING_REVIEW_ONLY_READY,future_embedding_extraction_after_reviewer_approval,,NPY_MMAP_HEADER_OK:float32
f113e6fe68b406c0,CUR_00728,Curitiba,sentinel_raster_path_only,data/sentinel/patch_curitiba_00728.tif,yes,144131,"94x94x6;dtype=float64,float64,float64,float64,float64,float64",EPSG:32722,Curitiba__sentinel_tif__patch_curitiba_00728,,HIGH_SCOPE_AND_SOURCE_REVIEW_REQUIRED,EMBEDDING_REVIEW_ONLY_READY,future_embedding_extraction_after_reviewer_approval,,"TIF_HEADER_ONLY_OK; bounds=684530.0,7184930.0,685470.0,7185870.0"
6fffad6d0e50f737,CUR_00728,Curitiba,multimodal_stack_path_only,patches/stacks/curitiba/patch_curitiba_00728.npy,yes,163968,10x64x64,,Curitiba__stack_npy__patch_curitiba_00728,,HIGH_SCOPE_AND_SOURCE_REVIEW_REQUIRED,EMBEDDING_REVIEW_ONLY_READY,future_embedding_extraction_after_reviewer_approval,,NPY_MMAP_HEADER_OK:float32
04699a60c3c5ea19,CUR_00740,Curitiba,sentinel_raster_path_only,data/sentinel/patch_curitiba_00740.tif,yes,152277,"94x94x6;dtype=float64,float64,float64,float64,float64,float64",EPSG:32722,Curitiba__sentinel_tif__patch_curitiba_00740,,HIGH_SCOPE_AND_SOURCE_REVIEW_REQUIRED,EMBEDDING_REVIEW_ONLY_READY,future_embedding_extraction_after_reviewer_approval,,"TIF_HEADER_ONLY_OK; bounds=663760.0,7186100.0,664700.0,7187040.0"
e868adc5bd3b9685,CUR_00740,Curitiba,multimodal_stack_path_only,patches/stacks/curitiba/patch_curitiba_00740.npy,yes,163968,10x64x64,,Curitiba__stack_npy__patch_curitiba_00740,,HIGH_SCOPE_AND_SOURCE_REVIEW_REQUIRED,EMBEDDING_REVIEW_ONLY_READY,future_embedding_extraction_after_reviewer_approval,,NPY_MMAP_HEADER_OK:float32
74cebd56446bc3f7,CUR_00887,Curitiba,sentinel_raster_path_only,data/sentinel/patch_curitiba_00887.tif,yes,151794,"94x94x6;dtype=float64,float64,float64,float64,float64,float64",EPSG:32722,Curitiba__sentinel_tif__patch_curitiba_00887,,HIGH_SCOPE_AND_SOURCE_REVIEW_REQUIRED,EMBEDDING_REVIEW_ONLY_READY,future_embedding_extraction_after_reviewer_approval,,"TIF_HEADER_ONLY_OK; bounds=670130.0,7189620.0,671070.0,7190560.0"
afc05b92bda4040b,CUR_00887,Curitiba,multimodal_stack_path_only,patches/stacks/curitiba/patch_curitiba_00887.npy,yes,163968,10x64x64,,Curitiba__stack_npy__patch_curitiba_00887,,HIGH_SCOPE_AND_SOURCE_REVIEW_REQUIRED,EMBEDDING_REVIEW_ONLY_READY,future_embedding_extraction_after_reviewer_approval,,NPY_MMAP_HEADER_OK:float32
fb3267d46f56a3b7,CUR_00888,Curitiba,sentinel_raster_path_only,data/sentinel/patch_curitiba_00888.tif,yes,156616,"95x95x6;dtype=float64,float64,float64,float64,float64,float64",EPSG:32722,Curitiba__sentinel_tif__patch_curitiba_00888,,HIGH_SCOPE_AND_SOURCE_REVIEW_REQUIRED,EMBEDDING_REVIEW_ONLY_READY,future_embedding_extraction_after_reviewer_approval,,"TIF_HEADER_ONLY_OK; bounds=671030.0,7189600.0,671980.0,7190550.0"
e0038383f498ef31,CUR_00888,Curitiba,multimodal_stack_path_only,patches/stacks/curitiba/patch_curitiba_00888.npy,yes,163968,10x64x64,,Curitiba__stack_npy__patch_curitiba_00888,,HIGH_SCOPE_AND_SOURCE_REVIEW_REQUIRED,EMBEDDING_REVIEW_ONLY_READY,future_embedding_extraction_after_reviewer_approval,,NPY_MMAP_HEADER_OK:float32
d6514d06a2e91620,CUR_00889,Curitiba,sentinel_raster_path_only,data/sentinel/patch_curitiba_00889.tif,yes,152061,"94x94x6;dtype=float64,float64,float64,float64,float64,float64",EPSG:32722,Curitiba__sentinel_tif__patch_curitiba_00889,,HIGH_SCOPE_AND_SOURCE_REVIEW_REQUIRED,EMBEDDING_REVIEW_ONLY_READY,future_embedding_extraction_after_reviewer_approval,,"TIF_HEADER_ONLY_OK; bounds=671940.0,7189590.0,672880.0,7190530.0"
5c444ed7bc093037,CUR_00889,Curitiba,multimodal_stack_path_only,patches/stacks/curitiba/patch_curitiba_00889.npy,yes,163968,10x64x64,,Curitiba__stack_npy__patch_curitiba_00889,,HIGH_SCOPE_AND_SOURCE_REVIEW_REQUIRED,EMBEDDING_REVIEW_ONLY_READY,future_embedding_extraction_after_reviewer_approval,,NPY_MMAP_HEADER_OK:float32
d1929aba4c1b7fca,CUR_00895,Curitiba,sentinel_raster_path_only,data/sentinel/patch_curitiba_00895.tif,yes,151965,"95x94x6;dtype=float64,float64,float64,float64,float64,float64",EPSG:32722,Curitiba__sentinel_tif__patch_curitiba_00895,,HIGH_SCOPE_AND_SOURCE_REVIEW_REQUIRED,EMBEDDING_REVIEW_ONLY_READY,future_embedding_extraction_after_reviewer_approval,,"TIF_HEADER_ONLY_OK; bounds=677360.0,7189520.0,678310.0,7190460.0"
5e9a948e3926b741,CUR_00895,Curitiba,multimodal_stack_path_only,patches/stacks/curitiba/patch_curitiba_00895.npy,yes,163968,10x64x64,,Curitiba__stack_npy__patch_curitiba_00895,,HIGH_SCOPE_AND_SOURCE_REVIEW_REQUIRED,EMBEDDING_REVIEW_ONLY_READY,future_embedding_extraction_after_reviewer_approval,,NPY_MMAP_HEADER_OK:float32
4098e7fc76c48766,CUR_00899,Curitiba,sentinel_raster_path_only,data/sentinel/patch_curitiba_00899.tif,yes,154731,"94x94x6;dtype=float64,float64,float64,float64,float64,float64",EPSG:32722,Curitiba__sentinel_tif__patch_curitiba_00899,,HIGH_SCOPE_AND_SOURCE_REVIEW_REQUIRED,EMBEDDING_REVIEW_ONLY_READY,future_embedding_extraction_after_reviewer_approval,,"TIF_HEADER_ONLY_OK; bounds=680980.0,7189470.0,681920.0,7190410.0"
ef849edcbd719162,CUR_00899,Curitiba,multimodal_stack_path_only,patches/stacks/curitiba/patch_curitiba_00899.npy,yes,163968,10x64x64,,Curitiba__stack_npy__patch_curitiba_00899,,HIGH_SCOPE_AND_SOURCE_REVIEW_REQUIRED,EMBEDDING_REVIEW_ONLY_READY,future_embedding_extraction_after_reviewer_approval,,NPY_MMAP_HEADER_OK:float32
9ba4c962d7863d69,CUR_00924,Curitiba,sentinel_raster_path_only,data/sentinel/patch_curitiba_00924.tif,yes,153675,"94x94x6;dtype=float64,float64,float64,float64,float64,float64",EPSG:32722,Curitiba__sentinel_tif__patch_curitiba_00924,,HIGH_SCOPE_AND_SOURCE_REVIEW_REQUIRED,EMBEDDING_REVIEW_ONLY_READY,future_embedding_extraction_after_reviewer_approval,,"TIF_HEADER_ONLY_OK; bounds=671950.0,7190490.0,672890.0,7191430.0"
d76bde0e49a89b43,CUR_00924,Curitiba,multimodal_stack_path_only,patches/stacks/curitiba/patch_curitiba_00924.npy,yes,163968,10x64x64,,Curitiba__stack_npy__patch_curitiba_00924,,HIGH_SCOPE_AND_SOURCE_REVIEW_REQUIRED,EMBEDDING_REVIEW_ONLY_READY,future_embedding_extraction_after_reviewer_approval,,NPY_MMAP_HEADER_OK:float32
75a8816b70da1445,CUR_00930,Curitiba,sentinel_raster_path_only,data/sentinel/patch_curitiba_00930.tif,yes,158359,"95x94x6;dtype=float64,float64,float64,float64,float64,float64",EPSG:32722,Curitiba__sentinel_tif__patch_curitiba_00930,,HIGH_SCOPE_AND_SOURCE_REVIEW_REQUIRED,EMBEDDING_REVIEW_ONLY_READY,future_embedding_extraction_after_reviewer_approval,,"TIF_HEADER_ONLY_OK; bounds=677370.0,7190420.0,678320.0,7191360.0"
3c0c15dbc0484b4f,CUR_00930,Curitiba,multimodal_stack_path_only,patches/stacks/curitiba/patch_curitiba_00930.npy,yes,163968,10x64x64,,Curitiba__stack_npy__patch_curitiba_00930,,HIGH_SCOPE_AND_SOURCE_REVIEW_REQUIRED,EMBEDDING_REVIEW_ONLY_READY,future_embedding_extraction_after_reviewer_approval,,NPY_MMAP_HEADER_OK:float32
5f50d84e63437d66,CUR_00934,Curitiba,sentinel_raster_path_only,data/sentinel/patch_curitiba_00934.tif,yes,152159,"94x94x6;dtype=float64,float64,float64,float64,float64,float64",EPSG:32722,Curitiba__sentinel_tif__patch_curitiba_00934,,HIGH_SCOPE_AND_SOURCE_REVIEW_REQUIRED,EMBEDDING_REVIEW_ONLY_READY,future_embedding_extraction_after_reviewer_approval,,"TIF_HEADER_ONLY_OK; bounds=680990.0,7190370.0,681930.0,7191310.0"
0357589a6fd5f59d,CUR_00934,Curitiba,multimodal_stack_path_only,patches/stacks/curitiba/patch_curitiba_00934.npy,yes,163968,10x64x64,,Curitiba__stack_npy__patch_curitiba_00934,,HIGH_SCOPE_AND_SOURCE_REVIEW_REQUIRED,EMBEDDING_REVIEW_ONLY_READY,future_embedding_extraction_after_reviewer_approval,,NPY_MMAP_HEADER_OK:float32
6abc615bcecac30e,CUR_00936,Curitiba,sentinel_raster_path_only,data/sentinel/patch_curitiba_00936.tif,yes,154008,"94x94x6;dtype=float64,float64,float64,float64,float64,float64",EPSG:32722,Curitiba__sentinel_tif__patch_curitiba_00936,,HIGH_SCOPE_AND_SOURCE_REVIEW_REQUIRED,EMBEDDING_REVIEW_ONLY_READY,future_embedding_extraction_after_reviewer_approval,,"TIF_HEADER_ONLY_OK; bounds=682800.0,7190350.0,683740.0,7191290.0"
9db6a6d6ca5e52b4,CUR_00936,Curitiba,multimodal_stack_path_only,patches/stacks/curitiba/patch_curitiba_00936.npy,yes,163968,10x64x64,,Curitiba__stack_npy__patch_curitiba_00936,,HIGH_SCOPE_AND_SOURCE_REVIEW_REQUIRED,EMBEDDING_REVIEW_ONLY_READY,future_embedding_extraction_after_reviewer_approval,,NPY_MMAP_HEADER_OK:float32
09c4d1b2076c1959,CUR_00960,Curitiba,sentinel_raster_path_only,data/sentinel/patch_curitiba_00960.tif,yes,154843,"95x94x6;dtype=float64,float64,float64,float64,float64,float64",EPSG:32722,Curitiba__sentinel_tif__patch_curitiba_00960,,HIGH_SCOPE_AND_SOURCE_REVIEW_REQUIRED,EMBEDDING_REVIEW_ONLY_READY,future_embedding_extraction_after_reviewer_approval,,"TIF_HEADER_ONLY_OK; bounds=672860.0,7191380.0,673810.0,7192320.0"
9c94ab8b6ad7b2a9,CUR_00960,Curitiba,multimodal_stack_path_only,patches/stacks/curitiba/patch_curitiba_00960.npy,yes,163968,10x64x64,,Curitiba__stack_npy__patch_curitiba_00960,,HIGH_SCOPE_AND_SOURCE_REVIEW_REQUIRED,EMBEDDING_REVIEW_ONLY_READY,future_embedding_extraction_after_reviewer_approval,,NPY_MMAP_HEADER_OK:float32
d31ee952037b771c,CUR_00969,Curitiba,sentinel_raster_path_only,data/sentinel/patch_curitiba_00969.tif,yes,156085,"95x94x6;dtype=float64,float64,float64,float64,float64,float64",EPSG:32722,Curitiba__sentinel_tif__patch_curitiba_00969,,HIGH_SCOPE_AND_SOURCE_REVIEW_REQUIRED,EMBEDDING_REVIEW_ONLY_READY,future_embedding_extraction_after_reviewer_approval,,"TIF_HEADER_ONLY_OK; bounds=681000.0,7191270.0,681950.0,7192210.0"
66f090fbed756012,CUR_00969,Curitiba,multimodal_stack_path_only,patches/stacks/curitiba/patch_curitiba_00969.npy,yes,163968,10x64x64,,Curitiba__stack_npy__patch_curitiba_00969,,HIGH_SCOPE_AND_SOURCE_REVIEW_REQUIRED,EMBEDDING_REVIEW_ONLY_READY,future_embedding_extraction_after_reviewer_approval,,NPY_MMAP_HEADER_OK:float32
309e7b4655f3ca3e,CUR_00977,Curitiba,sentinel_raster_path_only,data/sentinel/patch_curitiba_00977.tif,yes,154873,"95x94x6;dtype=float64,float64,float64,float64,float64,float64",EPSG:32722,Curitiba__sentinel_tif__patch_curitiba_00977,,HIGH_SCOPE_AND_SOURCE_REVIEW_REQUIRED,EMBEDDING_REVIEW_ONLY_READY,future_embedding_extraction_after_reviewer_approval,,"TIF_HEADER_ONLY_OK; bounds=688230.0,7191170.0,689180.0,7192110.0"
cc7399568b5c2c28,CUR_00977,Curitiba,multimodal_stack_path_only,patches/stacks/curitiba/patch_curitiba_00977.npy,yes,163968,10x64x64,,Curitiba__stack_npy__patch_curitiba_00977,,HIGH_SCOPE_AND_SOURCE_REVIEW_REQUIRED,EMBEDDING_REVIEW_ONLY_READY,future_embedding_extraction_after_reviewer_approval,,NPY_MMAP_HEADER_OK:float32
cd154fb67a6825ed,CUR_00992,Curitiba,sentinel_raster_path_only,data/sentinel/patch_curitiba_00992.tif,yes,155014,"95x94x6;dtype=float64,float64,float64,float64,float64,float64",EPSG:32722,Curitiba__sentinel_tif__patch_curitiba_00992,,HIGH_SCOPE_AND_SOURCE_REVIEW_REQUIRED,EMBEDDING_REVIEW_ONLY_READY,future_embedding_extraction_after_reviewer_approval,,"TIF_HEADER_ONLY_OK; bounds=670160.0,7192310.0,671110.0,7193250.0"
c54be0a765047228,CUR_00992,Curitiba,multimodal_stack_path_only,patches/stacks/curitiba/patch_curitiba_00992.npy,yes,163968,10x64x64,,Curitiba__stack_npy__patch_curitiba_00992,,HIGH_SCOPE_AND_SOURCE_REVIEW_REQUIRED,EMBEDDING_REVIEW_ONLY_READY,future_embedding_extraction_after_reviewer_approval,,NPY_MMAP_HEADER_OK:float32
356c75935611425c,CUR_00995,Curitiba,sentinel_raster_path_only,data/sentinel/patch_curitiba_00995.tif,yes,153901,"94x94x6;dtype=float64,float64,float64,float64,float64,float64",EPSG:32722,Curitiba__sentinel_tif__patch_curitiba_00995,,HIGH_SCOPE_AND_SOURCE_REVIEW_REQUIRED,EMBEDDING_REVIEW_ONLY_READY,future_embedding_extraction_after_reviewer_approval,,"TIF_HEADER_ONLY_OK; bounds=672880.0,7192280.0,673820.0,7193220.0"
02bb1430064c9070,CUR_00995,Curitiba,multimodal_stack_path_only,patches/stacks/curitiba/patch_curitiba_00995.npy,yes,163968,10x64x64,,Curitiba__stack_npy__patch_curitiba_00995,,HIGH_SCOPE_AND_SOURCE_REVIEW_REQUIRED,EMBEDDING_REVIEW_ONLY_READY,future_embedding_extraction_after_reviewer_approval,,NPY_MMAP_HEADER_OK:float32
ee9bd026175fc384,CUR_01012,Curitiba,sentinel_raster_path_only,data/sentinel/patch_curitiba_01012.tif,yes,154037,"95x94x6;dtype=float64,float64,float64,float64,float64,float64",EPSG:32722,Curitiba__sentinel_tif__patch_curitiba_01012,,HIGH_SCOPE_AND_SOURCE_REVIEW_REQUIRED,EMBEDDING_REVIEW_ONLY_READY,future_embedding_extraction_after_reviewer_approval,,"TIF_HEADER_ONLY_OK; bounds=688240.0,7192070.0,689190.0,7193010.0"
f071065e57fc84b2,CUR_01012,Curitiba,multimodal_stack_path_only,patches/stacks/curitiba/patch_curitiba_01012.npy,yes,163968,10x64x64,,Curitiba__stack_npy__patch_curitiba_01012,,HIGH_SCOPE_AND_SOURCE_REVIEW_REQUIRED,EMBEDDING_REVIEW_ONLY_READY,future_embedding_extraction_after_reviewer_approval,,NPY_MMAP_HEADER_OK:float32
5779125b6a8d65f7,CUR_01015,Curitiba,sentinel_raster_path_only,data/sentinel/patch_curitiba_01015.tif,yes,153173,"94x94x6;dtype=float64,float64,float64,float64,float64,float64",EPSG:32722,Curitiba__sentinel_tif__patch_curitiba_01015,,HIGH_SCOPE_AND_SOURCE_REVIEW_REQUIRED,EMBEDDING_REVIEW_ONLY_READY,future_embedding_extraction_after_reviewer_approval,,"TIF_HEADER_ONLY_OK; bounds=690960.0,7192030.0,691900.0,7192970.0"
500a38437e2fee3c,CUR_01015,Curitiba,multimodal_stack_path_only,patches/stacks/curitiba/patch_curitiba_01015.npy,yes,163968,10x64x64,,Curitiba__stack_npy__patch_curitiba_01015,,HIGH_SCOPE_AND_SOURCE_REVIEW_REQUIRED,EMBEDDING_REVIEW_ONLY_READY,future_embedding_extraction_after_reviewer_approval,,NPY_MMAP_HEADER_OK:float32
00f9e03d195e8104,CUR_01030,Curitiba,sentinel_raster_path_only,data/sentinel/patch_curitiba_01030.tif,yes,153594,"94x94x6;dtype=float64,float64,float64,float64,float64,float64",EPSG:32722,Curitiba__sentinel_tif__patch_curitiba_01030,,HIGH_SCOPE_AND_SOURCE_REVIEW_REQUIRED,EMBEDDING_REVIEW_ONLY_READY,future_embedding_extraction_after_reviewer_approval,,"TIF_HEADER_ONLY_OK; bounds=672890.0,7193180.0,673830.0,7194120.0"
4ae095e09cac00fc,CUR_01030,Curitiba,multimodal_stack_path_only,patches/stacks/curitiba/patch_curitiba_01030.npy,yes,163968,10x64x64,,Curitiba__stack_npy__patch_curitiba_01030,,HIGH_SCOPE_AND_SOURCE_REVIEW_REQUIRED,EMBEDDING_REVIEW_ONLY_READY,future_embedding_extraction_after_reviewer_approval,,NPY_MMAP_HEADER_OK:float32
839167711b4e872b,CUR_01040,Curitiba,sentinel_raster_path_only,data/sentinel/patch_curitiba_01040.tif,yes,151862,"94x94x6;dtype=float64,float64,float64,float64,float64,float64",EPSG:32722,Curitiba__sentinel_tif__patch_curitiba_01040,,HIGH_SCOPE_AND_SOURCE_REVIEW_REQUIRED,EMBEDDING_REVIEW_ONLY_READY,future_embedding_extraction_after_reviewer_approval,,"TIF_HEADER_ONLY_OK; bounds=681930.0,7193060.0,682870.0,7194000.0"
fc19270bccc6160e,CUR_01040,Curitiba,multimodal_stack_path_only,patches/stacks/curitiba/patch_curitiba_01040.npy,yes,163968,10x64x64,,Curitiba__stack_npy__patch_curitiba_01040,,HIGH_SCOPE_AND_SOURCE_REVIEW_REQUIRED,EMBEDDING_REVIEW_ONLY_READY,future_embedding_extraction_after_reviewer_approval,,NPY_MMAP_HEADER_OK:float32
3209e4e9c5397f1c,CUR_01050,Curitiba,sentinel_raster_path_only,data/sentinel/patch_curitiba_01050.tif,yes,149561,"95x94x6;dtype=float64,float64,float64,float64,float64,float64",EPSG:32722,Curitiba__sentinel_tif__patch_curitiba_01050,,HIGH_SCOPE_AND_SOURCE_REVIEW_REQUIRED,EMBEDDING_REVIEW_ONLY_READY,future_embedding_extraction_after_reviewer_approval,,"TIF_HEADER_ONLY_OK; bounds=690970.0,7192930.0,691920.0,7193870.0"
727d7768386871c1,CUR_01050,Curitiba,multimodal_stack_path_only,patches/stacks/curitiba/patch_curitiba_01050.npy,yes,163968,10x64x64,,Curitiba__stack_npy__patch_curitiba_01050,,HIGH_SCOPE_AND_SOURCE_REVIEW_REQUIRED,EMBEDDING_REVIEW_ONLY_READY,future_embedding_extraction_after_reviewer_approval,,NPY_MMAP_HEADER_OK:float32
0edffece4cccc865,CUR_01059,Curitiba,sentinel_raster_path_only,data/sentinel/patch_curitiba_01059.tif,yes,150992,"95x94x6;dtype=float64,float64,float64,float64,float64,float64",EPSG:32722,Curitiba__sentinel_tif__patch_curitiba_01059,,HIGH_SCOPE_AND_SOURCE_REVIEW_REQUIRED,EMBEDDING_REVIEW_ONLY_READY,future_embedding_extraction_after_reviewer_approval,,"TIF_HEADER_ONLY_OK; bounds=667470.0,7194150.0,668420.0,7195090.0"
b1f7f9ab81aaa12c,CUR_01059,Curitiba,multimodal_stack_path_only,patches/stacks/curitiba/patch_curitiba_01059.npy,yes,163968,10x64x64,,Curitiba__stack_npy__patch_curitiba_01059,,HIGH_SCOPE_AND_SOURCE_REVIEW_REQUIRED,EMBEDDING_REVIEW_ONLY_READY,future_embedding_extraction_after_reviewer_approval,,NPY_MMAP_HEADER_OK:float32
3920489d27973c77,CUR_01065,Curitiba,sentinel_raster_path_only,data/sentinel/patch_curitiba_01065.tif,yes,153523,"94x94x6;dtype=float64,float64,float64,float64,float64,float64",EPSG:32722,Curitiba__sentinel_tif__patch_curitiba_01065,,HIGH_SCOPE_AND_SOURCE_REVIEW_REQUIRED,EMBEDDING_REVIEW_ONLY_READY,future_embedding_extraction_after_reviewer_approval,,"TIF_HEADER_ONLY_OK; bounds=672900.0,7194080.0,673840.0,7195020.0"
46bfe50f22da886d,CUR_01065,Curitiba,multimodal_stack_path_only,patches/stacks/curitiba/patch_curitiba_01065.npy,yes,163968,10x64x64,,Curitiba__stack_npy__patch_curitiba_01065,,HIGH_SCOPE_AND_SOURCE_REVIEW_REQUIRED,EMBEDDING_REVIEW_ONLY_READY,future_embedding_extraction_after_reviewer_approval,,NPY_MMAP_HEADER_OK:float32
ccf3d26904581bfb,CUR_01075,Curitiba,sentinel_raster_path_only,data/sentinel/patch_curitiba_01075.tif,yes,151841,"95x94x6;dtype=float64,float64,float64,float64,float64,float64",EPSG:32722,Curitiba__sentinel_tif__patch_curitiba_01075,,HIGH_SCOPE_AND_SOURCE_REVIEW_REQUIRED,EMBEDDING_REVIEW_ONLY_READY,future_embedding_extraction_after_reviewer_approval,,"TIF_HEADER_ONLY_OK; bounds=681940.0,7193960.0,682890.0,7194900.0"
5355c046bb3e963b,CUR_01075,Curitiba,multimodal_stack_path_only,patches/stacks/curitiba/patch_curitiba_01075.npy,yes,163968,10x64x64,,Curitiba__stack_npy__patch_curitiba_01075,,HIGH_SCOPE_AND_SOURCE_REVIEW_REQUIRED,EMBEDDING_REVIEW_ONLY_READY,future_embedding_extraction_after_reviewer_approval,,NPY_MMAP_HEADER_OK:float32
c2c0aa29a7982673,CUR_01101,Curitiba,sentinel_raster_path_only,data/sentinel/patch_curitiba_01101.tif,yes,154437,"95x94x6;dtype=float64,float64,float64,float64,float64,float64",EPSG:32722,Curitiba__sentinel_tif__patch_curitiba_01101,,HIGH_SCOPE_AND_SOURCE_REVIEW_REQUIRED,EMBEDDING_REVIEW_ONLY_READY,future_embedding_extraction_after_reviewer_approval,,"TIF_HEADER_ONLY_OK; bounds=673810.0,7194960.0,674760.0,7195900.0"
33a1db108f98cffb,CUR_01101,Curitiba,multimodal_stack_path_only,patches/stacks/curitiba/patch_curitiba_01101.npy,yes,163968,10x64x64,,Curitiba__stack_npy__patch_curitiba_01101,,HIGH_SCOPE_AND_SOURCE_REVIEW_REQUIRED,EMBEDDING_REVIEW_ONLY_READY,future_embedding_extraction_after_reviewer_approval,,NPY_MMAP_HEADER_OK:float32
39f1df386114a8f8,CUR_01145,Curitiba,sentinel_raster_path_only,data/sentinel/patch_curitiba_01145.tif,yes,154591,"95x94x6;dtype=float64,float64,float64,float64,float64,float64",EPSG:32722,Curitiba__sentinel_tif__patch_curitiba_01145,,HIGH_SCOPE_AND_SOURCE_REVIEW_REQUIRED,EMBEDDING_REVIEW_ONLY_READY,future_embedding_extraction_after_reviewer_approval,,"TIF_HEADER_ONLY_OK; bounds=681960.0,7195760.0,682910.0,7196700.0"
b7ebeeb26f9fa071,CUR_01145,Curitiba,multimodal_stack_path_only,patches/stacks/curitiba/patch_curitiba_01145.npy,yes,163968,10x64x64,,Curitiba__stack_npy__patch_curitiba_01145,,HIGH_SCOPE_AND_SOURCE_REVIEW_REQUIRED,EMBEDDING_REVIEW_ONLY_READY,future_embedding_extraction_after_reviewer_approval,,NPY_MMAP_HEADER_OK:float32
11032e4a427cf611,CUR_01324,Curitiba,sentinel_raster_path_only,data/sentinel/patch_curitiba_01324.tif,yes,148426,"95x94x6;dtype=float64,float64,float64,float64,float64,float64",EPSG:32722,Curitiba__sentinel_tif__patch_curitiba_01324,,HIGH_SCOPE_AND_SOURCE_REVIEW_REQUIRED,EMBEDDING_REVIEW_ONLY_READY,future_embedding_extraction_after_reviewer_approval,,"TIF_HEADER_ONLY_OK; bounds=685640.0,7200200.0,686590.0,7201140.0"
239402a73620c2cb,CUR_01324,Curitiba,multimodal_stack_path_only,patches/stacks/curitiba/patch_curitiba_01324.npy,yes,163968,10x64x64,,Curitiba__stack_npy__patch_curitiba_01324,,HIGH_SCOPE_AND_SOURCE_REVIEW_REQUIRED,EMBEDDING_REVIEW_ONLY_READY,future_embedding_extraction_after_reviewer_approval,,NPY_MMAP_HEADER_OK:float32
19a5de5df7bd0cf8,PET_00016,Petrópolis,sentinel_raster_path_only,data/sentinel/patch_petropolis_00016.tif,yes,163977,"97x96x6;dtype=float64,float64,float64,float64,float64,float64",EPSG:32723,Petrópolis__sentinel_tif__patch_petropolis_00016,,HIGH_SCOPE_AND_SOURCE_REVIEW_REQUIRED,EMBEDDING_REVIEW_ONLY_READY,future_embedding_extraction_after_reviewer_approval,,"TIF_HEADER_ONLY_OK; bounds=687780.0,7499320.0,688750.0,7500280.0"
77c452cdbaef403b,PET_00016,Petrópolis,multimodal_stack_path_only,patches/stacks/petropolis/patch_petropolis_00016.npy,yes,163968,10x64x64,,Petrópolis__stack_npy__patch_petropolis_00016,,HIGH_SCOPE_AND_SOURCE_REVIEW_REQUIRED,EMBEDDING_REVIEW_ONLY_READY,future_embedding_extraction_after_reviewer_approval,,NPY_MMAP_HEADER_OK:float32
6641fb7c86ae0cbc,PET_00104,Petrópolis,sentinel_raster_path_only,data/sentinel/patch_petropolis_00104.tif,yes,162547,"97x97x6;dtype=float64,float64,float64,float64,float64,float64",EPSG:32723,Petrópolis__sentinel_tif__patch_petropolis_00104,,HIGH_SCOPE_AND_SOURCE_REVIEW_REQUIRED,EMBEDDING_REVIEW_ONLY_READY,future_embedding_extraction_after_reviewer_approval,,"TIF_HEADER_ONLY_OK; bounds=704430.0,7500940.0,705400.0,7501910.0"
ce90e51223b4a835,PET_00104,Petrópolis,multimodal_stack_path_only,patches/stacks/petropolis/patch_petropolis_00104.npy,yes,163968,10x64x64,,Petrópolis__stack_npy__patch_petropolis_00104,,HIGH_SCOPE_AND_SOURCE_REVIEW_REQUIRED,EMBEDDING_REVIEW_ONLY_READY,future_embedding_extraction_after_reviewer_approval,,NPY_MMAP_HEADER_OK:float32
b041e9a668bd0924,PET_00119,Petrópolis,sentinel_raster_path_only,data/sentinel/patch_petropolis_00119.tif,yes,154349,"96x96x6;dtype=float64,float64,float64,float64,float64,float64",EPSG:32723,Petrópolis__sentinel_tif__patch_petropolis_00119,,HIGH_SCOPE_AND_SOURCE_REVIEW_REQUIRED,EMBEDDING_REVIEW_ONLY_READY,future_embedding_extraction_after_reviewer_approval,,"TIF_HEADER_ONLY_OK; bounds=685970.0,7502100.0,686930.0,7503060.0"
0e48288ff44594e1,PET_00140,Petrópolis,sentinel_raster_path_only,data/sentinel/patch_petropolis_00140.tif,yes,160351,"96x96x6;dtype=float64,float64,float64,float64,float64,float64",EPSG:32723,Petrópolis__sentinel_tif__patch_petropolis_00140,,HIGH_SCOPE_AND_SOURCE_REVIEW_REQUIRED,EMBEDDING_REVIEW_ONLY_READY,future_embedding_extraction_after_reviewer_approval,,"TIF_HEADER_ONLY_OK; bounds=705370.0,7501850.0,706330.0,7502810.0"
bca9b9d7ed441b9f,PET_00140,Petrópolis,multimodal_stack_path_only,patches/stacks/petropolis/patch_petropolis_00140.npy,yes,163968,10x64x64,,Petrópolis__stack_npy__patch_petropolis_00140,,HIGH_SCOPE_AND_SOURCE_REVIEW_REQUIRED,EMBEDDING_REVIEW_ONLY_READY,future_embedding_extraction_after_reviewer_approval,,NPY_MMAP_HEADER_OK:float32
97982ae9e9aa55b2,PET_00240,Petrópolis,sentinel_raster_path_only,data/sentinel/patch_petropolis_00240.tif,yes,160369,"97x96x6;dtype=float64,float64,float64,float64,float64,float64",EPSG:32723,Petrópolis__sentinel_tif__patch_petropolis_00240,,HIGH_SCOPE_AND_SOURCE_REVIEW_REQUIRED,EMBEDDING_REVIEW_ONLY_READY,future_embedding_extraction_after_reviewer_approval,,"TIF_HEADER_ONLY_OK; bounds=700780.0,7504670.0,701750.0,7505630.0"
80f17dcf7c144c24,PET_00257,Petrópolis,sentinel_raster_path_only,data/sentinel/patch_petropolis_00257.tif,yes,160228,"97x96x6;dtype=float64,float64,float64,float64,float64,float64",EPSG:32723,Petrópolis__sentinel_tif__patch_petropolis_00257,,HIGH_SCOPE_AND_SOURCE_REVIEW_REQUIRED,EMBEDDING_REVIEW_ONLY_READY,future_embedding_extraction_after_reviewer_approval,,"TIF_HEADER_ONLY_OK; bounds=684160.0,7505800.0,685130.0,7506760.0"
f1a6a2c79c3f2c38,PET_00257,Petrópolis,multimodal_stack_path_only,patches/stacks/petropolis/patch_petropolis_00257.npy,yes,163968,10x64x64,,Petrópolis__stack_npy__patch_petropolis_00257,,HIGH_SCOPE_AND_SOURCE_REVIEW_REQUIRED,EMBEDDING_REVIEW_ONLY_READY,future_embedding_extraction_after_reviewer_approval,,NPY_MMAP_HEADER_OK:float32
baad6378db108ac5,PET_00275,Petrópolis,sentinel_raster_path_only,data/sentinel/patch_petropolis_00275.tif,yes,155758,"96x96x6;dtype=float64,float64,float64,float64,float64,float64",EPSG:32723,Petrópolis__sentinel_tif__patch_petropolis_00275,,HIGH_SCOPE_AND_SOURCE_REVIEW_REQUIRED,EMBEDDING_REVIEW_ONLY_READY,future_embedding_extraction_after_reviewer_approval,,"TIF_HEADER_ONLY_OK; bounds=700800.0,7505590.0,701760.0,7506550.0"
d7a11b32933e3837,PET_00291,Petrópolis,sentinel_raster_path_only,data/sentinel/patch_petropolis_00291.tif,yes,157449,"97x96x6;dtype=float64,float64,float64,float64,float64,float64",EPSG:32723,Petrópolis__sentinel_tif__patch_petropolis_00291,,HIGH_SCOPE_AND_SOURCE_REVIEW_REQUIRED,EMBEDDING_REVIEW_ONLY_READY,future_embedding_extraction_after_reviewer_approval,,"TIF_HEADER_ONLY_OK; bounds=683250.0,7506730.0,684220.0,7507690.0"
21f7d7a428e56975,PET_00291,Petrópolis,multimodal_stack_path_only,patches/stacks/petropolis/patch_petropolis_00291.npy,yes,163968,10x64x64,,Petrópolis__stack_npy__patch_petropolis_00291,,HIGH_SCOPE_AND_SOURCE_REVIEW_REQUIRED,EMBEDDING_REVIEW_ONLY_READY,future_embedding_extraction_after_reviewer_approval,,NPY_MMAP_HEADER_OK:float32
361ec9d9f687e27b,PET_00315,Petrópolis,sentinel_raster_path_only,data/sentinel/patch_petropolis_00315.tif,yes,160014,"97x97x6;dtype=float64,float64,float64,float64,float64,float64",EPSG:32723,Petrópolis__sentinel_tif__patch_petropolis_00315,,HIGH_SCOPE_AND_SOURCE_REVIEW_REQUIRED,EMBEDDING_REVIEW_ONLY_READY,future_embedding_extraction_after_reviewer_approval,,"TIF_HEADER_ONLY_OK; bounds=705430.0,7506440.0,706400.0,7507410.0"
33f29ae6cc1c10c0,PET_00360,Petrópolis,sentinel_raster_path_only,data/sentinel/patch_petropolis_00360.tif,yes,155197,"96x96x6;dtype=float64,float64,float64,float64,float64,float64",EPSG:32723,Petrópolis__sentinel_tif__patch_petropolis_00360,,HIGH_SCOPE_AND_SOURCE_REVIEW_REQUIRED,EMBEDDING_REVIEW_ONLY_READY,future_embedding_extraction_after_reviewer_approval,,"TIF_HEADER_ONLY_OK; bounds=682350.0,7508570.0,683310.0,7509530.0"
e9f2052abdb3c2a0,PET_00360,Petrópolis,multimodal_stack_path_only,patches/stacks/petropolis/patch_petropolis_00360.npy,yes,163968,10x64x64,,Petrópolis__stack_npy__patch_petropolis_00360,,HIGH_SCOPE_AND_SOURCE_REVIEW_REQUIRED,EMBEDDING_REVIEW_ONLY_READY,future_embedding_extraction_after_reviewer_approval,,NPY_MMAP_HEADER_OK:float32
1be2a37d636a3954,PET_00362,Petrópolis,sentinel_raster_path_only,data/sentinel/patch_petropolis_00362.tif,yes,158112,"96x96x6;dtype=float64,float64,float64,float64,float64,float64",EPSG:32723,Petrópolis__sentinel_tif__patch_petropolis_00362,,HIGH_SCOPE_AND_SOURCE_REVIEW_REQUIRED,EMBEDDING_REVIEW_ONLY_READY,future_embedding_extraction_after_reviewer_approval,,"TIF_HEADER_ONLY_OK; bounds=684200.0,7508550.0,685160.0,7509510.0"
87d84ee64acb964b,PET_00396,Petrópolis,sentinel_raster_path_only,data/sentinel/patch_petropolis_00396.tif,yes,154962,"97x96x6;dtype=float64,float64,float64,float64,float64,float64",EPSG:32723,Petrópolis__sentinel_tif__patch_petropolis_00396,,HIGH_SCOPE_AND_SOURCE_REVIEW_REQUIRED,EMBEDDING_REVIEW_ONLY_READY,future_embedding_extraction_after_reviewer_approval,,"TIF_HEADER_ONLY_OK; bounds=683280.0,7509480.0,684250.0,7510440.0"
f186d9f304d28bb6,PET_00396,Petrópolis,multimodal_stack_path_only,patches/stacks/petropolis/patch_petropolis_00396.npy,yes,163968,10x64x64,,Petrópolis__stack_npy__patch_petropolis_00396,,HIGH_SCOPE_AND_SOURCE_REVIEW_REQUIRED,EMBEDDING_REVIEW_ONLY_READY,future_embedding_extraction_after_reviewer_approval,,NPY_MMAP_HEADER_OK:float32
1a9455936145ff92,PET_00397,Petrópolis,sentinel_raster_path_only,data/sentinel/patch_petropolis_00397.tif,yes,160176,"96x96x6;dtype=float64,float64,float64,float64,float64,float64",EPSG:32723,Petrópolis__sentinel_tif__patch_petropolis_00397,,HIGH_SCOPE_AND_SOURCE_REVIEW_REQUIRED,EMBEDDING_REVIEW_ONLY_READY,future_embedding_extraction_after_reviewer_approval,,"TIF_HEADER_ONLY_OK; bounds=684210.0,7509470.0,685170.0,7510430.0"
69f7805cccc8c9fe,PET_00397,Petrópolis,multimodal_stack_path_only,patches/stacks/petropolis/patch_petropolis_00397.npy,yes,163968,10x64x64,,Petrópolis__stack_npy__patch_petropolis_00397,,HIGH_SCOPE_AND_SOURCE_REVIEW_REQUIRED,EMBEDDING_REVIEW_ONLY_READY,future_embedding_extraction_after_reviewer_approval,,NPY_MMAP_HEADER_OK:float32
1bb850c957f0a7d5,PET_00404,Petrópolis,sentinel_raster_path_only,data/sentinel/patch_petropolis_00404.tif,yes,159724,"96x96x6;dtype=float64,float64,float64,float64,float64,float64",EPSG:32723,Petrópolis__sentinel_tif__patch_petropolis_00404,,HIGH_SCOPE_AND_SOURCE_REVIEW_REQUIRED,EMBEDDING_REVIEW_ONLY_READY,future_embedding_extraction_after_reviewer_approval,,"TIF_HEADER_ONLY_OK; bounds=690680.0,7509390.0,691640.0,7510350.0"
731a5ef4b3edbf77,PET_00404,Petrópolis,multimodal_stack_path_only,patches/stacks/petropolis/patch_petropolis_00404.npy,yes,163968,10x64x64,,Petrópolis__stack_npy__patch_petropolis_00404,,HIGH_SCOPE_AND_SOURCE_REVIEW_REQUIRED,EMBEDDING_REVIEW_ONLY_READY,future_embedding_extraction_after_reviewer_approval,,NPY_MMAP_HEADER_OK:float32
07c4658a94924698,PET_00431,Petrópolis,sentinel_raster_path_only,data/sentinel/patch_petropolis_00431.tif,yes,154063,"96x96x6;dtype=float64,float64,float64,float64,float64,float64",EPSG:32723,Petrópolis__sentinel_tif__patch_petropolis_00431,,HIGH_SCOPE_AND_SOURCE_REVIEW_REQUIRED,EMBEDDING_REVIEW_ONLY_READY,future_embedding_extraction_after_reviewer_approval,,"TIF_HEADER_ONLY_OK; bounds=683300.0,7510400.0,684260.0,7511360.0"
15021a8707c0cfa1,PET_00467,Petrópolis,sentinel_raster_path_only,data/sentinel/patch_petropolis_00467.tif,yes,162229,"97x96x6;dtype=float64,float64,float64,float64,float64,float64",EPSG:32723,Petrópolis__sentinel_tif__patch_petropolis_00467,,HIGH_SCOPE_AND_SOURCE_REVIEW_REQUIRED,EMBEDDING_REVIEW_ONLY_READY,future_embedding_extraction_after_reviewer_approval,,"TIF_HEADER_ONLY_OK; bounds=684230.0,7511310.0,685200.0,7512270.0"
962c071f0544cea5,PET_00467,Petrópolis,multimodal_stack_path_only,patches/stacks/petropolis/patch_petropolis_00467.npy,yes,163968,10x64x64,,Petrópolis__stack_npy__patch_petropolis_00467,,HIGH_SCOPE_AND_SOURCE_REVIEW_REQUIRED,EMBEDDING_REVIEW_ONLY_READY,future_embedding_extraction_after_reviewer_approval,,NPY_MMAP_HEADER_OK:float32
37ac86244a5242d6,PET_00506,Petrópolis,sentinel_raster_path_only,data/sentinel/patch_petropolis_00506.tif,yes,156354,"96x96x6;dtype=float64,float64,float64,float64,float64,float64",EPSG:32723,Petrópolis__sentinel_tif__patch_petropolis_00506,,HIGH_SCOPE_AND_SOURCE_REVIEW_REQUIRED,EMBEDDING_REVIEW_ONLY_READY,future_embedding_extraction_after_reviewer_approval,,"TIF_HEADER_ONLY_OK; bounds=687940.0,7512180.0,688900.0,7513140.0"
40142fde4c718c0d,PET_00506,Petrópolis,multimodal_stack_path_only,patches/stacks/petropolis/patch_petropolis_00506.npy,yes,163968,10x64x64,,Petrópolis__stack_npy__patch_petropolis_00506,,HIGH_SCOPE_AND_SOURCE_REVIEW_REQUIRED,EMBEDDING_REVIEW_ONLY_READY,future_embedding_extraction_after_reviewer_approval,,NPY_MMAP_HEADER_OK:float32
6ebb72ad84d6e0dc,PET_00507,Petrópolis,sentinel_raster_path_only,data/sentinel/patch_petropolis_00507.tif,yes,160369,"97x96x6;dtype=float64,float64,float64,float64,float64,float64",EPSG:32723,Petrópolis__sentinel_tif__patch_petropolis_00507,,HIGH_SCOPE_AND_SOURCE_REVIEW_REQUIRED,EMBEDDING_REVIEW_ONLY_READY,future_embedding_extraction_after_reviewer_approval,,"TIF_HEADER_ONLY_OK; bounds=688860.0,7512170.0,689830.0,7513130.0"
78fedab33054ea32,PET_00507,Petrópolis,multimodal_stack_path_only,patches/stacks/petropolis/patch_petropolis_00507.npy,yes,163968,10x64x64,,Petrópolis__stack_npy__patch_petropolis_00507,,HIGH_SCOPE_AND_SOURCE_REVIEW_REQUIRED,EMBEDDING_REVIEW_ONLY_READY,future_embedding_extraction_after_reviewer_approval,,NPY_MMAP_HEADER_OK:float32
40a3ed7aa615d3eb,PET_00579,Petrópolis,sentinel_raster_path_only,data/sentinel/patch_petropolis_00579.tif,yes,163690,"96x96x6;dtype=float64,float64,float64,float64,float64,float64",EPSG:32723,Petrópolis__sentinel_tif__patch_petropolis_00579,,HIGH_SCOPE_AND_SOURCE_REVIEW_REQUIRED,EMBEDDING_REVIEW_ONLY_READY,future_embedding_extraction_after_reviewer_approval,,"TIF_HEADER_ONLY_OK; bounds=690740.0,7513990.0,691700.0,7514950.0"
75c311e5de99b17e,PET_00579,Petrópolis,multimodal_stack_path_only,patches/stacks/petropolis/patch_petropolis_00579.npy,yes,163968,10x64x64,,Petrópolis__stack_npy__patch_petropolis_00579,,HIGH_SCOPE_AND_SOURCE_REVIEW_REQUIRED,EMBEDDING_REVIEW_ONLY_READY,future_embedding_extraction_after_reviewer_approval,,NPY_MMAP_HEADER_OK:float32
684f4b3d08f97e07,PET_00614,Petrópolis,sentinel_raster_path_only,data/sentinel/patch_petropolis_00614.tif,yes,165796,"96x96x6;dtype=float64,float64,float64,float64,float64,float64",EPSG:32723,Petrópolis__sentinel_tif__patch_petropolis_00614,,HIGH_SCOPE_AND_SOURCE_REVIEW_REQUIRED,EMBEDDING_REVIEW_ONLY_READY,future_embedding_extraction_after_reviewer_approval,,"TIF_HEADER_ONLY_OK; bounds=690750.0,7514910.0,691710.0,7515870.0"
4afc209893ce3ba5,PET_00614,Petrópolis,multimodal_stack_path_only,patches/stacks/petropolis/patch_petropolis_00614.npy,yes,163968,10x64x64,,Petrópolis__stack_npy__patch_petropolis_00614,,HIGH_SCOPE_AND_SOURCE_REVIEW_REQUIRED,EMBEDDING_REVIEW_ONLY_READY,future_embedding_extraction_after_reviewer_approval,,NPY_MMAP_HEADER_OK:float32
afbf0118fb8dec3e,PET_00615,Petrópolis,sentinel_raster_path_only,data/sentinel/patch_petropolis_00615.tif,yes,160929,"97x96x6;dtype=float64,float64,float64,float64,float64,float64",EPSG:32723,Petrópolis__sentinel_tif__patch_petropolis_00615,,HIGH_SCOPE_AND_SOURCE_REVIEW_REQUIRED,EMBEDDING_REVIEW_ONLY_READY,future_embedding_extraction_after_reviewer_approval,,"TIF_HEADER_ONLY_OK; bounds=691670.0,7514900.0,692640.0,7515860.0"
84fb4b7fa0cae177,PET_00615,Petrópolis,multimodal_stack_path_only,patches/stacks/petropolis/patch_petropolis_00615.npy,yes,163968,10x64x64,,Petrópolis__stack_npy__patch_petropolis_00615,,HIGH_SCOPE_AND_SOURCE_REVIEW_REQUIRED,EMBEDDING_REVIEW_ONLY_READY,future_embedding_extraction_after_reviewer_approval,,NPY_MMAP_HEADER_OK:float32
1fc1c5737fd1a195,PET_00617,Petrópolis,sentinel_raster_path_only,data/sentinel/patch_petropolis_00617.tif,yes,157482,"97x96x6;dtype=float64,float64,float64,float64,float64,float64",EPSG:32723,Petrópolis__sentinel_tif__patch_petropolis_00617,,HIGH_SCOPE_AND_SOURCE_REVIEW_REQUIRED,EMBEDDING_REVIEW_ONLY_READY,future_embedding_extraction_after_reviewer_approval,,"TIF_HEADER_ONLY_OK; bounds=693520.0,7514870.0,694490.0,7515830.0"
b8cf750b991675ee,PET_00617,Petrópolis,multimodal_stack_path_only,patches/stacks/petropolis/patch_petropolis_00617.npy,yes,163968,10x64x64,,Petrópolis__stack_npy__patch_petropolis_00617,,HIGH_SCOPE_AND_SOURCE_REVIEW_REQUIRED,EMBEDDING_REVIEW_ONLY_READY,future_embedding_extraction_after_reviewer_approval,,NPY_MMAP_HEADER_OK:float32
888d1f22b626ce64,PET_00618,Petrópolis,sentinel_raster_path_only,data/sentinel/patch_petropolis_00618.tif,yes,160236,"97x96x6;dtype=float64,float64,float64,float64,float64,float64",EPSG:32723,Petrópolis__sentinel_tif__patch_petropolis_00618,,HIGH_SCOPE_AND_SOURCE_REVIEW_REQUIRED,EMBEDDING_REVIEW_ONLY_READY,future_embedding_extraction_after_reviewer_approval,,"TIF_HEADER_ONLY_OK; bounds=694440.0,7514860.0,695410.0,7515820.0"
066dd7b9be4d1b65,PET_00618,Petrópolis,multimodal_stack_path_only,patches/stacks/petropolis/patch_petropolis_00618.npy,yes,163968,10x64x64,,Petrópolis__stack_npy__patch_petropolis_00618,,HIGH_SCOPE_AND_SOURCE_REVIEW_REQUIRED,EMBEDDING_REVIEW_ONLY_READY,future_embedding_extraction_after_reviewer_approval,,NPY_MMAP_HEADER_OK:float32
d66aede60a7f2241,PET_00641,Petrópolis,sentinel_raster_path_only,data/sentinel/patch_petropolis_00641.tif,yes,155089,"97x96x6;dtype=float64,float64,float64,float64,float64,float64",EPSG:32723,Petrópolis__sentinel_tif__patch_petropolis_00641,,HIGH_SCOPE_AND_SOURCE_REVIEW_REQUIRED,EMBEDDING_REVIEW_ONLY_READY,future_embedding_extraction_after_reviewer_approval,,"TIF_HEADER_ONLY_OK; bounds=683360.0,7515920.0,684330.0,7516880.0"
a53706bdc1758c19,PET_00641,Petrópolis,multimodal_stack_path_only,patches/stacks/petropolis/patch_petropolis_00641.npy,yes,163968,10x64x64,,Petrópolis__stack_npy__patch_petropolis_00641,,HIGH_SCOPE_AND_SOURCE_REVIEW_REQUIRED,EMBEDDING_REVIEW_ONLY_READY,future_embedding_extraction_after_reviewer_approval,,NPY_MMAP_HEADER_OK:float32
f429d09b1de1d57e,PET_00649,Petrópolis,sentinel_raster_path_only,data/sentinel/patch_petropolis_00649.tif,yes,165659,"96x96x6;dtype=float64,float64,float64,float64,float64,float64",EPSG:32723,Petrópolis__sentinel_tif__patch_petropolis_00649,,HIGH_SCOPE_AND_SOURCE_REVIEW_REQUIRED,EMBEDDING_REVIEW_ONLY_READY,future_embedding_extraction_after_reviewer_approval,,"TIF_HEADER_ONLY_OK; bounds=690760.0,7515830.0,691720.0,7516790.0"
4140bd077edfc250,PET_00649,Petrópolis,multimodal_stack_path_only,patches/stacks/petropolis/patch_petropolis_00649.npy,yes,163968,10x64x64,,Petrópolis__stack_npy__patch_petropolis_00649,,HIGH_SCOPE_AND_SOURCE_REVIEW_REQUIRED,EMBEDDING_REVIEW_ONLY_READY,future_embedding_extraction_after_reviewer_approval,,NPY_MMAP_HEADER_OK:float32
226c3fd13153c2b3,PET_00652,Petrópolis,sentinel_raster_path_only,data/sentinel/patch_petropolis_00652.tif,yes,160063,"97x96x6;dtype=float64,float64,float64,float64,float64,float64",EPSG:32723,Petrópolis__sentinel_tif__patch_petropolis_00652,,HIGH_SCOPE_AND_SOURCE_REVIEW_REQUIRED,EMBEDDING_REVIEW_ONLY_READY,future_embedding_extraction_after_reviewer_approval,,"TIF_HEADER_ONLY_OK; bounds=693530.0,7515790.0,694500.0,7516750.0"
1879c29dbf5e63aa,PET_00652,Petrópolis,multimodal_stack_path_only,patches/stacks/petropolis/patch_petropolis_00652.npy,yes,163968,10x64x64,,Petrópolis__stack_npy__patch_petropolis_00652,,HIGH_SCOPE_AND_SOURCE_REVIEW_REQUIRED,EMBEDDING_REVIEW_ONLY_READY,future_embedding_extraction_after_reviewer_approval,,NPY_MMAP_HEADER_OK:float32
4d6f549efadcc8f1,PET_00720,Petrópolis,sentinel_raster_path_only,data/sentinel/patch_petropolis_00720.tif,yes,160999,"96x96x6;dtype=float64,float64,float64,float64,float64,float64",EPSG:32723,Petrópolis__sentinel_tif__patch_petropolis_00720,,HIGH_SCOPE_AND_SOURCE_REVIEW_REQUIRED,EMBEDDING_REVIEW_ONLY_READY,future_embedding_extraction_after_reviewer_approval,,"TIF_HEADER_ONLY_OK; bounds=691710.0,7517650.0,692670.0,7518610.0"
700aa612e06fd91c,PET_00720,Petrópolis,multimodal_stack_path_only,patches/stacks/petropolis/patch_petropolis_00720.npy,yes,163968,10x64x64,,Petrópolis__stack_npy__patch_petropolis_00720,,HIGH_SCOPE_AND_SOURCE_REVIEW_REQUIRED,EMBEDDING_REVIEW_ONLY_READY,future_embedding_extraction_after_reviewer_approval,,NPY_MMAP_HEADER_OK:float32
b99dad3da2e06df0,PET_00756,Petrópolis,sentinel_raster_path_only,data/sentinel/patch_petropolis_00756.tif,yes,164753,"97x96x6;dtype=float64,float64,float64,float64,float64,float64",EPSG:32723,Petrópolis__sentinel_tif__patch_petropolis_00756,,HIGH_SCOPE_AND_SOURCE_REVIEW_REQUIRED,EMBEDDING_REVIEW_ONLY_READY,future_embedding_extraction_after_reviewer_approval,,"TIF_HEADER_ONLY_OK; bounds=692640.0,7518560.0,693610.0,7519520.0"
e75bfa5ed2e50c09,PET_00756,Petrópolis,multimodal_stack_path_only,patches/stacks/petropolis/patch_petropolis_00756.npy,yes,163968,10x64x64,,Petrópolis__stack_npy__patch_petropolis_00756,,HIGH_SCOPE_AND_SOURCE_REVIEW_REQUIRED,EMBEDDING_REVIEW_ONLY_READY,future_embedding_extraction_after_reviewer_approval,,NPY_MMAP_HEADER_OK:float32
ca3e86c4b23c78e2,PET_00789,Petrópolis,sentinel_raster_path_only,data/sentinel/patch_petropolis_00789.tif,yes,154885,"97x96x6;dtype=float64,float64,float64,float64,float64,float64",EPSG:32723,Petrópolis__sentinel_tif__patch_petropolis_00789,,HIGH_SCOPE_AND_SOURCE_REVIEW_REQUIRED,EMBEDDING_REVIEW_ONLY_READY,future_embedding_extraction_after_reviewer_approval,,"TIF_HEADER_ONLY_OK; bounds=690800.0,7519500.0,691770.0,7520460.0"
c010331bd182f93d,PET_00789,Petrópolis,multimodal_stack_path_only,patches/stacks/petropolis/patch_petropolis_00789.npy,yes,163968,10x64x64,,Petrópolis__stack_npy__patch_petropolis_00789,,HIGH_SCOPE_AND_SOURCE_REVIEW_REQUIRED,EMBEDDING_REVIEW_ONLY_READY,future_embedding_extraction_after_reviewer_approval,,NPY_MMAP_HEADER_OK:float32
f77370131f6af6f4,PET_00823,Petrópolis,sentinel_raster_path_only,data/sentinel/patch_petropolis_00823.tif,yes,160927,"97x96x6;dtype=float64,float64,float64,float64,float64,float64",EPSG:32723,Petrópolis__sentinel_tif__patch_petropolis_00823,,HIGH_SCOPE_AND_SOURCE_REVIEW_REQUIRED,EMBEDDING_REVIEW_ONLY_READY,future_embedding_extraction_after_reviewer_approval,,"TIF_HEADER_ONLY_OK; bounds=689890.0,7520440.0,690860.0,7521400.0"
be2337f943078080,PET_00823,Petrópolis,multimodal_stack_path_only,patches/stacks/petropolis/patch_petropolis_00823.npy,yes,163968,10x64x64,,Petrópolis__stack_npy__patch_petropolis_00823,,HIGH_SCOPE_AND_SOURCE_REVIEW_REQUIRED,EMBEDDING_REVIEW_ONLY_READY,future_embedding_extraction_after_reviewer_approval,,NPY_MMAP_HEADER_OK:float32
2b163dd443cf8359,PET_00825,Petrópolis,sentinel_raster_path_only,data/sentinel/patch_petropolis_00825.tif,yes,154888,"97x96x6;dtype=float64,float64,float64,float64,float64,float64",EPSG:32723,Petrópolis__sentinel_tif__patch_petropolis_00825,,HIGH_SCOPE_AND_SOURCE_REVIEW_REQUIRED,EMBEDDING_REVIEW_ONLY_READY,future_embedding_extraction_after_reviewer_approval,,"TIF_HEADER_ONLY_OK; bounds=691740.0,7520410.0,692710.0,7521370.0"
938eb220455de1d1,PET_00825,Petrópolis,multimodal_stack_path_only,patches/stacks/petropolis/patch_petropolis_00825.npy,yes,163968,10x64x64,,Petrópolis__stack_npy__patch_petropolis_00825,,HIGH_SCOPE_AND_SOURCE_REVIEW_REQUIRED,EMBEDDING_REVIEW_ONLY_READY,future_embedding_extraction_after_reviewer_approval,,NPY_MMAP_HEADER_OK:float32
d7675b83c6896d34,PET_00829,Petrópolis,sentinel_raster_path_only,data/sentinel/patch_petropolis_00829.tif,yes,154950,"97x96x6;dtype=float64,float64,float64,float64,float64,float64",EPSG:32723,Petrópolis__sentinel_tif__patch_petropolis_00829,,HIGH_SCOPE_AND_SOURCE_REVIEW_REQUIRED,EMBEDDING_REVIEW_ONLY_READY,future_embedding_extraction_after_reviewer_approval,,"TIF_HEADER_ONLY_OK; bounds=695440.0,7520370.0,696410.0,7521330.0"
e5f616ce747658ec,PET_00829,Petrópolis,multimodal_stack_path_only,patches/stacks/petropolis/patch_petropolis_00829.npy,yes,163968,10x64x64,,Petrópolis__stack_npy__patch_petropolis_00829,,HIGH_SCOPE_AND_SOURCE_REVIEW_REQUIRED,EMBEDDING_REVIEW_ONLY_READY,future_embedding_extraction_after_reviewer_approval,,NPY_MMAP_HEADER_OK:float32
a31c4a8fea21648e,PET_00860,Petrópolis,sentinel_raster_path_only,data/sentinel/patch_petropolis_00860.tif,yes,161676,"97x96x6;dtype=float64,float64,float64,float64,float64,float64",EPSG:32723,Petrópolis__sentinel_tif__patch_petropolis_00860,,HIGH_SCOPE_AND_SOURCE_REVIEW_REQUIRED,EMBEDDING_REVIEW_ONLY_READY,future_embedding_extraction_after_reviewer_approval,,"TIF_HEADER_ONLY_OK; bounds=691750.0,7521330.0,692720.0,7522290.0"
a3b8b6e98aaaf09f,PET_00860,Petrópolis,multimodal_stack_path_only,patches/stacks/petropolis/patch_petropolis_00860.npy,yes,163968,10x64x64,,Petrópolis__stack_npy__patch_petropolis_00860,,HIGH_SCOPE_AND_SOURCE_REVIEW_REQUIRED,EMBEDDING_REVIEW_ONLY_READY,future_embedding_extraction_after_reviewer_approval,,NPY_MMAP_HEADER_OK:float32
333f55b3867faa8f,PET_00863,Petrópolis,sentinel_raster_path_only,data/sentinel/patch_petropolis_00863.tif,yes,162037,"96x96x6;dtype=float64,float64,float64,float64,float64,float64",EPSG:32723,Petrópolis__sentinel_tif__patch_petropolis_00863,,HIGH_SCOPE_AND_SOURCE_REVIEW_REQUIRED,EMBEDDING_REVIEW_ONLY_READY,future_embedding_extraction_after_reviewer_approval,,"TIF_HEADER_ONLY_OK; bounds=694530.0,7521300.0,695490.0,7522260.0"
c5dc5f937605dde8,PET_00863,Petrópolis,multimodal_stack_path_only,patches/stacks/petropolis/patch_petropolis_00863.npy,yes,163968,10x64x64,,Petrópolis__stack_npy__patch_petropolis_00863,,HIGH_SCOPE_AND_SOURCE_REVIEW_REQUIRED,EMBEDDING_REVIEW_ONLY_READY,future_embedding_extraction_after_reviewer_approval,,NPY_MMAP_HEADER_OK:float32
bbd2f3f516a9d03f,PET_00865,Petrópolis,sentinel_raster_path_only,data/sentinel/patch_petropolis_00865.tif,yes,159140,"96x96x6;dtype=float64,float64,float64,float64,float64,float64",EPSG:32723,Petrópolis__sentinel_tif__patch_petropolis_00865,,HIGH_SCOPE_AND_SOURCE_REVIEW_REQUIRED,EMBEDDING_REVIEW_ONLY_READY,future_embedding_extraction_after_reviewer_approval,,"TIF_HEADER_ONLY_OK; bounds=696380.0,7521270.0,697340.0,7522230.0"
b46da44035ce87bd,PET_00865,Petrópolis,multimodal_stack_path_only,patches/stacks/petropolis/patch_petropolis_00865.npy,yes,163968,10x64x64,,Petrópolis__stack_npy__patch_petropolis_00865,,HIGH_SCOPE_AND_SOURCE_REVIEW_REQUIRED,EMBEDDING_REVIEW_ONLY_READY,future_embedding_extraction_after_reviewer_approval,,NPY_MMAP_HEADER_OK:float32
71c19bc87a195428,PET_00916,Petrópolis,sentinel_raster_path_only,data/sentinel/patch_petropolis_00916.tif,yes,160254,"97x96x6;dtype=float64,float64,float64,float64,float64,float64",EPSG:32723,Petrópolis__sentinel_tif__patch_petropolis_00916,,HIGH_SCOPE_AND_SOURCE_REVIEW_REQUIRED,EMBEDDING_REVIEW_ONLY_READY,future_embedding_extraction_after_reviewer_approval,,"TIF_HEADER_ONLY_OK; bounds=678820.0,7523330.0,679790.0,7524290.0"
6db3cef24ccef3b3,PET_00916,Petrópolis,multimodal_stack_path_only,patches/stacks/petropolis/patch_petropolis_00916.npy,yes,163968,10x64x64,,Petrópolis__stack_npy__patch_petropolis_00916,,HIGH_SCOPE_AND_SOURCE_REVIEW_REQUIRED,EMBEDDING_REVIEW_ONLY_READY,future_embedding_extraction_after_reviewer_approval,,NPY_MMAP_HEADER_OK:float32
0cde77e9c1575840,PET_00986,Petrópolis,sentinel_raster_path_only,data/sentinel/patch_petropolis_00986.tif,yes,154966,"97x96x6;dtype=float64,float64,float64,float64,float64,float64",EPSG:32723,Petrópolis__sentinel_tif__patch_petropolis_00986,,HIGH_SCOPE_AND_SOURCE_REVIEW_REQUIRED,EMBEDDING_REVIEW_ONLY_READY,future_embedding_extraction_after_reviewer_approval,,"TIF_HEADER_ONLY_OK; bounds=678840.0,7525170.0,679810.0,7526130.0"
ce5262503cdedf6a,PET_00986,Petrópolis,multimodal_stack_path_only,patches/stacks/petropolis/patch_petropolis_00986.npy,yes,163968,10x64x64,,Petrópolis__stack_npy__patch_petropolis_00986,,HIGH_SCOPE_AND_SOURCE_REVIEW_REQUIRED,EMBEDDING_REVIEW_ONLY_READY,future_embedding_extraction_after_reviewer_approval,,NPY_MMAP_HEADER_OK:float32
e05df0f62e418ae5,PET_01307,Petrópolis,sentinel_raster_path_only,data/sentinel/patch_petropolis_01307.tif,yes,155571,"97x96x6;dtype=float64,float64,float64,float64,float64,float64",EPSG:32723,Petrópolis__sentinel_tif__patch_petropolis_01307,,HIGH_SCOPE_AND_SOURCE_REVIEW_REQUIRED,EMBEDDING_REVIEW_ONLY_READY,future_embedding_extraction_after_reviewer_approval,,"TIF_HEADER_ONLY_OK; bounds=684490.0,7533380.0,685460.0,7534340.0"
dda66e54fa7c5b51,PET_01307,Petrópolis,multimodal_stack_path_only,patches/stacks/petropolis/patch_petropolis_01307.npy,yes,163968,10x64x64,,Petrópolis__stack_npy__patch_petropolis_01307,,HIGH_SCOPE_AND_SOURCE_REVIEW_REQUIRED,EMBEDDING_REVIEW_ONLY_READY,future_embedding_extraction_after_reviewer_approval,,NPY_MMAP_HEADER_OK:float32
b03e03c6228a12e0,PET_01323,Petrópolis,sentinel_raster_path_only,data/sentinel/patch_petropolis_01323.tif,yes,156507,"97x96x6;dtype=float64,float64,float64,float64,float64,float64",EPSG:32723,Petrópolis__sentinel_tif__patch_petropolis_01323,,HIGH_SCOPE_AND_SOURCE_REVIEW_REQUIRED,EMBEDDING_REVIEW_ONLY_READY,future_embedding_extraction_after_reviewer_approval,,"TIF_HEADER_ONLY_OK; bounds=699300.0,7533200.0,700270.0,7534160.0"
aa701551528b3c38,PET_01323,Petrópolis,multimodal_stack_path_only,patches/stacks/petropolis/patch_petropolis_01323.npy,yes,163968,10x64x64,,Petrópolis__stack_npy__patch_petropolis_01323,,HIGH_SCOPE_AND_SOURCE_REVIEW_REQUIRED,EMBEDDING_REVIEW_ONLY_READY,future_embedding_extraction_after_reviewer_approval,,NPY_MMAP_HEADER_OK:float32
2f83811f9a21917a,PET_01349,Petrópolis,sentinel_raster_path_only,data/sentinel/patch_petropolis_01349.tif,yes,153957,"97x97x6;dtype=float64,float64,float64,float64,float64,float64",EPSG:32723,Petrópolis__sentinel_tif__patch_petropolis_01349,,HIGH_SCOPE_AND_SOURCE_REVIEW_REQUIRED,EMBEDDING_REVIEW_ONLY_READY,future_embedding_extraction_after_reviewer_approval,,"TIF_HEADER_ONLY_OK; bounds=690980.0,7534220.0,691950.0,7535190.0"
7a612be3a61d97c7,PET_01352,Petrópolis,sentinel_raster_path_only,data/sentinel/patch_petropolis_01352.tif,yes,160429,"97x96x6;dtype=float64,float64,float64,float64,float64,float64",EPSG:32723,Petrópolis__sentinel_tif__patch_petropolis_01352,,HIGH_SCOPE_AND_SOURCE_REVIEW_REQUIRED,EMBEDDING_REVIEW_ONLY_READY,future_embedding_extraction_after_reviewer_approval,,"TIF_HEADER_ONLY_OK; bounds=693760.0,7534190.0,694730.0,7535150.0"
ee9b793a371b36a8,PET_01352,Petrópolis,multimodal_stack_path_only,patches/stacks/petropolis/patch_petropolis_01352.npy,yes,163968,10x64x64,,Petrópolis__stack_npy__patch_petropolis_01352,,HIGH_SCOPE_AND_SOURCE_REVIEW_REQUIRED,EMBEDDING_REVIEW_ONLY_READY,future_embedding_extraction_after_reviewer_approval,,NPY_MMAP_HEADER_OK:float32
95b5532160a129aa,PET_01386,Petrópolis,sentinel_raster_path_only,data/sentinel/patch_petropolis_01386.tif,yes,156510,"96x96x6;dtype=float64,float64,float64,float64,float64,float64",EPSG:32723,Petrópolis__sentinel_tif__patch_petropolis_01386,,HIGH_SCOPE_AND_SOURCE_REVIEW_REQUIRED,EMBEDDING_REVIEW_ONLY_READY,future_embedding_extraction_after_reviewer_approval,,"TIF_HEADER_ONLY_OK; bounds=692850.0,7535120.0,693810.0,7536080.0"
ca9d897d63a7c853,PET_01386,Petrópolis,multimodal_stack_path_only,patches/stacks/petropolis/patch_petropolis_01386.npy,yes,163968,10x64x64,,Petrópolis__stack_npy__patch_petropolis_01386,,HIGH_SCOPE_AND_SOURCE_REVIEW_REQUIRED,EMBEDDING_REVIEW_ONLY_READY,future_embedding_extraction_after_reviewer_approval,,NPY_MMAP_HEADER_OK:float32
5152bf2f6bf19eaf,PET_01403,Petrópolis,sentinel_raster_path_only,data/sentinel/patch_petropolis_01403.tif,yes,155547,"97x96x6;dtype=float64,float64,float64,float64,float64,float64",EPSG:32723,Petrópolis__sentinel_tif__patch_petropolis_01403,,HIGH_SCOPE_AND_SOURCE_REVIEW_REQUIRED,EMBEDDING_REVIEW_ONLY_READY,future_embedding_extraction_after_reviewer_approval,,"TIF_HEADER_ONLY_OK; bounds=676190.0,7536240.0,677160.0,7537200.0"
08ab825222c438bb,PET_01403,Petrópolis,multimodal_stack_path_only,patches/stacks/petropolis/patch_petropolis_01403.npy,yes,163968,10x64x64,,Petrópolis__stack_npy__patch_petropolis_01403,,HIGH_SCOPE_AND_SOURCE_REVIEW_REQUIRED,EMBEDDING_REVIEW_ONLY_READY,future_embedding_extraction_after_reviewer_approval,,NPY_MMAP_HEADER_OK:float32
11466fcdfb772b83,PET_01458,Petrópolis,sentinel_raster_path_only,data/sentinel/patch_petropolis_01458.tif,yes,160173,"97x96x6;dtype=float64,float64,float64,float64,float64,float64",EPSG:32723,Petrópolis__sentinel_tif__patch_petropolis_01458,,HIGH_SCOPE_AND_SOURCE_REVIEW_REQUIRED,EMBEDDING_REVIEW_ONLY_READY,future_embedding_extraction_after_reviewer_approval,,"TIF_HEADER_ONLY_OK; bounds=694720.0,7536940.0,695690.0,7537900.0"
8b9063a5efff7477,PET_01458,Petrópolis,multimodal_stack_path_only,patches/stacks/petropolis/patch_petropolis_01458.npy,yes,163968,10x64x64,,Petrópolis__stack_npy__patch_petropolis_01458,,HIGH_SCOPE_AND_SOURCE_REVIEW_REQUIRED,EMBEDDING_REVIEW_ONLY_READY,future_embedding_extraction_after_reviewer_approval,,NPY_MMAP_HEADER_OK:float32
eb11663726bba27f,PET_01478,Petrópolis,sentinel_raster_path_only,data/sentinel/patch_petropolis_01478.tif,yes,157063,"97x96x6;dtype=float64,float64,float64,float64,float64,float64",EPSG:32723,Petrópolis__sentinel_tif__patch_petropolis_01478,,HIGH_SCOPE_AND_SOURCE_REVIEW_REQUIRED,EMBEDDING_REVIEW_ONLY_READY,future_embedding_extraction_after_reviewer_approval,,"TIF_HEADER_ONLY_OK; bounds=680840.0,7538030.0,681810.0,7538990.0"
e0e0b321be14838c,PET_01483,Petrópolis,sentinel_raster_path_only,data/sentinel/patch_petropolis_01483.tif,yes,159858,"97x96x6;dtype=float64,float64,float64,float64,float64,float64",EPSG:32723,Petrópolis__sentinel_tif__patch_petropolis_01483,,HIGH_SCOPE_AND_SOURCE_REVIEW_REQUIRED,EMBEDDING_REVIEW_ONLY_READY,future_embedding_extraction_after_reviewer_approval,,"TIF_HEADER_ONLY_OK; bounds=685470.0,7537970.0,686440.0,7538930.0"
f2ad03e08db0ccb4,PET_01488,Petrópolis,sentinel_raster_path_only,data/sentinel/patch_petropolis_01488.tif,yes,157062,"97x96x6;dtype=float64,float64,float64,float64,float64,float64",EPSG:32723,Petrópolis__sentinel_tif__patch_petropolis_01488,,HIGH_SCOPE_AND_SOURCE_REVIEW_REQUIRED,EMBEDDING_REVIEW_ONLY_READY,future_embedding_extraction_after_reviewer_approval,,"TIF_HEADER_ONLY_OK; bounds=690100.0,7537920.0,691070.0,7538880.0"
d4cd1ba331568a0d,PET_01488,Petrópolis,multimodal_stack_path_only,patches/stacks/petropolis/patch_petropolis_01488.npy,yes,163968,10x64x64,,Petrópolis__stack_npy__patch_petropolis_01488,,HIGH_SCOPE_AND_SOURCE_REVIEW_REQUIRED,EMBEDDING_REVIEW_ONLY_READY,future_embedding_extraction_after_reviewer_approval,,NPY_MMAP_HEADER_OK:float32
d3d5ed24b1446e38,PET_01495,Petrópolis,sentinel_raster_path_only,data/sentinel/patch_petropolis_01495.tif,yes,157278,"96x96x6;dtype=float64,float64,float64,float64,float64,float64",EPSG:32723,Petrópolis__sentinel_tif__patch_petropolis_01495,,HIGH_SCOPE_AND_SOURCE_REVIEW_REQUIRED,EMBEDDING_REVIEW_ONLY_READY,future_embedding_extraction_after_reviewer_approval,,"TIF_HEADER_ONLY_OK; bounds=696590.0,7537840.0,697550.0,7538800.0"
58bb3c7c7bf6561d,PET_01495,Petrópolis,multimodal_stack_path_only,patches/stacks/petropolis/patch_petropolis_01495.npy,yes,163968,10x64x64,,Petrópolis__stack_npy__patch_petropolis_01495,,HIGH_SCOPE_AND_SOURCE_REVIEW_REQUIRED,EMBEDDING_REVIEW_ONLY_READY,future_embedding_extraction_after_reviewer_approval,,NPY_MMAP_HEADER_OK:float32
e07eacbc8a366650,REC_00019,Recife,sentinel_raster_path_only,data/sentinel/patch_recife_00019.tif,yes,167590,"103x101x6;dtype=float64,float64,float64,float64,float64,float64",EPSG:32725,Recife__sentinel_tif__patch_recife_00019,,HIGH_SCOPE_AND_SOURCE_REVIEW_REQUIRED,EMBEDDING_REVIEW_ONLY_READY,future_embedding_extraction_after_reviewer_approval,,"TIF_HEADER_ONLY_OK; bounds=280830.0,9090040.0,281860.0,9091050.0"
37c34f5a6f1e21e2,REC_00183,Recife,sentinel_raster_path_only,data/sentinel/patch_recife_00183.tif,yes,178659,"102x101x6;dtype=float64,float64,float64,float64,float64,float64",EPSG:32725,Recife__sentinel_tif__patch_recife_00183,,HIGH_SCOPE_AND_SOURCE_REVIEW_REQUIRED,EMBEDDING_REVIEW_ONLY_READY,future_embedding_extraction_after_reviewer_approval,,"TIF_HEADER_ONLY_OK; bounds=283770.0,9096940.0,284790.0,9097950.0"
f7d34b2045dd441d,REC_00204,Recife,sentinel_raster_path_only,data/sentinel/patch_recife_00204.tif,yes,180707,"103x102x6;dtype=float64,float64,float64,float64,float64,float64",EPSG:32725,Recife__sentinel_tif__patch_recife_00204,,HIGH_SCOPE_AND_SOURCE_REVIEW_REQUIRED,EMBEDDING_REVIEW_ONLY_READY,future_embedding_extraction_after_reviewer_approval,,"TIF_HEADER_ONLY_OK; bounds=281780.0,9097910.0,282810.0,9098930.0"
bc6e6d18b88e7293,REC_00205,Recife,sentinel_raster_path_only,data/sentinel/patch_recife_00205.tif,yes,181541,"103x102x6;dtype=float64,float64,float64,float64,float64,float64",EPSG:32725,Recife__sentinel_tif__patch_recife_00205,,HIGH_SCOPE_AND_SOURCE_REVIEW_REQUIRED,EMBEDDING_REVIEW_ONLY_READY,future_embedding_extraction_after_reviewer_approval,,"TIF_HEADER_ONLY_OK; bounds=282770.0,9097910.0,283800.0,9098930.0"
7e4673aa5e1b50e0,REC_00227,Recife,sentinel_raster_path_only,data/sentinel/patch_recife_00227.tif,yes,177803,"102x102x6;dtype=float64,float64,float64,float64,float64,float64",EPSG:32725,Recife__sentinel_tif__patch_recife_00227,,HIGH_SCOPE_AND_SOURCE_REVIEW_REQUIRED,EMBEDDING_REVIEW_ONLY_READY,future_embedding_extraction_after_reviewer_approval,,"TIF_HEADER_ONLY_OK; bounds=281780.0,9098890.0,282800.0,9099910.0"
a7a9a0ba42013fd4,REC_00260,Recife,sentinel_raster_path_only,data/sentinel/patch_recife_00260.tif,yes,175932,"102x101x6;dtype=float64,float64,float64,float64,float64,float64",EPSG:32725,Recife__sentinel_tif__patch_recife_00260,,HIGH_SCOPE_AND_SOURCE_REVIEW_REQUIRED,EMBEDDING_REVIEW_ONLY_READY,future_embedding_extraction_after_reviewer_approval,,"TIF_HEADER_ONLY_OK; bounds=268900.0,9100800.0,269920.0,9101810.0"
025caa85963a0770,REC_00276,Recife,sentinel_raster_path_only,data/sentinel/patch_recife_00276.tif,yes,174724,"102x102x6;dtype=float64,float64,float64,float64,float64,float64",EPSG:32725,Recife__sentinel_tif__patch_recife_00276,,HIGH_SCOPE_AND_SOURCE_REVIEW_REQUIRED,EMBEDDING_REVIEW_ONLY_READY,future_embedding_extraction_after_reviewer_approval,,"TIF_HEADER_ONLY_OK; bounds=284740.0,9100870.0,285760.0,9101890.0"
5b00df799cfcdb0b,REC_00279,Recife,sentinel_raster_path_only,data/sentinel/patch_recife_00279.tif,yes,172492,"103x102x6;dtype=float64,float64,float64,float64,float64,float64",EPSG:32725,Recife__sentinel_tif__patch_recife_00279,,HIGH_SCOPE_AND_SOURCE_REVIEW_REQUIRED,EMBEDDING_REVIEW_ONLY_READY,future_embedding_extraction_after_reviewer_approval,,"TIF_HEADER_ONLY_OK; bounds=264930.0,9101760.0,265960.0,9102780.0"
4df01ab3609f3bea,REC_00289,Recife,sentinel_raster_path_only,data/sentinel/patch_recife_00289.tif,yes,176478,"103x102x6;dtype=float64,float64,float64,float64,float64,float64",EPSG:32725,Recife__sentinel_tif__patch_recife_00289,,HIGH_SCOPE_AND_SOURCE_REVIEW_REQUIRED,EMBEDDING_REVIEW_ONLY_READY,future_embedding_extraction_after_reviewer_approval,,"TIF_HEADER_ONLY_OK; bounds=274830.0,9101810.0,275860.0,9102830.0"
e98c2a534409dc27,REC_00289,Recife,multimodal_stack_path_only,patches/stacks/recife/patch_recife_00289.npy,yes,163968,10x64x64,,Recife__stack_npy__patch_recife_00289,,HIGH_SCOPE_AND_SOURCE_REVIEW_REQUIRED,EMBEDDING_REVIEW_ONLY_READY,future_embedding_extraction_after_reviewer_approval,,NPY_MMAP_HEADER_OK:float32
96d7799feeeed728,REC_00290,Recife,sentinel_raster_path_only,data/sentinel/patch_recife_00290.tif,yes,181090,"103x102x6;dtype=float64,float64,float64,float64,float64,float64",EPSG:32725,Recife__sentinel_tif__patch_recife_00290,,HIGH_SCOPE_AND_SOURCE_REVIEW_REQUIRED,EMBEDDING_REVIEW_ONLY_READY,future_embedding_extraction_after_reviewer_approval,,"TIF_HEADER_ONLY_OK; bounds=275820.0,9101810.0,276850.0,9102830.0"
e07439dd6ca21f1a,REC_00291,Recife,sentinel_raster_path_only,data/sentinel/patch_recife_00291.tif,yes,175768,"103x102x6;dtype=float64,float64,float64,float64,float64,float64",EPSG:32725,Recife__sentinel_tif__patch_recife_00291,,HIGH_SCOPE_AND_SOURCE_REVIEW_REQUIRED,EMBEDDING_REVIEW_ONLY_READY,future_embedding_extraction_after_reviewer_approval,,"TIF_HEADER_ONLY_OK; bounds=276810.0,9101820.0,277840.0,9102840.0"
4533208693183fd6,REC_00292,Recife,sentinel_raster_path_only,data/sentinel/patch_recife_00292.tif,yes,181099,"103x102x6;dtype=float64,float64,float64,float64,float64,float64",EPSG:32725,Recife__sentinel_tif__patch_recife_00292,,HIGH_SCOPE_AND_SOURCE_REVIEW_REQUIRED,EMBEDDING_REVIEW_ONLY_READY,future_embedding_extraction_after_reviewer_approval,,"TIF_HEADER_ONLY_OK; bounds=277800.0,9101820.0,278830.0,9102840.0"
d04f3b60f00dfa1f,REC_00294,Recife,sentinel_raster_path_only,data/sentinel/patch_recife_00294.tif,yes,180531,"103x102x6;dtype=float64,float64,float64,float64,float64,float64",EPSG:32725,Recife__sentinel_tif__patch_recife_00294,,HIGH_SCOPE_AND_SOURCE_REVIEW_REQUIRED,EMBEDDING_REVIEW_ONLY_READY,future_embedding_extraction_after_reviewer_approval,,"TIF_HEADER_ONLY_OK; bounds=279780.0,9101830.0,280810.0,9102850.0"
ef25187838e6b508,REC_00296,Recife,sentinel_raster_path_only,data/sentinel/patch_recife_00296.tif,yes,176340,"103x102x6;dtype=float64,float64,float64,float64,float64,float64",EPSG:32725,Recife__sentinel_tif__patch_recife_00296,,HIGH_SCOPE_AND_SOURCE_REVIEW_REQUIRED,EMBEDDING_REVIEW_ONLY_READY,future_embedding_extraction_after_reviewer_approval,,"TIF_HEADER_ONLY_OK; bounds=281760.0,9101840.0,282790.0,9102860.0"
71294b6a2a591acf,REC_00299,Recife,sentinel_raster_path_only,data/sentinel/patch_recife_00299.tif,yes,172993,"102x102x6;dtype=float64,float64,float64,float64,float64,float64",EPSG:32725,Recife__sentinel_tif__patch_recife_00299,,HIGH_SCOPE_AND_SOURCE_REVIEW_REQUIRED,EMBEDDING_REVIEW_ONLY_READY,future_embedding_extraction_after_reviewer_approval,,"TIF_HEADER_ONLY_OK; bounds=284740.0,9101860.0,285760.0,9102880.0"
529562b8928a0c77,REC_00302,Recife,sentinel_raster_path_only,data/sentinel/patch_recife_00302.tif,yes,176021,"103x102x6;dtype=float64,float64,float64,float64,float64,float64",EPSG:32725,Recife__sentinel_tif__patch_recife_00302,,HIGH_SCOPE_AND_SOURCE_REVIEW_REQUIRED,EMBEDDING_REVIEW_ONLY_READY,future_embedding_extraction_after_reviewer_approval,,"TIF_HEADER_ONLY_OK; bounds=264920.0,9102740.0,265950.0,9103760.0"
90a8891c5876e143,REC_00313,Recife,sentinel_raster_path_only,data/sentinel/patch_recife_00313.tif,yes,172897,"102x102x6;dtype=float64,float64,float64,float64,float64,float64",EPSG:32725,Recife__sentinel_tif__patch_recife_00313,,HIGH_SCOPE_AND_SOURCE_REVIEW_REQUIRED,EMBEDDING_REVIEW_ONLY_READY,future_embedding_extraction_after_reviewer_approval,,"TIF_HEADER_ONLY_OK; bounds=275820.0,9102800.0,276840.0,9103820.0"
dde62e484b858d75,REC_00314,Recife,sentinel_raster_path_only,data/sentinel/patch_recife_00314.tif,yes,172751,"102x102x6;dtype=float64,float64,float64,float64,float64,float64",EPSG:32725,Recife__sentinel_tif__patch_recife_00314,,HIGH_SCOPE_AND_SOURCE_REVIEW_REQUIRED,EMBEDDING_REVIEW_ONLY_READY,future_embedding_extraction_after_reviewer_approval,,"TIF_HEADER_ONLY_OK; bounds=276810.0,9102800.0,277830.0,9103820.0"
915fb2786ece3538,REC_00354,Recife,sentinel_raster_path_only,data/sentinel/patch_recife_00354.tif,yes,170930,"102x102x6;dtype=float64,float64,float64,float64,float64,float64",EPSG:32725,Recife__sentinel_tif__patch_recife_00354,,HIGH_SCOPE_AND_SOURCE_REVIEW_REQUIRED,EMBEDDING_REVIEW_ONLY_READY,future_embedding_extraction_after_reviewer_approval,,"TIF_HEADER_ONLY_OK; bounds=270860.0,9104740.0,271880.0,9105760.0"
67bb88f906913200,REC_00355,Recife,sentinel_raster_path_only,data/sentinel/patch_recife_00355.tif,yes,165661,"102x101x6;dtype=float64,float64,float64,float64,float64,float64",EPSG:32725,Recife__sentinel_tif__patch_recife_00355,,HIGH_SCOPE_AND_SOURCE_REVIEW_REQUIRED,EMBEDDING_REVIEW_ONLY_READY,future_embedding_extraction_after_reviewer_approval,,"TIF_HEADER_ONLY_OK; bounds=271850.0,9104750.0,272870.0,9105760.0"
5ba50ec9a949eb00,REC_00364,Recife,sentinel_raster_path_only,data/sentinel/patch_recife_00364.tif,yes,173512,"102x102x6;dtype=float64,float64,float64,float64,float64,float64",EPSG:32725,Recife__sentinel_tif__patch_recife_00364,,HIGH_SCOPE_AND_SOURCE_REVIEW_REQUIRED,EMBEDDING_REVIEW_ONLY_READY,future_embedding_extraction_after_reviewer_approval,,"TIF_HEADER_ONLY_OK; bounds=280760.0,9104790.0,281780.0,9105810.0"
e52c3555a905d99c,REC_00388,Recife,sentinel_raster_path_only,data/sentinel/patch_recife_00388.tif,yes,178052,"102x102x6;dtype=float64,float64,float64,float64,float64,float64",EPSG:32725,Recife__sentinel_tif__patch_recife_00388,,HIGH_SCOPE_AND_SOURCE_REVIEW_REQUIRED,EMBEDDING_REVIEW_ONLY_READY,future_embedding_extraction_after_reviewer_approval,,"TIF_HEADER_ONLY_OK; bounds=281750.0,9105780.0,282770.0,9106800.0"
41a529bc87c11fdc,REC_00458,Recife,sentinel_raster_path_only,data/sentinel/patch_recife_00458.tif,yes,172865,"103x101x6;dtype=float64,float64,float64,float64,float64,float64",EPSG:32725,Recife__sentinel_tif__patch_recife_00458,,HIGH_SCOPE_AND_SOURCE_REVIEW_REQUIRED,EMBEDDING_REVIEW_ONLY_READY,future_embedding_extraction_after_reviewer_approval,,"TIF_HEADER_ONLY_OK; bounds=282720.0,9108740.0,283750.0,9109750.0"
fdb61fdcfde4bc2e,REC_00460,Recife,sentinel_raster_path_only,data/sentinel/patch_recife_00460.tif,yes,171604,"103x101x6;dtype=float64,float64,float64,float64,float64,float64",EPSG:32725,Recife__sentinel_tif__patch_recife_00460,,HIGH_SCOPE_AND_SOURCE_REVIEW_REQUIRED,EMBEDDING_REVIEW_ONLY_READY,future_embedding_extraction_after_reviewer_approval,,"TIF_HEADER_ONLY_OK; bounds=284700.0,9108750.0,285730.0,9109760.0"
a79efe7351aa4752,REC_00481,Recife,sentinel_raster_path_only,data/sentinel/patch_recife_00481.tif,yes,165492,"102x102x6;dtype=float64,float64,float64,float64,float64,float64",EPSG:32725,Recife__sentinel_tif__patch_recife_00481,,HIGH_SCOPE_AND_SOURCE_REVIEW_REQUIRED,EMBEDDING_REVIEW_ONLY_READY,future_embedding_extraction_after_reviewer_approval,,"TIF_HEADER_ONLY_OK; bounds=282720.0,9109720.0,283740.0,9110740.0"
c03d1988bd9bb68e,REC_00482,Recife,sentinel_raster_path_only,data/sentinel/patch_recife_00482.tif,yes,178088,"102x102x6;dtype=float64,float64,float64,float64,float64,float64",EPSG:32725,Recife__sentinel_tif__patch_recife_00482,,HIGH_SCOPE_AND_SOURCE_REVIEW_REQUIRED,EMBEDDING_REVIEW_ONLY_READY,future_embedding_extraction_after_reviewer_approval,,"TIF_HEADER_ONLY_OK; bounds=283710.0,9109720.0,284730.0,9110740.0"
90d4c51a5b642169,REC_00483,Recife,sentinel_raster_path_only,data/sentinel/patch_recife_00483.tif,yes,176445,"102x102x6;dtype=float64,float64,float64,float64,float64,float64",EPSG:32725,Recife__sentinel_tif__patch_recife_00483,,HIGH_SCOPE_AND_SOURCE_REVIEW_REQUIRED,EMBEDDING_REVIEW_ONLY_READY,future_embedding_extraction_after_reviewer_approval,,"TIF_HEADER_ONLY_OK; bounds=284700.0,9109730.0,285720.0,9110750.0"
afbd733bbdabee02,REC_00501,Recife,sentinel_raster_path_only,data/sentinel/patch_recife_00501.tif,yes,181932,"103x102x6;dtype=float64,float64,float64,float64,float64,float64",EPSG:32725,Recife__sentinel_tif__patch_recife_00501,,HIGH_SCOPE_AND_SOURCE_REVIEW_REQUIRED,EMBEDDING_REVIEW_ONLY_READY,future_embedding_extraction_after_reviewer_approval,,"TIF_HEADER_ONLY_OK; bounds=279740.0,9110690.0,280770.0,9111710.0"
68c3546f05cc023c,REC_00502,Recife,sentinel_raster_path_only,data/sentinel/patch_recife_00502.tif,yes,181013,"103x102x6;dtype=float64,float64,float64,float64,float64,float64",EPSG:32725,Recife__sentinel_tif__patch_recife_00502,,HIGH_SCOPE_AND_SOURCE_REVIEW_REQUIRED,EMBEDDING_REVIEW_ONLY_READY,future_embedding_extraction_after_reviewer_approval,,"TIF_HEADER_ONLY_OK; bounds=280730.0,9110690.0,281760.0,9111710.0"
59f4370d80a27e1d,REC_00503,Recife,sentinel_raster_path_only,data/sentinel/patch_recife_00503.tif,yes,176757,"103x102x6;dtype=float64,float64,float64,float64,float64,float64",EPSG:32725,Recife__sentinel_tif__patch_recife_00503,,HIGH_SCOPE_AND_SOURCE_REVIEW_REQUIRED,EMBEDDING_REVIEW_ONLY_READY,future_embedding_extraction_after_reviewer_approval,,"TIF_HEADER_ONLY_OK; bounds=281720.0,9110700.0,282750.0,9111720.0"
d2283f0776744467,REC_00505,Recife,sentinel_raster_path_only,data/sentinel/patch_recife_00505.tif,yes,176311,"103x102x6;dtype=float64,float64,float64,float64,float64,float64",EPSG:32725,Recife__sentinel_tif__patch_recife_00505,,HIGH_SCOPE_AND_SOURCE_REVIEW_REQUIRED,EMBEDDING_REVIEW_ONLY_READY,future_embedding_extraction_after_reviewer_approval,,"TIF_HEADER_ONLY_OK; bounds=283700.0,9110710.0,284730.0,9111730.0"
e0d7e9d725b97524,REC_00506,Recife,sentinel_raster_path_only,data/sentinel/patch_recife_00506.tif,yes,180783,"103x102x6;dtype=float64,float64,float64,float64,float64,float64",EPSG:32725,Recife__sentinel_tif__patch_recife_00506,,HIGH_SCOPE_AND_SOURCE_REVIEW_REQUIRED,EMBEDDING_REVIEW_ONLY_READY,future_embedding_extraction_after_reviewer_approval,,"TIF_HEADER_ONLY_OK; bounds=284690.0,9110710.0,285720.0,9111730.0"
7b3eb11def97a0c1,REC_00525,Recife,sentinel_raster_path_only,data/sentinel/patch_recife_00525.tif,yes,176481,"102x102x6;dtype=float64,float64,float64,float64,float64,float64",EPSG:32725,Recife__sentinel_tif__patch_recife_00525,,HIGH_SCOPE_AND_SOURCE_REVIEW_REQUIRED,EMBEDDING_REVIEW_ONLY_READY,future_embedding_extraction_after_reviewer_approval,,"TIF_HEADER_ONLY_OK; bounds=280730.0,9111680.0,281750.0,9112700.0"
dc6523c4350741c4,REC_00526,Recife,sentinel_raster_path_only,data/sentinel/patch_recife_00526.tif,yes,178593,"102x102x6;dtype=float64,float64,float64,float64,float64,float64",EPSG:32725,Recife__sentinel_tif__patch_recife_00526,,HIGH_SCOPE_AND_SOURCE_REVIEW_REQUIRED,EMBEDDING_REVIEW_ONLY_READY,future_embedding_extraction_after_reviewer_approval,,"TIF_HEADER_ONLY_OK; bounds=281720.0,9111680.0,282740.0,9112700.0"
3ddcf1ea1e54b391,REC_00529,Recife,sentinel_raster_path_only,data/sentinel/patch_recife_00529.tif,yes,176457,"102x102x6;dtype=float64,float64,float64,float64,float64,float64",EPSG:32725,Recife__sentinel_tif__patch_recife_00529,,HIGH_SCOPE_AND_SOURCE_REVIEW_REQUIRED,EMBEDDING_REVIEW_ONLY_READY,future_embedding_extraction_after_reviewer_approval,,"TIF_HEADER_ONLY_OK; bounds=284690.0,9111700.0,285710.0,9112720.0"
8f32b58bbce97cd4,REC_00548,Recife,sentinel_raster_path_only,data/sentinel/patch_recife_00548.tif,yes,176448,"103x102x6;dtype=float64,float64,float64,float64,float64,float64",EPSG:32725,Recife__sentinel_tif__patch_recife_00548,,HIGH_SCOPE_AND_SOURCE_REVIEW_REQUIRED,EMBEDDING_REVIEW_ONLY_READY,future_embedding_extraction_after_reviewer_approval,,"TIF_HEADER_ONLY_OK; bounds=280720.0,9112660.0,281750.0,9113680.0"
4425022e71699b1d,REC_00550,Recife,sentinel_raster_path_only,data/sentinel/patch_recife_00550.tif,yes,177209,"103x102x6;dtype=float64,float64,float64,float64,float64,float64",EPSG:32725,Recife__sentinel_tif__patch_recife_00550,,HIGH_SCOPE_AND_SOURCE_REVIEW_REQUIRED,EMBEDDING_REVIEW_ONLY_READY,future_embedding_extraction_after_reviewer_approval,,"TIF_HEADER_ONLY_OK; bounds=282700.0,9112670.0,283730.0,9113690.0"
